"Owner","Property Address","Control Map","Group","Parcel","Special Interest","Parcel ID","Subdivision","Lot","Class","Sale Date"
"1001 WEST MAIN LLC","WEST MAIN STREET  1001","160O","D","010.01","000","160O D 01001 000","JOE H. CORLEY","2","Commercial","1/31/2007"
"104 EMILY TRUST REALTY INVESTMENTS GROUP LLC","EMILY LANE  104","033O","D","017.00","000","033O D 01700 000","RICHLAND VILLAGE SUB","16","Commercial","1/8/2022"
"1050 WOODY LLC","WOODY LANE  1050","118","","011.00","000","118    01100 000","KIRBY SUB RESUB-KIRB","1B-1","Commercial","5/13/2020"
"1054 LOUISVILLE HWY LLC","LOUISVILLE HWY  1054","140","","075.00","000","140    07500 000","","","Commercial","6/30/2021"
"1054 LOUISVILLE HWY LLC","LOUISVILLE HWY  1050","140","","076.00","000","140    07600 000","","","Commercial","8/12/2021"
"107 EMILY TRUST REALTY INVESTMENT GROUP LLC","EMILY LANE  107","033O","D","008.00","000","033O D 00800 000","RICHLAND VILLAGE SUB","7","Commercial","3/14/2024"
"1070 W MAIN STREET LLC","WEST MAIN STREET  1070","160","","048.02","000","160    04802 000","ARBORS OF HENDERSONV","2","Commercial","2/2/2022"
"1070 W MAIN STREET LLC","WEST MAIN STREET  1070","160","","048.02","001","160    04802 001","","","Commercial","2/2/2022"
"108 EMILY TRUST REALTY INVESTMENT GROUP LLC","EMILY LANE  108","033O","D","015.00","000","033O D 01500 000","RICHLAND VILLAGE SUB","14","Commercial","1/8/2022"
"109 EMILY TRUST REALTY INVESTMENT GROUP LLC","EMILY LANE  109","033O","D","009.00","000","033O D 00900 000","RICHLAND VILLAGE SUB","8","Commercial","1/8/2022"
"110 EMILY TRUST REALTY INVESTMENT GROUP LLC","EMILY LANE  110","033O","D","014.00","000","033O D 01400 000","RICHLAND VILLAGE SUB","13","Commercial","1/8/2022"
"111 EMILY TRUST REALTY INVESTMENTS GROUP LLC","EMILY LANE  111","033O","D","010.00","000","033O D 01000 000","RICHLAND VILLAGE SUB","9","Commercial","3/14/2024"
"111 NORTH TRIGG GP","TRIGG AVENUE NORTH  111","113N","E","021.00","000","113N E 02100 000","","","Commercial","5/19/2025"
"112 EMILY TRUST REALTY INVESTMENT GROUP LLC","EMILY LANE  112","033O","D","013.00","000","033O D 01300 000","RICHLAND VILLAGE SUB","12","Commercial","3/14/2024"
"113 EMILY TRUST REALTY INVESTMENT GROUP LLC","EMILY LANE  113","033O","D","011.00","000","033O D 01100 000","RICHLAND VILLAGE SUB","10","Commercial","1/8/2022"
"113 PARTNERS","SMITH STREET  0","126C","K","009.00","000","126C K 00900 000","","","Commercial","5/31/2022"
"113 PARTNERS","MAIN STREET EAST  113","126C","K","025.00","000","126C K 02500 000","","","Commercial","5/31/2022"
"114 SHIRLEY TANASI LLC","SHIRLEY DRIVE  114","171D","A","003.00","000","171D A 00300 000","DELRAY PARK ESTATES","172","Commercial","8/4/2021"
"1150 S WATER AVE TRUST","WATER AVENUE SOUTH  1150","135C","D","001.00","000","135C D 00100 000","HALEWOOD ESTATES","LIST","Commercial","11/21/2025"
"1164 NASHVILLE PIKE LLC","NASHVILLE PIKE  1164","125M","A","016.00","000","125M A 01600 000","","","Commercial","5/19/2021"
"117 JERRY STREET TRUST","JERRY STREET  117","039","","028.01","000","039    02801 000","","","Commercial","10/1/2025"
"121 HAZELWOOD LLC JEM HOLDINGS LLC C/O","HAZELWOOD DRIVE  121","170M","H","017.00","000","170M H 01700 000","","","Commercial","12/29/2015"
"130 COLLEGE STREET TRUST","COLLEGE STREET  130","126C","F","001.00","000","126C F 00100 000","","","Commercial","11/21/2025"
"1300 NASHVILLE LLC","STRATFORD COURT  101","125","","044.01","000","125    04401 000","","","Commercial","10/22/2019"
"1300 NASHVILLE LLC","NASHVILLE PIKE  1300","136","","008.02","000","136    00802 000","","","Commercial","10/22/2019"
"13252528 LLC","MORRISON STREET  203","126F","E","021.00","000","126F E 02100 000","","","Commercial","4/4/2022"
"1366 E BROADWAY LLC","BROADWAY EAST  1350","112H","A","003.00","000","112H A 00300 000","HURST SUB-GALLATIN M","1-1","Commercial","5/10/2020"
"1366 E BROADWAY LLC","BROADWAY EAST  1366","112H","A","003.00","001","112H A 00300 001","","","Commercial","5/10/2019"
"147 LAKESIDE RETREAT LLC","SANDERS FERRY ROAD  147","164A","A","035.00","000","164A A 03500 000","B I MATTHEWS","1","Commercial","4/8/2019"
"151 INDIAN LAKE HOLDINGS LLC","INDIAN LAKE BLVD  151","159J","A","028.00","000","159J A 02800 000","INDIAN LAKE SEC 8","12","Commercial","10/31/2022"
"1645 NASHVILLE PIKE LLC","NASHVILLE PIKE  1645","136","","029.02","000","136    02902 000","FAIRVUE PLANTATION P","958","Commercial","1/11/2013"
"1650 NP LLC A SERIES OF WESTCHASE PARTNERS LLC","NASHVILLE PIKE  1650","136","","046.02","000","136    04602 000","KENNESAW FARMS PH1","7","Commercial","11/19/2025"
"200 N TRIGG LLC","TRIGG AVENUE NORTH  200","126C","E","024.00","000","126C E 02400 000","PARDUE ADD.","15-18","Commercial","7/16/2026"
"2020 INVESTMENTS LLC","COUNTRY CLUB DRIVE  100","159K","C","016.00","004","159K C 01600C004","CLUB PLACE OFFICE CO","D 106","Commercial","11/4/2021"
"21 SAC LLC","WEST MAIN STREET  208","159I","F","016.00","000","159I F 01600 000","","","Commercial","4/2/2024"
"214 INDIAN LAKE LLC","INDIAN LAKE BLVD  214","159B","B","004.01","000","159B B 00401 000","INDIAN LAKE MARKET PH 1 RESUB CR","CR1","Commercial","11/19/2025"
"220 SOUTH HICKORY OWNER LLC","HICKORY AVENUE SOUTH  220","126C","N","012.00","000","126C N 01200 000","T R A C PROPERTY","","Commercial","9/9/2022"
"225 BIG STATION CAMP BLVD MOB LLC C/O PROPERTY VALUATION SVC.","BIG STATION CAMP BLVD  221","137","","008.01","000","137    00801 000","","","Commercial","9/19/2023"
"270 EAST MAIN GALLATIN LLC ATTN: PROP VAL SVC","MAIN STREET EAST  270","126C","E","017.00","000","126C E 01700 000","","","Commercial","6/18/2009"
"2ND BASE OPPORTUNITIES GP","SOUTH BROADWAY  804","039B","B","008.00","000","039B B 00800 000","COUNTRY CLUB ESTATES","7","Commercial","7/14/2026"
"30 WEST PERSHING LLC % EPR PROPERTIES","INDIAN LAKE BLVD  304","145","","073.01","000","145    07301 000","","1A","Commercial","7/28/2016"
"3040 BUSINESS PARK CIRCLE LLC","BUSINESS PARK CIRCLE  3040","143J","F","006.00","000","143J F 00600 000","NORTHCREEK BUSINESS PARK SEC 4","12","Commercial","12/13/2024"
"3165 GOODLETTSVILLE LLC C/O GEORGE KOLOVOS","31W HWY  843","142","","012.00","000","142    01200 000","OCTANE PTS 31 LLC PROP","","Commercial","10/31/2023"
"31W REALTY LLC","31W HWY  0","118","","041.00","000","118    04100 000","","","Commercial","9/28/2011"
"31W REALTY LLC","FLAT RIDGE ROAD  107","118","","045.00","001","118    04500 001","","","Commercial","9/28/2011"
"31W REALTY LLC","LOUISVILLE HWY  1476","118","","060.00","000","118    06000 000","","","Commercial","9/28/2011"
"3517 HARTSVILLE LLC","HARTSVILLE PIKE  3517","130","","001.00","001","130    00100 001","","","Commercial","2/7/2025"
"3517 HARTSVILLE LLC","HARTSVILLE PIKE  3517","130","","001.00","002","130    00100 002","","","Commercial","2/7/2025"
"3D FINANCIAL","REED ST  301","033A","C","016.00","000","033A C 01600 000","","","Commercial","2/17/2006"
"4 X 2 X 1 LLC","BUSINESS PARK CIRCLE  3106","143J","F","009.02","000","143J F 00902 000","NORTHCREEK BUSINESS PARK SEC 12","1","Commercial","9/9/2025"
"441 PROPERTY LLC","MAIN STREET WEST  441","126G","B","011.00","000","126G B 01100 000","","","Commercial","7/12/2024"
"4F BUSINESS LLC","ROCKLAND ROAD  318","160O","D","017.00","000","160O D 01700 000","WILLIAM FERGUSON SEC 3","2","Commercial","10/7/2024"
"4JJ RENTALS LLC","SEUSS WAY  613","123B","G","068.00","000","123B G 06800 000","DURHAM FARMS PH4 SEC35B","","Commercial","11/27/2024"
"4PM LLC","EASTLAND STREET WEST  254","113N","G","001.00","000","113N G 00100 000","","","Commercial","10/17/2016"
"4PM LLC","POWELL STREET  370","113N","G","023.00","000","113N G 02300 000","","","Commercial","10/17/2016"
"4PT HENDERSONVILLE PROPERTY 1 LLC","ANDERSON LANE NORTH  201","159B","B","009.00","000","159B B 00900 000","INDIAN LAKE MARKET PH 1 RESUB G,H","HR","Commercial","11/22/2024"
"4PT HENDERSONVILLE PROPERTY 1 LLC","NEW SHACKLE ISLAND RD  230","160D","B","012.01","000","160D B 01201 000","HENDERSONVILLE MARKE","1-1","Commercial","11/22/2024"
"591 N COUNCIL AVENUE LLC","COUNCIL AVENUE NORTH  591","113K","L","005.00","000","113K L 00500 000","LINCOLN PARK","55-58","Commercial","7/31/2026"
"5D PROPERTIES","JAMES CIRCLE  163","126M","A","009.00","000","126M A 00900 000","","","Commercial","6/29/2004"
"5IVE FINANCIAL LLC","GATEVIEW DRIVE  1077","034","","134.00","000","034    13400 000","WESTGATE DEVELOPMENT","8","Commercial","11/21/2018"
"615 PROPERTIES LLC","SPRINGFIELD HWY  863","141","","032.01","000","141    03201 000","FITZPATRICK","31","Commercial","11/10/2016"
"644 BLYTHE LLC","BLYTHE AVENUE  644","113J","C","001.00","000","113J C 00100 000","","","Commercial","6/29/2026"
"675 NASHVILLE TN LLC","NASHVILLE PIKE  677","126G","C","015.00","000","126G C 01500 000","LACKEY ADD","1","Commercial","8/14/2026"
"6B HOLDINGS LLC %BYRD JAMIE C/O","BONITA PKWY  156","159K","A","019.02","000","159K A 01902 000","MAPLES COMM PROPERTY","4","Commercial","3/11/2021"
"6HI LLC","SANDERS FERRY ROAD  248","164P","C","025.00","000","164P C 02500 000","KIMBERLY MANOR","PO 1","Commercial","7/21/2022"
"731 WATER TN LLC","WATER AVENUE NORTH  731","113K","C","003.00","000","113K C 00300 000","DAVID, DUSTIN + DERRICK BANDY B S","BS","Commercial","5/20/2019"
"837 PROPERTIES LLC","52 HWY  968","034","","127.00","000","034    12700 000","TC PROPERTIES","1","Commercial","1/31/2019"
"890 GALLATIN STOLLEY LLC ATTN: PROP VAL SVC","BLUE JAY WAY NORTH  890","136D","D","003.00","000","136D D 00300 000","HEAVENLY RE LLC RESUB 2","3","Commercial","12/1/2021"
"9 PROPERTIES GP","WEST MAIN STREET  445","163C","F","010.00","000","163C F 01000 000","IMPERIAL SQUARE SEC 13","17","Commercial","5/26/2022"
"923 HIGHWAY ASSOCIATES LLC 923 HIGHWAY INVESTORS LLC","NASHVILLE PIKE  923","126I","B","008.01","000","126I B 00801 000","RESTRAUNT & RET","1","Commercial","5/27/2016"
"A & M PROPERTY INVESTMENTS LLC","BLACK THORN LANE  274","124C","A","014.00","000","124C A 01400 000","","180","Commercial","1/9/2023"
"A & M PROPERTY INVESTMENTS LLC","AMBASSADOR CIRCLE PVT  142","145","","044.03","042","145    04403C042","BRIDGEMILL AT INDIAN LAKE VILLAGE","42","Commercial","1/9/2023"
"A B G F L P NO 1 LP ARLES B GREENE RA C/O","SPRINGFIELD HWY  861","141M","A","001.00","000","141M A 00100 000","MANSKER IND PARK SEC","5","Commercial","6/2/2026"
"A N A PROPERTY LLC","LOUISVILLE HWY  1115","140","","017.01","000","140    01701 000","","","Commercial","3/29/2019"
"A N A PROPERTY LLC","LOUISVILLE HWY  1129","140","","017.02","000","140    01702 000","","","Commercial","6/28/2018"
"A N A PROPERTY LLC","LOUISVILLE HWY  0","140","","017.05","000","140    01705 000","","","Commercial","3/29/2019"
"A2Z LLC","S BROADWAY ST  117","033H","G","011.00","000","033H G 01100 000","","","Commercial","3/1/2023"
"A2Z LLC","S BROADWAY ST  117","033H","G","012.00","000","033H G 01200 000","","","Commercial","3/1/2023"
"AAA AUTO GLASS INC","31W HWY  4030","056","","053.01","000","056    05301 000","","","Commercial","6/3/2016"
"AAA COMMUNICATIONS INC","HAZEL PATH DRIVE  102","164A","C","016.00","003","164A C 01600C003","HAZEL PATH SEC 2","4","Commercial","4/13/2018"
"AAESURATI PROPERTIES LLC","TULIP POPLAR DRIVE  1468","125M","A","001.10","000","125M A 00110 000","BAKERS CROSSING RESU","3","Commercial","8/21/2019"
"ABBA01 LLC","NASHVILLE PIKE  1461","136F","E","004.00","000","136F E 00400 000","MILAN INVESTMENTS PROP LLC","1","Commercial","2/24/2023"
"ABBA01 LLC","NASHVILLE PIKE  1465","136F","E","004.01","000","136F E 00401 000","MILAN INVESTMENTS PROP LLC","2","Commercial","2/24/2023"
"ABBG PROPERTIES LLC","NORTH BIRCHWOOD DRIVE  349","145P","F","008.00","000","145P F 00800 000","GLEN OAKS SEC 5","254","Commercial","5/30/2024"
"ABBG PROPERTIES LLC","AGEE CIRCLE EAST  125","159A","N","013.00","000","159A N 01300 000","GLEN OAK SEC 1 PT C","45","Commercial","5/30/2024"
"ABBG PROPERTIES LLC","GATONE DRIVE  158","169H","H","010.00","000","169H H 01000 000","LAKESIDE PARK SEC 9","336","Commercial","5/30/2024"
"ABGFLP NO 1 LP","LOUISVILLE HWY  803","142","","016.00","000","142    01600 000","","","Commercial","6/2/2026"
"ABHI P INC","31E HWY  2501","090G","A","001.00","000","090G A 00100 000","ELMWOOD ESTATES","1","Commercial","1/31/2019"
"ABRAHAM MILAD & MERNA MILAD ABRAHAM & MICHAEL MILAD ABRAHAM","WEST MAIN STREET 632 -  636","160N","C","025.00","000","160N C 02500 000","HIGHLAND ACRES","0086","Commercial","9/11/2024"
"ABRAHAMSON PROPERTRIES LLC","INDIAN LAKE BLVD  165","159J","A","021.16","102","159J A 02116C102","INDIAN LAKE OFFICES","102","Commercial","12/2/2021"
"ABUTRAB ERIC A ABUTRAB REBECCA A ETUX","KERR WAY  235","034E","D","009.00","000","034E D 00900 000","ORCHARD PARK","9","Commercial","11/8/2022"
"ABUTRAB ERIC A ABUTRAB REBECCA A ETUX","KERR WAY  236","034E","D","010.00","000","034E D 01000 000","ORCHARD PARK","10","Commercial","11/8/2022"
"ABUTRAB ERIC ABUTRAB REBECCA","KERR WAY  232","034E","D","011.00","000","034E D 01100 000","ORCHARD PARK","11","Commercial","12/17/2021"
"ABUTRAB ERIC ABUTRAB REBECCA ETUX","KERR WAY  227","034E","D","007.00","000","034E D 00700 000","ORCHARD PARK","7","Commercial","7/7/2022"
"ABUTRAB ERIC ABUTRAB REBECCA ETUX","KERR WAY  231","034E","D","008.00","000","034E D 00800 000","ORCHARD PARK","8","Commercial","7/7/2022"
"ABUTRAB ERIC ABUTRAB REBECCA ETUX","KERR WAY  228","034E","D","012.00","000","034E D 01200 000","ORCHARD PARK","12","Commercial","12/17/2021"
"ABUTRAB ERIC ABUTRAB REBECCA ETUX","WEST MARKET ST  537","034E","D","017.00","000","034E D 01700 000","ORCHARD PARK","17","Commercial","10/21/2022"
"ABUTRAB ERIC ABUTRAB REBECCA ETUX","WEST MARKET STREET  535","034E","D","018.00","000","034E D 01800 000","ORCHARD PARK","18","Commercial","10/21/2022"
"ACCESS PROPERTIES","WATER AVENUE NORTH  364","113N","G","012.00","000","113N G 01200 000","","","Commercial","3/25/2010"
"ACCESS PROPERTIES","WATER AVENUE NORTH  0","113N","G","013.00","000","113N G 01300 000","","","Commercial","3/25/2010"
"ACCESS PROPERTIES","GRAY STREET WEST  129","113N","G","016.00","000","113N G 01600 000","","","Commercial","2/14/2020"
"ACCESS PROPERTIES","GRAY STREET WEST  201","113N","G","017.00","000","113N G 01700 000","","","Commercial","7/15/2019"
"ACCESS PROPERTIES","GRAY STREET WEST  207","113N","G","018.00","000","113N G 01800 000","","","Commercial","6/18/2019"
"ACCESS PROPERTIES","GRAY STREET WEST  215","113N","G","019.00","000","113N G 01900 000","","","Commercial","4/28/2017"
"ACCESS PROPERTIES","GRAY STREET WEST  0","113N","G","020.00","000","113N G 02000 000","","","Commercial","4/28/2017"
"ACCESS PROPERTIES","GRAY STREET WEST  0","113N","G","021.00","000","113N G 02100 000","","","Commercial","4/28/2017"
"ACCESS PROPERTIES","POWELL STREET  0","113N","G","022.00","000","113N G 02200 000","","","Commercial","11/3/2015"
"ACE MAPLE DRIVE LLC","MAPLE DRIVE NORTH  130","159J","A","022.03","000","159J A 02203 000","SHOLODGE","1","Commercial","2/27/2014"
"ACHIEVER CAPITAL LLC","MAIN STREET EAST  101","126C","K","001.00","000","126C K 00100 000","","","Commercial","5/27/2025"
"ADAMS BRANDON TR 211 HAZELWOOD DR TRUST","HAZELWOOD DRIVE  211","170L","E","033.00","000","170L E 03300 000","TERRACE HILLS SEC 2","26","Commercial","2/3/2022"
"ADAMS NANCY P","HARBOR DRIVE  251","163E","E","020.00","000","163E E 02000 000","HENDERSONVILLE LAKEFRONT ESTATES","189","Commercial","12/17/1996"
"ADAMS SINDI J TR & ADAMS ADRIAN C TR SINDI J ADAMS REV TR & ADRIAN C ADAMS R","HUNT CLUB BLVD  1529","146F","A","004.00","008","146F A 00400C008","","","Commercial","2/7/2024"
"ADAMSON JAMES T III ETUX LISA G","A B WADE ROAD  125","052","","066.00","000","052    06600 000","","","Commercial","9/24/1983"
"ADAMSON JAMES T III ETUX LISA GRANTHAM","BUTLER ROAD  726","039","","115.03","000","039    11503 000","MILDRED ADAMSON PROP","1","Commercial","4/25/1989"
"ADCOCK JACOB","25E HWY  1611","112K","A","001.00","000","112K A 00100 000","SUNNYMEADE S/D SEC 1","1","Commercial","8/31/2021"
"ADCOCK JACOB","EASTOVER STREET  134","113F","A","014.00","000","113F A 01400 000","LANGFORD HGTS NO 1","13-14","Commercial","2/15/2019"
"ADCOCK JACOB","LINCOLN DRIVE  721","113J","A","032.00","000","113J A 03200 000","CLEARVIEW HTS. NO. 5","IST","Commercial","1/30/2024"
"ADCOCK JACOB","GRAY STREET EAST  101","113N","B","013.00","000","113N B 01300 000","","","Commercial","2/25/2025"
"ADCOCK JACOB","WATER AVENUE NORTH  383","113N","B","014.00","000","113N B 01400 000","","","Commercial","2/25/2025"
"ADCOCK JACOB","BELVEDERE DRIVE NORTH  180","125M","A","022.00","014","125M A 02200C014","SUMNER CROSSINGS CON","14","Commercial","8/30/2017"
"ADCOCK JACOB","LOCUST AVENUE SOUTH  114","126C","H","011.00","000","126C H 01100 000","","","Commercial","9/22/2020"
"ADCOCK JACOB","WATER AVENUE SOUTH  125","126C","K","007.00","000","126C K 00700 000","","","Commercial","10/30/2020"
"ADCOCK JACOB","WATER AVENUE SOUTH","126C","K","008.00","000","126C K 00800 000","","","Commercial","10/30/2020"
"ADCOCK JACOB","WATER AVENUE SOUTH  201","126C","M","008.00","000","126C M 00800 000","","","Commercial","10/30/2020"
"ADCOCK JACOB","PARK AVENUE EAST  227","126F","K","034.01","000","126F K 03401 000","SUNSET VIEW ADDN","20","Commercial","8/31/2021"
"ADCOCK JACOB","WOODCREST DRIVE","135D","E","042.00","000","135D E 04200 000","SPRINGBROOK SEC 2 RES 27-54","81","Commercial","6/4/2019"
"ADCOCK JACOB B","WOODROW STREET EAST","113K","F","020.00","000","113K F 02000 000","LANGFORD HGTS. #2","36","Commercial","1/8/2015"
"ADCOCK JACOB B","BELVEDERE DRIVE NORTH  180","125M","A","022.00","015","125M A 02200C015","SUMNER CROSSINGS CON","15","Commercial","2/9/2017"
"ADCOCK JACOB B","WINCHESTER STREET WEST  124","126F","B","010.00","000","126F B 01000 000","HAYNES SLOAN PROP","2","Commercial","4/16/2015"
"ADCOCK JACOB BRADLEY","BELVEDERE DRIVE NORTH  180","125M","A","022.00","009","125M A 02200C009","SUMNER CROSSINGS CON","9","Commercial","5/29/2024"
"ADCOCK JACOB BRADLEY","BELVEDERE DRIVE NORTH  180","125M","A","022.00","010","125M A 02200C010","SUMNER CROSSINGS CON","10","Commercial","5/29/2024"
"ADVANCE PORTLAND GP C/O GARY NELSON CPA GOGIAN PROPERTIES","BROADWAY SOUTH  304","033H","H","033.00","000","033H H 03300 000","PORTLAND PROP LLC SU","3-3","Commercial","1/31/2005"
"ADVANCED BILLING CONSULTANTS LLC","BUSINESS PARK CIRCLE  3024","143J","F","005.00","000","143J F 00500 000","NORTHCREEK BUSINESS PARK SEC 5","14","Commercial","2/22/2021"
"ADVENTURE HOLDINGS LLC","PILOT VIEW  1570","146","","033.08","000","146    03308 000","BRANHAM CORNER","3","Commercial","2/21/2014"
"AGREE CONVENIENCE NO 1 LLC C/O THORNTONS LLC","EAST MAIN STREET  768","146","","056.00","000","146    05600 000","","","Commercial","9/20/2021"
"AGREE LIMITED PARTNERSHIP","GLENBROOK WAY  1032","144","","111.01","000","144    11101 000","GLENBROOK N SEC 2 RE","22","Commercial","2/23/2022"
"AH4R 1 TN LLC","VILLA WAY  62","144I","M","020.00","000","144I M 02000 000","MANSKER FARMS PH 16","734","Commercial","9/14/2012"
"AH4R I TN LLC","WEATHERVANE DRIVE  681","114E","B","019.00","000","114E B 01900 000","TWIN EAGLES PH 3","31","Commercial","1/1/2013"
"AH4R I TN LLC","FLAXTON STREET  1012","124H","B","030.00","000","124H B 03000 000","CREEKSIDE AT STATION","B52","Commercial","10/12/2012"
"AH4R I TN LLC","SMOKE RISE LANE  1002","138K","B","010.00","000","138K B 01000 000","AUTUMN CREEK SEC 2","188","Commercial","5/7/2013"
"AH4R PROPERTIES TWO LLC ATTN PROPERTY TAX DEPARTMENT C/O","GANNETT ROAD  1036","124I","B","005.00","000","124I B 00500 000","CREEKSIDE AT STATION","C177","Commercial","1/8/2019"
"AH4R TN 11 LLC","TRAIL RIDGE WAY  130","144H","C","023.00","000","144H C 02300 000","MANSKER FARMS PH 10 SEC 1","556","Commercial","12/3/2012"
"AH4R TN 3 LLC","CHANDLER BLVD  234","077L","A","020.00","000","077L A 02000 000","SUMNER CROSSINGS","78","Commercial","10/18/2016"
"AH4R TN 3 LLC","LANDONS CIRCLE  408","077L","B","005.00","000","077L B 00500 000","SUMNER CROSSINGS","19","Commercial","8/31/2016"
"AH4R TN 3 LLC","SHEFFIELD DRIVE  407","077L","C","027.00","000","077L C 02700 000","SUMNER CROSSINGS PH-","84-84","Commercial","10/3/2016"
"AH4R TN 3 LLC","PATANA DRIVE  309","096B","B","026.00","000","096B B 02600 000","MEADOW BROOK AMND-ME","34-34","Commercial","12/29/2016"
"AH4R TN 3 LLC","GRANITE COURT  105","096H","B","027.00","000","096H B 02700 000","GREYSTONE SUB PH 1","67","Commercial","2/2/2017"
"AH4R TN 3 LLC","WOODLANDS DRIVE  403","112J","B","005.00","000","112J B 00500 000","WOODLANDS SEC 1","28","Commercial","2/21/2017"
"AH4R TN 3 LLC","ROCK LEDGE PASS  1155","112O","E","020.00","000","112O E 02000 000","STONEHEDGE PH 3","72","Commercial","11/30/2016"
"AH4R TN 3 LLC","BRADFORD DRIVE  536","114J","C","032.00","000","114J C 03200 000","CAMBRIDGE FARMS PH 5","455","Commercial","2/6/2018"
"AH4R TN 3 LLC","WENTWORTH DRIVE  1287","114J","D","010.00","000","114J D 01000 000","CAMBRIDGE FARMS PH 6","489","Commercial","3/27/2015"
"AH4R TN 3 LLC","WORTHINGTON PLACE  614","114K","G","029.00","000","114K G 02900 000","CAMBRIDGE FARMS PH 3","304","Commercial","2/25/2016"
"AH4R TN 3 LLC","CREEK TRAIL  2122","120D","B","040.00","000","120D B 04000 000","WILLOW CREEK SEC 3","163","Commercial","8/31/2016"
"AH4R TN 3 LLC","LASSITER DRIVE  1020","120K","A","040.00","000","120K A 04000 000","NORTH POINTE PHASE I","80","Commercial","7/18/2017"
"AH4R TN 3 LLC","CREEKVIEW LANE  3107","120L","B","036.00","000","120L B 03600 000","NORTH POINTE PH 2","169","Commercial","9/23/2015"
"AH4R TN 3 LLC","GANNETT ROAD  1050","124I","B","010.00","000","124I B 01000 000","CREEKSIDE AT STATION","C172","Commercial","1/26/2015"
"AH4R TN 3 LLC","FULMAN ROAD  1039","124I","D","012.00","000","124I D 01200 000","CREEKSIDE AT STATION","C25","Commercial","7/27/2017"
"AH4R TN 3 LLC","KATHY CIRCLE  624","126P","D","038.00","000","126P D 03800 000","JACOBS HEIGHTS SEC 1","0007","Commercial","12/2/2016"
"AH4R TN 3 LLC","SPENCER SPRINGS DRIVE  106","127E","D","050.00","000","127E D 05000 000","SPENCER SPRINGS","50","Commercial","3/14/2017"
"AH4R TN 3 LLC","SAVANNAH AVENUE  1032","135B","B","036.00","000","135B B 03600 000","ELK ACRES SEC 1","32","Commercial","9/16/2016"
"AH4R TN 3 LLC","BRIGHTSTAR COURT  156","136E","E","002.00","000","136E E 00200 000","BAYWOOD POINTE PH 1 SEC 1","2","Commercial","5/16/2017"
"AH4R TN 3 LLC","CHESIRE WAY  977","136F","C","009.00","000","136F C 00900 000","PLANTATION TRACE PH 2","9","Commercial","6/7/2017"
"AH4R TN 3 LLC","SETTLERS WAY  125","137O","C","005.00","000","137O C 00500 000","SAUNDERSVILLE STATION PH 1 SEC 2","43","Commercial","10/12/2017"
"AH4R TN 3 LLC","CRESTHAVEN COURT  103","137O","D","015.00","000","137O D 01500 000","WYNBROOKE PH 3","165","Commercial","11/16/2017"
"AH4R TN 3 LLC","WHISPERING WIND WAY  1004","138K","D","007.00","000","138K D 00700 000","AUTUMN CREEK SEC 6","139","Commercial","9/6/2017"
"AH4R TN 3 LLC","PARK COURT  104","143A","D","022.00","000","143A D 02200 000","WOODWYN HILLS SEC 1","23","Commercial","2/12/2015"
"AH4R TN 3 LLC","TRAIL RIDGE DRIVE  154","143E","A","018.00","000","143E A 01800 000","MANSKER FARMS PH 12","699","Commercial","3/13/2015"
"AH4R TN 3 LLC","TRAIL RIDGE WAY  103","144H","C","008.00","000","144H C 00800 000","MANSKER FARMS PH 10 SEC 1","463","Commercial","3/13/2015"
"AH4R TN 3 LLC","TRAIL RIDGE WAY  136","144H","C","026.00","000","144H C 02600 000","MANSKER FARMS PH 10 SEC 1","553","Commercial","8/31/2016"
"AH4R TN 3 LLC","VICTORIA LANE WEST  1013","144K","A","030.00","000","144K A 03000 000","ALEXANDREA PLACE","86","Commercial","9/16/2015"
"AH4R TN 3 LLC","BURNHAM CIRCLE  1029","144K","C","021.00","000","144K C 02100 000","ALEXANDREA PLACE SEC","64","Commercial","5/11/2017"
"AH4R TN 3 LLC","BRAXTON LANE WEST  109","144N","C","033.00","000","144N C 03300 000","TRACE AT ALEXANDREA PLACE PH 1","122","Commercial","5/15/2017"
"AH4R TN 3 LLC","BRAXTON LANE EAST  112","144N","C","046.00","000","144N C 04600 000","TRACE AT ALEXANDREA PLACE PH 1","135","Commercial","11/16/2016"
"AH4R TN 3 LLC","DEVONSHIRE TRAIL  112","146O","B","041.00","000","146O B 04100 000","VILLAGE AT RIVERCHAS","57","Commercial","8/24/2016"
"AH4R TN 3 LLC","ACADIA COURT  982","148I","A","022.00","000","148I A 02200 000","CUMBERLAND PLACE N S","126","Commercial","4/19/2017"
"AH4R TN 3 LLC","RIVER CHASE  114","158B","C","008.00","000","158B C 00800 000","RIVERCHASE SEC 1","8","Commercial","9/28/2017"
"AH4R TN 3 LLC","BRADFORD CIRCLE  143","159K","F","060.00","000","159K F 06000 000","BRADFORD SHADE SEC 3","93","Commercial","7/14/2015"
"AH4R TN 3 LLC","VINTAGE CIRCLE  198","159K","G","017.00","000","159K G 01700 000","VINTAGE KNOLL PH 5","58","Commercial","3/13/2015"
"AH4R TN 3 LLC","VINTAGE CIRCLE  192","159K","G","020.00","000","159K G 02000 000","VINTAGE KNOLL PH 5","61","Commercial","3/13/2015"
"AH4R TN 3 LLC","LEGENDS DRIVE  126","159N","K","013.00","000","159N K 01300 000","VINTAGE KNOLL SUB PH","118","Commercial","2/5/2015"
"AH4R TN 3 LLC","ALRED CIRCLE  118","160D","B","032.00","000","160D B 03200 000","IRIS COVE","10","Commercial","10/27/2016"
"AH4R TN 3 LLC","EAST HARBOR  185","163F","G","013.00","000","163F G 01300 000","HARBORTOWNE PH 3","35","Commercial","6/23/2017"
"AH4R TN 3 LLC","LUNA LANE  121","169A","G","026.00","000","169A G 02600 000","CANDLE WOODS SEC 1 R","1A-1","Commercial","11/15/2017"
"AH4R TN 3 LLC","CHESAPEAKE HARBOR BLVD  166","170L","I","003.00","000","170L I 00300 000","CHESAPEAKE HARBOR SEC 4B","221","Commercial","5/23/2017"
"AH4R TN 3 LLC % TAX DEPARTMENT","LEGENDS DRIVE  117","159N","K","002.00","000","159N K 00200 000","VINTAGE KNOLL SUB PH","114","Commercial","7/13/2018"
"AH4R TN 3 LLC %TAX DEPT C/O","GRANITE COURT  110","096H","B","023.00","000","096H B 02300 000","GREYSTONE SUB PH 1","63","Commercial","1/31/2018"
"AH4R TN 3 LLC %TAX DEPT C/O","BROADWAY ALLEY EAST  1779","105K","A","002.00","000","105K A 00200 000","OAK HILL SUB PH 1-OA","14-14","Commercial","6/4/2018"
"AH4R TN 3 LLC %TAX DEPT C/O","LASSITER DRIVE  2006","120K","B","018.00","000","120K B 01800 000","NORTH POINTE PHASE I","95","Commercial","2/27/2018"
"AH4R TN 3 LLC %TAX DEPT C/O","WYNBROOKE TRACE  158","137J","A","045.00","000","137J A 04500 000","WYNBROOKE PH 2","144","Commercial","11/3/2017"
"AH4R TN 3 LLC %TAX DEPT C/O","CHARLESTON COURT  104","163C","G","033.00","000","163C G 03300 000","HARBORTOWNE PH 1","100","Commercial","1/12/2018"
"AH4R TN 3 LLC %TAX DEPT C/O","RULAND CIRCLE  116","169F","D","025.00","000","169F D 02500 000","MEADOWS OF INDIAN LA","56-56","Commercial","11/6/2017"
"AH4R TN 3 LLC ATTN TAX DEPT","CANDLE WOOD DRIVE  136","170E","J","007.00","000","170E J 00700 000","CANDLE WOODS SEC 7","54","Commercial","1/17/2018"
"AH4R TN 3 LLC c/oTAX DEPT C/O","CHESAPEAKE HARBOR BLVD  160","170E","M","029.00","000","170E M 02900 000","CHESAPEAKE HARBOR SEC 3B","224","Commercial","12/28/2017"
"AH4R TN 3 LLC TAX DEPARTMENT C/O","MIDDLETON LANE  1007","114G","A","013.00","000","114G A 01300 000","CAMBRIDGE FARMS PH 1","150","Commercial","10/16/2017"
"AH4R TN 3 LLC TAX DEPARTMENT C/O","VILLA WAY  100","144I","M","039.00","000","144I M 03900 000","MANSKER FARMS PH 16","753","Commercial","10/13/2017"
"AH4R TN 3 LLC TAX DEPT C/O","MONTICELLO PLACE  1030","127C","D","048.00","000","127C D 04800 000","CAIRO LANDING PH 2","10","Commercial","7/10/2015"
"AH4R TN PROPERTIES THREE LLC ATTN TAX DEPT","ALBION CIR  505","126L","E","023.00","000","126L E 02300 000","ALBION DOWNS PH 3","23-23","Commercial","7/2/2026"
"AH4R TN PROPERTIES THREE LLC ATTN TAX DEPT","MASTERS WAY  113","146A","B","008.00","000","146A B 00800 000","MASTERS GLENN SEC 2","83-83","Commercial","7/2/2026"
"AH4R TN PROPERTIES TWO LLC","ROCK LEDGE PASS  1159","112O","E","021.00","000","112O E 02100 000","STONEHEDGE PH 3","71","Commercial","11/30/2020"
"AH4R TN PROPERTIES TWO LLC","PAISLEY WAY  429","113P","H","040.00","000","113P H 04000 000","ESTATES OF FAIRWAY H","36","Commercial","7/28/2021"
"AH4R TN PROPERTIES TWO LLC","BRADFORD DRIVE  639","114K","F","014.00","000","114K F 01400 000","CAMBRIDGE FARMS PH2","196","Commercial","7/12/2021"
"AH4R TN PROPERTIES TWO LLC","GOODMAN DRIVE  489","114N","L","020.00","000","114N L 02000 000","","31","Commercial","11/16/2021"
"AH4R TN PROPERTIES TWO LLC","CREEKVIEW LANE  3112","120L","B","006.00","000","120L B 00600 000","NORTH POINTE PHASE 2","142","Commercial","7/29/2021"
"AH4R TN PROPERTIES TWO LLC","SEA BISCUIT DRIVE  345","126L","E","062.00","000","126L E 06200 000","ALBION DOWNS PH 3","94","Commercial","1/7/2022"
"AH4R TN PROPERTIES TWO LLC","DEER PATH  561","126O","F","045.00","000","126O F 04500 000","FOXFIRE SEC 4","77","Commercial","7/13/2021"
"AH4R TN PROPERTIES TWO LLC","PAIGE PARK LANE  127","140P","F","008.00","000","140P F 00800 000","BRAXTON PARK SEC 7","129","Commercial","12/14/2020"
"AH4R TN PROPERTIES TWO LLC","BRADFORD CIRCLE  112","159K","D","016.00","000","159K D 01600 000","BRADFORD SHADE","25","Commercial","8/30/2021"
"AH4R TN PROPERTIES TWO LLC","LAKESIDE PARK DRIVE  200","169A","G","072.00","000","169A G 07200 000","CANDLE WOODS SEC 4","81","Commercial","8/27/2021"
"AH4R TN PROPERTIES TWO LLC %TAX DEPT C/O","CHAMBLIS COURT  102","160H","A","022.00","000","160H A 02200 000","MONTHAVEN GREEN PH 1","75","Commercial","9/13/2018"
"AH4R TN PROPERTIES TWO LLC %TAX DEPT C/O","DONNA DRIVE  251","163E","G","014.00","000","163E G 01400 000","WALTON PARK","14","Commercial","10/31/2018"
"AH4R TN PROPERTIES TWO LLC ATTN PROPERTY TAX DEPARTMENT C/O","DRAKES CREEK ROAD  1535","138J","B","026.00","000","138J B 02600 000","DURHAM PH 1 SEC 3","132","Commercial","3/30/2020"
"AH4R TN PROPERTIES TWO LLC ATTN PROPERTY TAX DEPARTMENT C/O","BENJAMIN LANE  124","145K","B","024.00","000","145K B 02400 000","","139","Commercial","2/28/2020"
"AH4R TN PROPERTIES TWO LLC ATTN PROPERTY TAX DEPARTMENT C/O","OTTERMAN COURT  105","164C","E","041.00","000","164C E 04100 000","OTTER CREEK REVISION 1","41","Commercial","1/31/2020"
"AH4R TN PROPERTIES TWO, LLC ATTN PROPERTY TAX DEPARTMENT","DALTON CIRCLE  115","158A","D","017.00","000","158A D 01700 000","WINSTON HILLS PH 1 RESUB","104","Commercial","3/17/2020"
"AH4R TN3 LLC","CROOKED CREEK LANE  118","137O","B","028.00","000","137O B 02800 000","WYNBROOKE PH 1","28","Commercial","11/13/2018"
"AH4R TN3 LLC","HATTIE COURT  113","138F","A","018.00","000","138F A 01800 000","FOUNTAIN BROOKE PH 1 SEC 3","77","Commercial","11/19/2018"
"AH4R TN3 LLC","VINTAGE CIRCLE  191","159K","G","051.00","000","159K G 05100 000","VINTAGE KNOLL PH 5","93","Commercial","7/31/2017"
"AH4R TN3 LLC %TAX DEPT C/O","CASCADE LANE  104","120K","D","029.00","000","120K D 02900 000","WILLOW CREEK SEC 1","64","Commercial","12/18/2018"
"AH4R TN3 LLC c/o LEGAL DEPT","GROVE LANE SOUTH  145","144I","B","034.00","000","144I B 03400 000","GROVES AT MANSKER FARMS P1 S3","215","Commercial","1/15/2020"
"AH4R TN3 LLC c/o LEGAL DEPT","WYNCREST COMMONS COURT  103","146I","G","013.00","000","146I G 01300 000","WYNCREST COMMONS","220","Commercial","1/29/2020"
"AH4R TN3 LLC c/o LEGAL DEPT C/O","MARBLE COURT  462","112O","B","017.00","000","112O B 01700 000","STONEHEDGE SEC 4","87","Commercial","1/15/2020"
"AH4R TN3 LLC c/o LEGAL DEPT C/O","OSPREY DRIVE  269","114E","E","010.00","000","114E E 01000 000","TWIN EAGLES PH 6","173","Commercial","1/15/2020"
"AH4R TN3 LLC c/o LEGAL DEPT C/O","REMINGTON AVENUE  169","114J","F","008.00","000","114J F 00800 000","CAMBRIDGE FARMS PH 7","582","Commercial","2/7/2020"
"AH4R TN3 LLC c/o LEGAL DEPT C/O","HUNTINGTON DRIVE  368","114K","B","011.00","000","114K B 01100 000","CAMBRIDGE FARMS PH 2","140","Commercial","2/7/2020"
"AH4R TN3 LLC c/o LEGAL DEPT C/O","BUCKINGHAM BOULEVARD  406","114K","D","006.00","000","114K D 00600 000","CAMBRIDGE FARMS PH 2","214","Commercial","1/29/2020"
"AH4R TN3 LLC c/o LEGAL DEPT C/O","GRAY BILL DRIVE  1136","114M","C","027.00","000","114M C 02700 000","EAGLE CREEK SEC 3-EA","107-107","Commercial","1/15/2020"
"AH4R TN3 LLC c/o LEGAL DEPT C/O","CASCADE LANE  113","120K","D","017.00","000","120K D 01700 000","WILLOW CREEK SEC 1","52","Commercial","1/29/2020"
"AH4R TN3 LLC c/o LEGAL DEPT C/O","LACEBARK LANE  1011","124H","C","024.00","000","124H C 02400 000","CREEKSIDE AT STATION","B84","Commercial","1/15/2020"
"AH4R TN3 LLC c/o LEGAL DEPT C/O","FULMAN ROAD  1030","124I","A","022.00","000","124I A 02200 000","CREEKSIDE AT STATION","C134","Commercial","2/7/2020"
"AH4R TN3 LLC c/o LEGAL DEPT C/O","FULMAN ROAD  1014","124I","A","030.00","000","124I A 03000 000","CREEKSIDE AT STATION","C142","Commercial","2/7/2020"
"AH4R TN3 LLC c/o LEGAL DEPT C/O","GANNETT ROAD  1022","124I","A","043.00","000","124I A 04300 000","CREEKSIDE AT STATION","C184","Commercial","2/7/2020"
"AH4R TN3 LLC c/o LEGAL DEPT C/O","GANNETT ROAD  1056","124I","B","013.00","000","124I B 01300 000","CREEKSIDE AT STATION","C169","Commercial","1/28/2020"
"AH4R TN3 LLC c/o LEGAL DEPT C/O","GANNETT ROAD  1058","124I","B","014.00","000","124I B 01400 000","CREEKSIDE AT STATION","C168","Commercial","2/7/2020"
"AH4R TN3 LLC c/o LEGAL DEPT C/O","GANNETT ROAD  1060","124I","B","015.00","000","124I B 01500 000","CREEKSIDE AT STATION","C167","Commercial","2/7/2020"
"AH4R TN3 LLC c/o LEGAL DEPT C/O","GANNETT ROAD  1062","124I","B","016.00","000","124I B 01600 000","CREEKSIDE AT STATION","C166","Commercial","2/7/2020"
"AH4R TN3 LLC c/o LEGAL DEPT C/O","HARMONY LANE  1010","124I","B","025.00","000","124I B 02500 000","CREEKSIDE AT STATION","C66","Commercial","1/28/2020"
"AH4R TN3 LLC c/o LEGAL DEPT C/O","PATMORE LANE  1020","124I","B","054.00","000","124I B 05400 000","CREEKSIDE AT STATION","C95","Commercial","2/7/2020"
"AH4R TN3 LLC c/o LEGAL DEPT C/O","PATMORE LANE  1019","124I","B","059.00","000","124I B 05900 000","CREEKSIDE AT STATION","C109","Commercial","2/7/2020"
"AH4R TN3 LLC c/o LEGAL DEPT C/O","FULMAN ROAD  1040","124I","D","007.00","000","124I D 00700 000","CREEKSIDE AT STATION","C132","Commercial","2/7/2020"
"AH4R TN3 LLC c/o LEGAL DEPT C/O","ROYAL COURT  175","125C","B","017.00","000","125C B 01700 000","CAMBRIDGE FARMS PH 1","113","Commercial","1/15/2020"
"AH4R TN3 LLC c/o LEGAL DEPT C/O","SKYE VIEW DRIVE  929","126O","G","003.00","000","126O G 00300 000","FOXFIRE SEC 5","103","Commercial","2/7/2020"
"AH4R TN3 LLC c/o LEGAL DEPT C/O","HANCOCK STREET  416","126P","J","006.00","000","126P J 00600 000","DEER CREEK SEC 1","15","Commercial","1/29/2020"
"AH4R TN3 LLC c/o LEGAL DEPT C/O","HILLSIDE LANE  574","127C","C","027.00","000","127C C 02700 000","ROLLING ACRES ADDITI","27","Commercial","1/15/2020"
"AH4R TN3 LLC c/o LEGAL DEPT C/O","RYAN AVENUE  524","135B","B","022.00","000","135B B 02200 000","ELK ACRES SEC 1","17","Commercial","1/15/2020"
"AH4R TN3 LLC c/o LEGAL DEPT C/O","CALLIE COURT  561","135B","B","045.00","000","135B B 04500 000","ELK ACRES SEC 1","29","Commercial","2/7/2020"
"AH4R TN3 LLC c/o LEGAL DEPT C/O","SAVANNAH AVENUE  1063","135B","D","003.00","000","135B D 00300 000","ELK ACRES SEC 2","53","Commercial","2/7/2020"
"AH4R TN3 LLC c/o LEGAL DEPT C/O","CALLIE AVENUE  533","135B","D","027.00","000","135B D 02700 000","ELK ACRES SEC 2","188","Commercial","1/15/2020"
"AH4R TN3 LLC c/o LEGAL DEPT C/O","SAVANNAH AVENUE  1074","135B","D","035.00","000","135B D 03500 000","ELK ACRES SEC 2","196","Commercial","2/7/2020"
"AH4R TN3 LLC c/o LEGAL DEPT C/O","BRYN MAWR CIRCLE  408","135H","E","038.00","000","135H E 03800 000","ACADEMY ACRES SEC 1","34","Commercial","2/7/2020"
"AH4R TN3 LLC c/o LEGAL DEPT C/O","CAMBRIDGE DRIVE  107","135H","E","063.00","000","135H E 06300 000","ACADEMY ACRES SEC 1","59","Commercial","1/29/2020"
"AH4R TN3 LLC c/o LEGAL DEPT C/O","MCKAIN XING  128","137J","B","054.00","000","137J B 05400 000","SAUNDERSVILLE STATION PH 3","194","Commercial","2/7/2020"
"AH4R TN3 LLC c/o LEGAL DEPT C/O","CHRISTINA COURT  105","140P","B","008.00","000","140P B 00800 000","LONG HOLLOW PLACE SEC 2","45","Commercial","1/15/2020"
"AH4R TN3 LLC c/o LEGAL DEPT C/O","ROSE GARDEN LANE  139","140P","D","037.00","000","140P D 03700 000","BRAXTON PARK AT WOODWYN HILLS S5","157","Commercial","1/15/2020"
"AH4R TN3 LLC c/o LEGAL DEPT C/O","CIMMARON DRIVE  115","141D","C","044.00","000","141D C 04400 000","CIMMARON TRACE SEC 1","44","Commercial","3/2/2020"
"AH4R TN3 LLC c/o LEGAL DEPT C/O","HIGH CHAPERAL DRIVE  233","141D","D","025.00","000","141D D 02500 000","CIMMARON TRACE SEC 2","89","Commercial","2/7/2020"
"AH4R TN3 LLC c/o LEGAL DEPT C/O","BRAXTON PARK COURT  104","142D","A","027.00","000","142D A 02700 000","BRAXTON PARK AT WOODWYN HILLS S2","35","Commercial","1/29/2020"
"AH4R TN3 LLC c/o LEGAL DEPT C/O","ROSE GARDEN LANE  111","143A","F","022.00","000","143A F 02200 000","BRAXTON PARK AT WOODWYN HILLS S1","173","Commercial","1/15/2020"
"AH4R TN3 LLC c/o LEGAL DEPT C/O","TRAIL RIDGE DRIVE  111","144H","A","016.00","000","144H A 01600 000","MANSKER FARMS PH 9","429","Commercial","2/7/2020"
"AH4R TN3 LLC c/o LEGAL DEPT C/O","FIELDCREST DRIVE  125","144I","F","027.00","000","144I F 02700 000","MANSKER FARMS PH 6 SEC 1","371","Commercial","2/7/2020"
"AH4R TN3 LLC c/o LEGAL DEPT C/O","VILLA WAY  119","144I","M","065.00","000","144I M 06500 000","MANSKER FARMS PH 16","779","Commercial","2/7/2020"
"AH4R TN3 LLC c/o LEGAL DEPT C/O","SUMNER MEADOWS COURT  102","144M","E","012.00","000","144M E 01200 000","SUMNER MEADOWS PH 1","12","Commercial","1/16/2020"
"AH4R TN3 LLC c/o LEGAL DEPT C/O","SHADY VIEW DRIVE  118","144N","E","035.00","000","144N E 03500 000","HOMESTEAD PLACE PH 3","55","Commercial","2/7/2020"
"AH4R TN3 LLC c/o LEGAL DEPT C/O","SMOKY MOUNTAINS DRIVE  609","148I","B","002.00","000","148I B 00200 000","CUMBERLAND PLACE N SEC 4 PH 1","100","Commercial","1/29/2020"
"AH4R TN3 LLC c/o LEGAL DEPT C/O","SMOKY MOUNTAINS DRIVE  601","148I","B","004.00","000","148I B 00400 000","CUMBERLAND PLACE N SEC 4 PH 1","98","Commercial","1/29/2020"
"AH4R TN3 LLC c/o LEGAL DEPT C/O","SMOKY MOUNTAINS DRIVE  584","148I","B","009.00","000","148I B 00900 000","CUMBERLAND PLACE N SEC 4 PH 1","172","Commercial","1/29/2020"
"AH4R TN3 LLC c/o LEGAL DEPT C/O","VINTAGE CIRCLE  158","159K","A","052.00","000","159K A 05200 000","VINTAGE KNOLL SUB PH","24","Commercial","1/15/2020"
"AH4R TN3 LLC c/o LEGAL DEPT C/O","VINTAGE CIRCLE  142","159K","A","060.00","000","159K A 06000 000","VINTAGE KNOLL SUB PH","32","Commercial","1/15/2020"
"AH4R TN3 LLC c/o LEGAL DEPT C/O","EAST RIDGE COURT  107","159K","F","019.00","000","159K F 01900 000","BRADFORD SHADE SEC 2","43","Commercial","2/7/2020"
"AH4R TN3 LLC c/o LEGAL DEPT C/O","EAST HARBOR  135","163C","B","013.00","000","163C B 01300 000","HARBORTOWNE PH 2","14","Commercial","1/29/2020"
"AH4R TN3 LLC c/o LEGAL DEPT C/O","WEST HARBOR  123","163C","G","060.00","000","163C G 06000 000","HARBORTOWNE PH 1","156","Commercial","1/29/2020"
"AH4R TN3 LLC c/o LEGAL DEPT C/O","OTTER GLEN DRIVE  108","164C","E","005.00","000","164C E 00500 000","OTTER CREEK REVISION 1","5","Commercial","2/7/2020"
"AH4R TN3 LLC c/o LEGAL DEPT C/O","COLDWATER DRIVE  127","164C","E","011.00","000","164C E 01100 000","OTTER CREEK REVISION 1","11","Commercial","2/7/2020"
"AH4R TN3 LLC c/o LEGAL DEPT C/O","COLDWATER DRIVE  105","164C","E","022.00","000","164C E 02200 000","OTTER CREEK REVISION 1","22","Commercial","2/7/2020"
"AH4R TN3 LLC c/o LEGAL DEPT C/O","JUDSON DRIVE  114","164D","E","034.00","000","164D E 03400 000","EAGLES RUN","32","Commercial","2/7/2020"
"AH4R TN3 LLC c/o LEGAL DEPT C/O","BUCKHAVEN DRIVE  100","164F","E","049.00","000","164F E 04900 000","CUMBERLAND PLACE SEC 5","65","Commercial","1/28/2020"
"AH4R TN3 LLC c/o LEGAL DEPT C/O","RULAND CIRCLE  128","169F","D","019.00","000","169F D 01900 000","MEADOWS OF INDIAN LA","50-50","Commercial","1/15/2020"
"AH4R TN3 LLC c/o LEGAL DEPT C/O","GATONE COURT  113","169I","G","007.00","000","169I G 00700 000","IMPERIAL PARK SEC 1","41","Commercial","2/7/2020"
"AH4R TN3 LLC c/o LEGAL DEPT C/O","CHESAPEAKE HARBOR BLVD  108","170E","L","041.00","000","170E L 04100 000","CHESAPEAKE HARBOR SEC 2B","250","Commercial","1/15/2020"
"AH4R TN3 LLC c/o LEGAL DEPT C/O","CROSS COVE COURT  100","170L","E","050.00","000","170L E 05000 000","CROSS COVE","16","Commercial","2/7/2020"
"AH4R TN3 LLC c/o LEGAL DEPT C/O","LINCOLN COURT  101","170L","G","017.00","000","170L G 01700 000","WALTON TRACE PH 2","45","Commercial","2/7/2020"
"AH4R TN3 LLC c/o LEGAL DEPT C/O","WOOD DUCK LANE  108","172A","B","041.00","000","172A B 04100 000","WATERS EDGE SEC 1","102","Commercial","1/28/2020"
"AH4R TN3 LLC C/O LEGAL DEPT C/O","MAGNOLIA DRIVE  109","097L","E","016.00","000","097L E 01600 000","NORTHWOODS PH 7 SEC","183","Commercial","1/29/2020"
"AH4R TN3 LLC C/O LEGAL DEPT C/O","BRADFORD CIRCLE  145","159K","F","061.00","000","159K F 06100 000","BRADFORD SHADE SEC 3","94","Commercial","2/7/2020"
"AH4R TN3 LLC TAX DEPARTMENT C/O","PINE HURST DRIVE  1084","114M","A","024.00","000","114M A 02400 000","EAGLE CREEK SEC 1-EA","24-24","Commercial","8/11/2017"
"AH4R TN3 LLC TAX DEPARTMENT C/O","TRAIL RIDGE WAY  135","144H","C","027.00","000","144H C 02700 000","MANSKER FARMS PH 10 SEC 1","552","Commercial","8/10/2017"
"AH4R TN3 LLC TAX DEPT C/O","NOTTING HILL DRIVE  1003","124O","A","064.00","000","124O A 06400 000","STONE CREEK PH 2 REV","64-64","Commercial","8/14/2017"
"AH4R TN3 LLC TAX DEPT C/O","WYNLANDS DRIVE  111","143B","F","002.00","000","143B F 00200 000","WYNLANDS PH 2 SEC 1","20","Commercial","8/4/2017"
"AH4R TN3 LLCC c/o LEGAL DEPT C/O","BRAXTON PARK LANE  134","142D","A","011.00","000","142D A 01100 000","BRAXTON PARK AT WOODWYN HILLS S2","19","Commercial","1/15/2020"
"AH4R-TN 11 LLC","CAMBRIDGE DRIVE  105","135H","E","062.00","000","135H E 06200 000","ACADEMY ACRES SEC 1","58","Commercial","12/4/2012"
"AH4R-TN 11 LLC","RUTHERFORD WAY  1007","145H","A","036.00","000","145H A 03600 000","LAWSON POINTE SEC 1","91","Commercial","8/9/2012"
"AH4R-TN 11 LLC","CANDLE WOOD DRIVE  129","170E","J","012.00","000","170E J 01200 000","CANDLE WOODS SEC 7","113","Commercial","5/21/2026"
"AH4R-TN 3 LLC","SPRINGBROOK BOULEVARD  204","096F","A","021.00","000","096F A 02100 000","SPRINGBROOK P U D","13","Commercial","10/18/2016"
"AH4R-TN 3 LLC","GANNETT ROAD  1004","124I","A","052.00","000","124I A 05200 000","CREEKSIDE AT STATION","C193","Commercial","8/24/2015"
"AH4R-TN 3 LLC","GROVE LANE SOUTH  147","144I","B","033.00","000","144I B 03300 000","GROVES AT MANSKER FARMS P1 S3","214","Commercial","10/11/2016"
"AH4R-TN 3 LLC","SOUTH BIRCHWOOD DRIVE  133","159A","P","006.00","000","159A P 00600 000","GLEN OAK SEC 8","304","Commercial","7/26/2012"
"AH4R-TN3 LLC","HOMESTEAD PLACE WEST  117","144N","A","017.00","000","144N A 01700 000","HOMESTEAD PLACE PHAS","66","Commercial","4/16/2015"
"AH4R-TN3 LLC","FAIRGROVE CIRCLE  102","170E","K","047.00","000","170E K 04700 000","CHESAPEAKE HARBOR SEC 1B","294","Commercial","9/30/2016"
"AH4RTN 3 LLC","LOUISE DRIVE  114","077N","B","010.00","000","077N B 01000 000","KNOLLWOOD SUB SEC 2","10","Commercial","9/20/2016"
"AJJ ENTERPRISES LLC","VENETIAN WAY  107","158H","E","004.00","000","158H E 00400 000","BLUEGRASS DOWNS SEC 2","19","Commercial","2/18/2026"
"AJJS ENTERPRISES LLC","NIGHTINGALE AVE  882","123B","G","013.00","000","123B G 01300 000","DURHAM FARMS PH4 SEC35B","1295","Commercial","8/28/2024"
"AJJS ENTERPRISES LLC","ERVIN STREET  127","164G","H","101.00","000","164G H 10100 000","BERRY HILL PH 2 SEC 2","28","Commercial","7/25/2024"
"AJR MONTESSORI LLC","NEW SHACKLE ISLAND RD  162","160L","F","028.00","000","160L F 02800 000","ROLLING ACRES SEC.1","0061","Commercial","8/5/2021"
"AJS ASSOCIATES (KENTUCKY FRIED CHICKEN)","WEST MAIN STREET  322","160M","A","019.00","000","160M A 01900 000","","","Commercial","9/7/2004"
"AJS PROPERTIES LLC","31W HWY  5750","018","","001.00","000","018    00100 000","","","Commercial","3/4/2022"
"ALBARRACIN TERESITA","GRAY STREET WEST","113N","A","013.00","000","113N A 01300 000","","","Commercial","7/11/2025"
"ALBERT DANIEL AYMAN & KEVIN AYMAN ALBERT","LOUISVILLE HWY  1120","140","","066.00","000","140    06600 000","","","Commercial","5/22/2025"
"ALDEAN RENTAL PROPERTIES LLC","RIDGECREST DRIVE  102","144P","A","048.00","000","144P A 04800 000","RIDGECREST ESTATES","IST","Commercial","3/2/2026"
"ALDEAN RENTAL PROPERTIES LLC","TOWNSHIP DRIVE  211","160F","K","022.00","000","160F K 02200 000","HILLWOOD 4-C PT.II S","100","Commercial","3/2/2026"
"ALEXANDER ROBIN ETVIR CHRISTOPHER","25W HWY  2751","079","","034.00","001","079    03400 001","","","Commercial","7/6/2023"
"ALEXANDER ROY ALEXANDER EMILY W ETUX","DOROTHY JORDAN AVENUE  0","126B","C","017.00","000","126B C 01700 000","","","Commercial","12/6/2018"
"ALEXANDER ROY D","RED RIVER ROAD  355","126G","A","027.00","000","126G A 02700 000","","","Commercial","5/31/2011"
"ALEXANDER ROY D ALEXANDER EMILY A ETUX","DOROTHY JORDAN AVENUE  0","126B","C","015.00","000","126B C 01500 000","","","Commercial","10/24/2020"
"ALEXANDER ROY D ALEXANDER EMILY A ETUX","DOROTHY JORDAN AVENUE  151","126B","C","016.00","000","126B C 01600 000","","","Commercial","10/24/2020"
"ALL-STAR PROPERTIES LLC","VALLEY RIDGE DRIVE  1501","112L","B","014.00","000","112L B 01400 000","SUNNYMEADE SEC. 3","0106","Commercial","9/20/2021"
"ALL-STAR PROPERTIES LLC","IRIS DRIVE  908","112P","B","007.00","000","112P B 00700 000","GREEN ACRES NO 2","5, 6, 7","Commercial","4/30/2021"
"ALLEN DUANE ETUX NORA LEE","STADIUM DRIVE  121","163D","A","015.00","000","163D A 01500 000","PATE","PO44+45","Commercial","8/1/1982"
"ALLEN IP","STEAM PLANT ROAD  873","127","","065.05","000","127    06505 000","GREEN MORGAN PARK RE","4-4","Commercial","12/17/2021"
"ALLEN KYLE ALLEN TANYA","CAIRO ROAD  1050","127","","054.01","000","127    05401 000","","","Commercial","10/31/2022"
"ALLIANT HOLDINGS II LLC % LYNN SEBASTIAN","WEST MAIN STREET  759","160O","C","005.00","000","160O C 00500 000","","","Commercial","6/9/2020"
"ALLIED FEDERATION-BROTHERHOOD OF MAINTEN","IMPERIAL BLVD  111","163C","F","002.00","023","163C F 00200C023","IMPERIAL POINTE CONDOMINIUM","C300","Commercial","1/3/2011"
"ALLISON PROPERTIES LLC","TYREE SPRINGS ROAD  100","077G","B","010.00","000","077G B 01000 000","","","Commercial","5/24/2024"
"ALLISON PROPERTIES LLC","MARLIN ROAD  304","096","","086.01","000","096    08601 000","","","Commercial","5/24/2024"
"ALLISON PROPERTIES LLC 108 TYREE SPRINGS SERIES","TYREE SPRINGS ROAD  108","077G","B","016.00","000","077G B 01600 000","","","Commercial","5/24/2024"
"ALMAGUER NORBERTO PERALES & SUSANA BALDERAS ALMAGUER","WATER AVENUE NORTH  636","113K","B","018.00","000","113K B 01800 000","DOUGLAS HEIGHTS","LIST","Commercial","11/1/2024"
"ALPHA MEDICAL ASSOCIATES INC","AUSTIN PEAY HWY  5430","044E","D","001.00","000","044E D 00100 000","","","Commercial","3/22/2006"
"ALRON PARTNERS","WEST MAIN STREET  317","163D","C","015.03","000","163D C 01503 000","HENDERSONVILLE CHURCH OF CHRIST RESUB","1","Commercial","10/21/2009"
"ALSALMAN ABDULALLHA","NOKES DRIVE  203","163E","E","012.00","000","163E E 01200 000","NOKES ADDN TO HENDERSONVILLE","LIST","Commercial","7/21/2025"
"ALTAMIMI ALAA","LOUISVILLE HWY  1195","121P","B","014.00","000","121P B 01400 000","GLEN'S AUTO","","Commercial","8/6/2015"
"ALTO 3 HFS ASSET COMPANY LLC","SMOKY MOUNTAINS DRIVE  569","148I","D","004.00","000","148I D 00400 000","","90","Commercial","5/20/2025"
"ALTO 3 HFS ASSET COMPANY LLC","VINTAGE CIRCLE  204","159K","G","014.00","000","159K G 01400 000","VINTAGE KNOLL PH 4","55","Commercial","5/20/2025"
"ALTO 3 HFS ASSET COMPANY LLC","CAGE ROAD  138","160M","C","010.00","003","160M C 01000 003","","","Commercial","5/20/2025"
"ALTO ASSET CO 1 LLC","CREEK SIDE COURT  106","159A","N","010.00","000","159A N 01000 000","GLEN OAK SEC 1 PT C","42","Commercial","11/25/2019"
"ALTO ASSET CO 1 LLC","HERONS NEST LANE  118","170E","M","005.00","000","170E M 00500 000","CHESAPEAKE HARBOR SEC 3B","173","Commercial","11/25/2019"
"ALTO ASSET CO 1 LLC","WALTON TRACE SOUTH  160","170L","E","097.00","000","170L E 09700 000","WALTON TRACE PH 5","126","Commercial","11/25/2019"
"ALTO ASSET COMPANY 1 LLC","SANTA MONICA BLVD  210","104N","B","037.00","000","104N B 03700 000","HOLLYWOOD HILLS","63","Commercial","12/3/2019"
"ALTO ASSET COMPANY 1 LLC","BLACK THORN LANE  388","124C","D","001.00","000","124C D 00100 000","","143","Commercial","12/3/2019"
"ALTO ASSET COMPANY 1 LLC","BLACK THORN LANE  389","124C","D","040.00","000","124C D 04000 000","CARELLTON PH 3A","212","Commercial","12/3/2019"
"ALTO ASSET COMPANY 1 LLC","DEVONSHIRE TRAIL  104","146O","A","014.00","000","146O A 01400 000","VILLAGE AT RIVERCHAS","14","Commercial","12/3/2019"
"ALTO ASSET COMPANY 1 LLC","BRYCE CANYON WAY  454","148I","E","002.00","000","148I E 00200 000","","69","Commercial","12/3/2019"
"ALTO ASSET COMPANY 1 LLC","BRYCE CANYON WAY  464","148I","E","004.00","000","148I E 00400 000","","67","Commercial","12/3/2019"
"ALTO ASSET COMPANY 1 LLC","BRYCE CANYON WAY  451","148I","E","011.00","000","148I E 01100 000","","60","Commercial","12/3/2019"
"ALTO ASSET COMPANY 1 LLC","BRYCE CANYON WAY  434","148I","E","018.00","000","148I E 01800 000","","73","Commercial","12/3/2019"
"ALTO ASSET COMPANY 1 LLC","CAGE ROAD  134","160M","C","010.00","000","160M C 01000 000","","","Commercial","3/25/2019"
"ALTO ASSET COMPANY 1 LLC","CAGE ROAD  134","160M","C","010.00","001","160M C 01000 001","","","Commercial","12/3/2019"
"ALTO ASSET COMPANY 1 LLC","CAGE ROAD  136","160M","C","010.00","002","160M C 01000 002","","","Commercial","12/3/2019"
"ALTO ASSET COMPANY 1 LLC","CAGE ROAD  140","160M","C","010.00","004","160M C 01000 004","","","Commercial","12/3/2019"
"ALTO ASSET COMPANY 2 LLC","WATERFORD WAY  108","146O","E","012.00","000","146O E 01200 000","RIVER CHASE","547","Commercial","3/3/2020"
"ALTO ASSET COMPANY 2 LLC","LORI LEE DR  164","147J","A","015.00","000","147J A 01500 000","LORI LEE ESTATES","104","Commercial","3/3/2020"
"ALTO ASSET COMPANY 2 LLC","LAKE RISE OVERLOOK  1020","158M","B","017.00","000","158M B 01700 000","LAKE RISE","16","Commercial","3/3/2020"
"ALTO ASSET COMPANY 3 LLC","BLADE STREET  372","113P","E","044.00","000","113P E 04400 000","BEAUTIFUL MEADOWS S/","11","Commercial","5/19/2025"
"ALTO ASSET COMPANY 3 LLC","NEWMANS TRAIL  1605","123G","A","025.00","000","123G A 02500 000","COUNTRY HOMES SEC 8","88","Commercial","5/19/2025"
"ALTO ASSET COMPANY 5 LLC","WILLOMONT AVENUE NORTH  236","113M","B","018.02","000","113M B 01802 000","BLAYLOCK CORNER","3","Commercial","5/9/2023"
"ALTO ASSET COMPANY 5 LLC","STEPHANIE STREET  820","126O","C","006.00","000","126O C 00600 000","HALEWOOD EST SEC 5","30","Commercial","5/9/2023"
"ALTO ASSET COMPANY 5 LLC","LOUANN LANE  110","145I","B","014.00","000","145I B 01400 000","COLONIAL ACRES SEC.","0390","Commercial","5/9/2023"
"ALTO ASSET COMPNAY 2 LLC","BROOKVIEW COURT  1020","120E","A","008.00","000","120E A 00800 000","WILLOW CREEK SEC 4 R","214-214","Commercial","3/3/2020"
"ALTO ASSETT CO 2 LLC","ROSE GARDEN LANE  145","140P","D","034.00","000","140P D 03400 000","BRAXTON PARK AT WOODWYN HILLS S5","154","Commercial","3/11/2020"
"ALTO ASSETT CO 2 LLC","RIVERMONT CIRCLE  1444","157G","A","011.00","000","157G A 01100 000","RIVERMONT SEC 2","109","Commercial","3/11/2020"
"ALTO ASSETT CO 2 LLC","DOUGLAS PLACE  1121","157G","B","018.00","000","157G B 01800 000","RIVERMONT SEC 2","134","Commercial","3/11/2020"
"ALUOCH PROPERTIES LLC","WESSINGTON COURT 104A & B  104","159A","H","017.00","000","159A H 01700 000","COLONIAL ACRES SEC 3","193","Commercial","11/1/2023"
"AM SOUTH BANK","EAST MAIN STREET  249","159J","A","019.02","000","159J A 01902 000","MAPLE ROW BLVD","1+2","Commercial","12/31/1999"
"AM SOUTH BANK 6TH FLOOR","MAIN STREET EAST  285","126C","K","013.00","000","126C K 01300 000","","","Commercial","12/31/1999"
"AMAIDAS LLC","ELLEN DRIVE  0","143N","A","003.00","000","143N A 00300 000","PAGE HEIGHTS SEC 3","132","Commercial","11/25/2022"
"AMAIDAS LLC","ELLEN DRIVE  0","143N","A","004.00","000","143N A 00400 000","PAGE HEIGHTS SEC 3","133","Commercial","11/25/2022"
"AMAIDAS LLC","ELLEN DRIVE  0","143N","A","005.00","000","143N A 00500 000","PAGE HEIGHTS SEC 3","134","Commercial","11/25/2022"
"AMAIDAS LLC","ELLEN DRIVE  0","143N","A","006.00","000","143N A 00600 000","PAGE HEIGHTS SEC 3","135","Commercial","11/25/2022"
"AMAYA RENTALS LLC","SCOTTY PARKER ROAD  1931","092","","032.00","000","092    03200 000","","","Commercial","7/25/2024"
"AMAYA RENTALS LLC","HILLSIDE LANE  557","112N","B","015.00","000","112N B 01500 000","ROLLING ACRES","60","Commercial","7/25/2024"
"AMAYA RENTALS LLC","TROUSDALE AVENUE  212","113P","B","003.00","000","113P B 00300 000","MEADOWBROOK S/D 1","0012","Commercial","1/2/2025"
"AMAYA RENTALS LLC","BLEDSOE STREET EAST  219","126C","P","026.00","000","126C P 02600 000","","","Commercial","7/25/2024"
"AMAYA RENTALS LLC","ELECTRA STREET SOUTH  124","126H","A","022.00","000","126H A 02200 000","HOLLAND HGTS NO 1","19","Commercial","7/25/2024"
"AMAYA RENTALS LLC","ELECTRA STREET SOUTH  114","126H","A","027.00","000","126H A 02700 000","HOLLAND HGTS NO 1","24","Commercial","7/25/2024"
"AMAYA RENTALS LLC","TRAIL DRIVE  710","126H","C","006.00","000","126H C 00600 000","INDIAN HILLS SEC 2","6","Commercial","7/25/2024"
"AMAYA RENTALS LLC","BRITTON AVENUE  931","126N","K","030.00","000","126N K 03000 000","HALEWOOD ADD. 3","31","Commercial","7/25/2024"
"AMAYA RENTALS LLC","BELVEDERE DRIVE  1058","135A","A","010.00","000","135A A 01000 000","BEL AIR S/D SEC 11","0006","Commercial","7/3/2025"
"AMAYA RENTALS LLC","JASON COURT  110","135B","A","012.00","000","135B A 01200 000","GREEN WAVE PARK SEC 3","42","Commercial","7/25/2024"
"AMAYA RENTALS LLC","JOSLIN AVENUE  239","135C","B","037.00","000","135C B 03700 000","HALEWOOD ESTATES","15,PO16","Commercial","7/25/2024"
"AMAYA RENTALS LLC","WESSINGTON PLACE  144","159H","A","001.00","000","159H A 00100 000","COLONIAL ACRES SEC 3","182","Commercial","3/12/2025"
"AMERICAN EALE","WALTON FERRY ROAD  202","163D","F","010.00","000","163D F 01000 000","","","Commercial","12/20/2018"
"AMERICAN HOME REALTY LLC","NASHVILLE PIKE  1545","136","","018.04","000","136    01804 000","GREENSBORO VILLAGE P","2B-2","Commercial","12/28/2012"
"AMERICAN HOME REALTY LLC","NASHVILLE PIKE  1690","136","","046.00","000","136    04600 000","","","Commercial","3/24/2026"
"AMERICAN HOME REALTY LLC","NASHVILLE PIKE  1700","136","","046.05","000","136    04605 000","","5","Commercial","3/24/2026"
"AMERICAN LEGION JOHN T ALEXANDER POST #17","WATER AVENUE SOUTH  1140","135C","D","002.00","001","135C D 00200 001","","","Commercial","5/12/1998"
"AMERIGAS PROPANE LP","HARTSVILLE PIKE  1290","112","","041.00","000","112    04100 000","","","Commercial","11/15/1993"
"AMH 2014 2 BORROWER LLC","HICKORY TRAIL  217","077N","C","030.00","000","077N C 03000 000","COVINGTON HEIGHTS SE","79-79","Commercial","7/2/2026"
"AMH 2014 2 BORROWER LLC","REMINGTON AVENUE  441","114J","C","048.00","000","114J C 04800 000","CAMBRIDGE FARMS PH 5","471","Commercial","7/2/2026"
"AMH 2014 2 BORROWER LLC","BROOKVIEW CIRCLE  155","120F","A","001.00","000","120F A 00100 000","WILLOW CREEK RESUB-W","24-24","Commercial","7/2/2026"
"AMH 2014 2 BORROWER LLC","FULMAN ROAD  1025","124I","A","018.00","000","124I A 01800 000","CREEKSIDE AT STATION","C18","Commercial","7/2/2026"
"AMH 2014 2 BORROWER LLC","PORTER COURT  103","137J","B","018.00","000","137J B 01800 000","SAUNDERSVILLE STATION PH 3","99","Commercial","7/2/2026"
"AMH 2014 2 BORROWER LLC","BRANT LANE  106","137J","B","026.00","000","137J B 02600 000","SAUNDERSVILLE STATION PH 3","91","Commercial","7/2/2026"
"AMH 2014 2 BORROWER LLC","PIONEER COURT  103","137O","C","009.01","000","137O C 00901 000","SAUNDERSVILLE STATION PH 1 SEC 2","74","Commercial","7/2/2026"
"AMH 2014 2 BORROWER LLC","LANCE PARK CIRCLE  104","140P","F","012.00","000","140P F 01200 000","BRAXTON PARK SEC 7","133","Commercial","7/2/2026"
"AMH 2014 2 BORROWER LLC","LORETTA DRIVE  817","143A","E","004.00","000","143A E 00400 000","WOODWYN HILLS SEC 1 RES 100+101","100","Commercial","9/19/2014"
"AMH 2014 2 BORROWER LLC","ROSE GARDEN LANE  120","143A","G","011.00","000","143A G 01100 000","BRAXTON PARK AT WOODWYN HILLS SEC 4","118","Commercial","7/2/2026"
"AMH 2014 2 BORROWER LLC","VILLA WAY  102","144I","M","040.00","000","144I M 04000 000","MANSKER FARMS PH 16","754","Commercial","9/19/2014"
"AMH 2014 2 BORROWER LLC","HOMESTEAD PLACE  133","144N","B","014.00","000","144N B 01400 000","HOMESTEAD PLACE PH 2","51","Commercial","7/2/2026"
"AMH 2014 2 BORROWER LLC","BURNHAM DRIVE SOUTH  1046","144N","D","056.00","000","144N D 05600 000","TRACE AT ALEXANDREA-","159","Commercial","7/2/2026"
"AMH 2014 2 BORROWER LLC","MANSKER PARK DRIVE  106","144P","C","001.00","000","144P C 00100 000","MANSKER PARK/MANSKER","53","Commercial","9/19/2014"
"AMH 2014 2 BORROWER LLC","WILLOW PARK CIRCLE  1000","145A","A","025.00","000","145A A 02500 000","WILLOW PARK PH 1","27","Commercial","7/2/2026"
"AMH 2014 2 BORROWER LLC","SHORESIDE DRIVE  1423","146N","A","012.00","000","146N A 01200 000","SOUTHERN SHORES","4","Commercial","7/2/2026"
"AMH 2014 2 BORROWER LLC","SMOKY MOUNTAINS DRIVE  673","148I","A","032.00","000","148I A 03200 000","CUMBERLAND PLACE N SEC 2","116","Commercial","9/19/2014"
"AMH 2014 2 BORROWER LLC","SMOKY MOUNTAINS DRIVE  645","148I","A","039.00","000","148I A 03900 000","CUMBERLAND PLACE N SEC 2","109","Commercial","7/2/2026"
"AMH 2014 2 BORROWER LLC","OTTER GLEN DRIVE  100","164C","E","001.00","000","164C E 00100 000","OTTER CREEK REVISION 1","1","Commercial","7/2/2026"
"AMH 2014 2 BORROWER LP","SHAGBARK WAY  1814","105K","A","030.00","000","105K A 03000 000","OAK HILL SUB PH 1-OA","28-28","Commercial","7/2/2026"
"AMH 2014 3 BORROWER LLC","REID WAY  205","077G","F","018.00","000","077G F 01800 000","HERITAGE FARMS SEC 3","56","Commercial","5/1/2026"
"AMH 2014 3 BORROWER LLC","CREEKWOOD DRIVE  204","077N","C","017.00","000","077N C 01700 000","COVINGTON HEIGHTS SE","41-41","Commercial","5/14/2026"
"AMH 2014 3 BORROWER LLC","CHELSEA DRIVE  1014","099J","C","018.00","000","099J C 01800 000","RIDGECREST PUD PH 4-","30-30","Commercial","5/1/2026"
"AMH 2014 3 BORROWER LLC","ROCKY CREST DRIVE  435","112O","E","006.00","000","112O E 00600 000","STONEHEDGE PH 3","33","Commercial","5/1/2026"
"AMH 2014 3 BORROWER LLC","PEPPERTREE LANE  169","114E","A","025.00","000","114E A 02500 000","TWIN EAGLES PH 2","70","Commercial","5/1/2026"
"AMH 2014 3 BORROWER LLC","WEATHERVANE DRIVE  664","114E","B","014.00","000","114E B 01400 000","TWIN EAGLES PH 3","26","Commercial","5/1/2026"
"AMH 2014 3 BORROWER LLC","OSPREY DRIVE  239","114E","E","003.00","000","114E E 00300 000","TWIN EAGLES PH 6","180","Commercial","5/1/2026"
"AMH 2014 3 BORROWER LLC","MIDDLETON LANE  1006","114G","A","004.00","000","114G A 00400 000","CAMBRIDGE FARMS PH 1","129","Commercial","5/1/2026"
"AMH 2014 3 BORROWER LLC","REMINGTON AVENUE  350","114J","B","010.00","000","114J B 01000 000","CAMBRIDGE FARMS PH 4","393","Commercial","5/1/2026"
"AMH 2014 3 BORROWER LLC","REMINGTON AVENUE  477","114J","C","040.00","000","114J C 04000 000","CAMBRIDGE FARMS PH 5","463","Commercial","5/1/2026"
"AMH 2014 3 BORROWER LLC","WEMBLEY COURT  1212","114K","D","023.00","000","114K D 02300 000","CAMBRIDGE FARMS PH 2","178","Commercial","5/1/2026"
"AMH 2014 3 BORROWER LLC","BUCKINGHAM BOULEVARD  427","114K","D","027.00","000","114K D 02700 000","CAMBRIDGE FARMS PH 2","182","Commercial","5/1/2026"
"AMH 2014 3 BORROWER LLC","BUCKINGHAM BOULEVARD  439","114K","F","025.00","000","114K F 02500 000","CAMBRIDGE FARMS PH2","185","Commercial","5/1/2026"
"AMH 2014 3 BORROWER LLC","BROOKVIEW CIRCLE  132","120K","D","024.00","000","120K D 02400 000","WILLOW CREEK RESUB-W","59-59","Commercial","5/1/2026"
"AMH 2014 3 BORROWER LLC","ADDINGTON ROAD  1025","124H","B","021.00","000","124H B 02100 000","CREEKSIDE AT STATION","B45","Commercial","5/1/2026"
"AMH 2014 3 BORROWER LLC","FULMAN ROAD  1020","124I","A","027.00","000","124I A 02700 000","CREEKSIDE AT STATION","C139","Commercial","5/1/2026"
"AMH 2014 3 BORROWER LLC","GANNETT ROAD  1018","124I","A","045.00","000","124I A 04500 000","CREEKSIDE AT STATION","C186","Commercial","5/1/2026"
"AMH 2014 3 BORROWER LLC","MONTICELLO PLACE  1044","127C","D","004.00","000","127C D 00400 000","CAIRO LANDING PH 1","15","Commercial","5/1/2026"
"AMH 2014 3 BORROWER LLC","BOTHWELL PLACE  1236","135F","C","053.00","000","135F C 05300 000","CLEAR LAKE MEADOWS SEC 5 PH 1","248","Commercial","5/1/2026"
"AMH 2014 3 BORROWER LLC","BENNETT DRIVE  111","141D","E","005.00","000","141D E 00500 000","CIMMARON TRACE SEC 3","128","Commercial","5/1/2026"
"AMH 2014 3 BORROWER LLC","LORETTA DRIVE  846","143A","G","007.00","000","143A G 00700 000","BRAXTON PARK AT WOODWYN HILLS SEC 4","163","Commercial","5/1/2026"
"AMH 2014 3 BORROWER LLC","SADDLE DRIVE  112","144H","B","034.00","000","144H B 03400 000","MANSKER FARMS PH 10 SEC 3","499","Commercial","11/25/2014"
"AMH 2014 3 BORROWER LLC","OAK COURT  103","144I","C","012.00","000","144I C 01200 000","GROVES AT MANSKER FARMS P1 S3","235","Commercial","11/25/2014"
"AMH 2014 3 BORROWER LLC","HOMESTEAD LANE  103","144N","B","013.00","000","144N B 01300 000","HOMESTEAD PLACE PH 2","52","Commercial","11/25/2014"
"AMH 2014 3 BORROWER LLC","IRIS DRIVE  280","144N","E","023.00","000","144N E 02300 000","HOMESTEAD PLACE PH 3","35","Commercial","5/1/2026"
"AMH 2014 3 BORROWER LLC","WHITLEY PLACE  1000","145H","A","052.00","000","145H A 05200 000","LAWSON POINTE SEC 1","87","Commercial","5/1/2026"
"AMH 2014 3 BORROWER LLC","MEADOW CREST COURT  105","145P","G","033.00","000","145P G 03300 000","SUMNER MEADOWS PH 2","79","Commercial","5/1/2026"
"AMH 2014 3 BORROWER LLC","SUMNER MEADOWS LANE  134","145P","G","043.00","000","145P G 04300 000","SUMNER MEADOWS PH 2","92","Commercial","5/1/2026"
"AMH 2014 3 BORROWER LLC","CAMERADO LANE  116","158A","F","014.00","000","158A F 01400 000","WINSTON HILLS PH 1 SEC 3","59","Commercial","5/1/2026"
"AMH 2014 3 BORROWER LLC","BRADFORD CIRCLE  155","159K","E","011.00","000","159K E 01100 000","BRADFORD SHADE","9","Commercial","5/1/2026"
"AMH 2014 3 BORROWER LLC","BRADFORD CIRCLE  166","159K","F","002.00","000","159K F 00200 000","BRADFORD SHADE SEC 2","36","Commercial","5/1/2026"
"AMH 2014 3 BORROWER LLC","VINTAGE CIRCLE  226","159K","G","003.00","000","159K G 00300 000","VINTAGE KNOLL PH 4 R","44-44","Commercial","5/1/2026"
"AMH 2014 3 BORROWER LLC","BREAKWATER NORTH  114","159M","D","008.00","000","159M D 00800 000","EDGEWATER SEC 1","7","Commercial","5/1/2026"
"AMH 2014 3 BORROWER LLC","CHIPWOOD DRIVE  105","160H","A","003.00","000","160H A 00300 000","MONTHAVEN GREEN PH 1","3","Commercial","5/1/2026"
"AMH 2014 3 BORROWER LLC","SAVO BAY  117","163C","H","021.00","000","163C H 02100 000","HARBOR PLACE","9","Commercial","5/1/2026"
"AMH 2014 3 BORROWER LLC","WALTON VILLAGE DRIVE  126","163D","E","074.00","000","163D E 07400 000","VILLAGES OF WALTON SQUARE PH 3","141","Commercial","5/1/2026"
"AMH 2014 3 BORROWER LLC","OTTER GLEN DRIVE  119","164C","D","062.00","000","164C D 06200 000","OTTER POINTE","14","Commercial","5/1/2026"
"AMH 2014 3 BORROWER LLC","OTTER GLEN DRIVE  115","164C","D","064.00","000","164C D 06400 000","OTTER POINTE","16","Commercial","5/1/2026"
"AMH 2014 3 BORROWER LLC","BREAKWATER DRIVE  207","164D","D","041.00","000","164D D 04100 000","BREAKWATER SEC 1","24","Commercial","5/1/2026"
"AMH 2014 3 BORROWER LLC","BUCKHAVEN COURT  104","164F","E","043.00","000","164F E 04300 000","CUMBERLAND PLACE SEC 5","109","Commercial","5/1/2026"
"AMH 2014 3 BORROWER LLC","WARREN PLACE  103","170L","G","003.00","000","170L G 00300 000","WALTON TRACE PH 2","31","Commercial","5/1/2026"
"AMH 2014 3 BORROWER LP","CAPTAINS CIRCLE  118","137J","B","010.00","000","137J B 01000 000","SAUNDERSVILLE STATION PH 3","173","Commercial","5/1/2026"
"AMH 2014 3 BORROWER LP","TRAIL RIDGE WAY  105","144H","C","007.00","000","144H C 00700 000","MANSKER FARMS PH 10 SEC 1","462","Commercial","11/13/2018"
"AMH 2014 3 BORROWER LP","WALTON TRACE SOUTH  157","170L","E","084.00","000","170L E 08400 000","WALTON TRACE PH 5","113","Commercial","5/1/2026"
"AMH 2014 3BRROWER LLC","SYCAMORE DRIVE  305","097L","E","032.00","000","097L E 03200 000","NORTHWOODS PH 7 SEC","197","Commercial","5/1/2026"
"AMH 2014 3BRROWER LLC","ROCK LEDGE PASS  1150","112O","A","023.00","000","112O A 02300 000","STONEHEDGE PH 1","47","Commercial","5/1/2026"
"AMH 2014 3BRROWER LLC","SUMMERLIN DRIVE  121","113P","H","005.00","000","113P H 00500 000","FAIRWAYS HEIGHTS SEC","5","Commercial","5/1/2026"
"AMH 2014 3BRROWER LLC","LASSITER DRIVE  2011","120K","B","006.00","000","120K B 00600 000","NORTH POINTE PHASE I","107","Commercial","5/1/2026"
"AMH 2014 3BRROWER LLC","SETTLERS WAY  112","137O","A","007.00","000","137O A 00700 000","SAUNDERSVILLE STATION PH 1","7","Commercial","5/1/2026"
"AMH 2014 3BRROWER LLC","HUNTINGTON PLACE  128","146I","F","016.00","000","146I F 01600 000","WYNCREST PH 6","194","Commercial","5/1/2026"
"AMH 2014 3BRROWER LLC","CABIN BRANCH CIRCLE  104","158A","D","007.00","000","158A D 00700 000","WINSTON HILLS PH 1 RESUB","28","Commercial","5/1/2026"
"AMH 2014 3BRROWER LLC","CABIN BRANCH CIRCLE  114","158A","D","040.00","000","158A D 04000 000","WINSTON HILLS PH 1 SEC 2","33","Commercial","5/1/2026"
"AMH 2014 3BRROWER LLC","BRADFORD CIRCLE  147","159K","F","011.00","000","159K F 01100 000","BRADFORD SHADE SEC 2","37","Commercial","5/1/2026"
"AMH 2014 3BRROWER LLC","EDGEWATER PLACE  107","159M","E","005.00","000","159M E 00500 000","EDGEWATER SEC 2","16","Commercial","5/1/2026"
"AMH 2014 3BRROWER LLC","BENNINGTON COURT NORTH  115","160C","F","039.00","000","160C F 03900 000","TRACE AT ALEXANDREA-","197","Commercial","5/1/2026"
"AMH 2014-3 BORROWER LLC","GANNETT ROAD  1027","124I","A","038.00","000","124I A 03800 000","CREEKSIDE AT STATION","C150","Commercial","5/1/2026"
"AMH 2014-3 BORROWER LLC","STIRRUP COURT  102","144H","B","037.00","000","144H B 03700 000","MANSKER FARMS PH 10 SEC 3","496","Commercial","11/25/2014"
"AMH 2014-3 BORROWER LLC","KNOX COURT  103","170L","H","012.00","000","170L H 01200 000","WALTON TRACE PH 3","62","Commercial","5/1/2026"
"AMH 2014-3 BORROWER LP","HEDGEWAY COURT  172","114E","A","028.00","000","114E A 02800 000","TWIN EAGLES PH 2","73","Commercial","5/1/2026"
"AMH 2014-3 BORROWER LP","COMMUNITY COURT  658","114E","B","012.00","000","114E B 01200 000","TWIN EAGLES PH 3","19","Commercial","5/1/2026"
"AMH 2014-3 BORROWER LP","WILDCAT RUN  275","114E","G","013.00","000","114E G 01300 000","TWIN EAGLES PH 7 SEC","214","Commercial","5/1/2026"
"AMH 2014-3 BORROWER LP","MIDDLETON LANE  1020","114G","A","008.00","000","114G A 00800 000","CAMBRIDGE FARMS PH 1","133","Commercial","5/1/2026"
"AMH 2014-3 BORROWER LP","HIGH RIDGE DRIVE  1001","120D","B","045.00","000","120D B 04500 000","WILLOW CREEK SEC 3","168","Commercial","5/1/2026"
"AMH 2014-3 BORROWER LP","HIGH RIDGE DRIVE  1005","120D","B","046.00","000","120D B 04600 000","WILLOW CREEK SEC 3","169","Commercial","5/1/2026"
"AMH 2014-3 BORROWER LP","HIGH RIDGE DRIVE  1007","120D","B","047.00","000","120D B 04700 000","WILLOW CREEK SEC 3","170","Commercial","5/1/2026"
"AMH 2014-3 BORROWER LP","HIGH RIDGE DRIVE SOUTH  103","120D","B","060.00","000","120D B 06000 000","WILLOW CREEK SEC 3","183","Commercial","5/1/2026"
"AMH 2014-3 BORROWER LP","PATMORE LANE  1015","124I","B","061.00","000","124I B 06100 000","CREEKSIDE AT STATION","C107","Commercial","5/1/2026"
"AMH 2014-3 BORROWER LP","ALBION CIRCLE  484","126L","E","077.00","000","126L E 07700 000","ALBION DOWNS PH 3","79","Commercial","5/1/2026"
"AMH 2014-3 BORROWER LP","HOLLERMAN LANE  586","127C","C","039.00","000","127C C 03900 000","ROLLING ACRES ADDITI","39","Commercial","5/1/2026"
"AMH 2014-3 BORROWER LP","SAVANNAH AVENUE  1075","135B","D","006.00","000","135B D 00600 000","ELK ACRES SEC 2","56","Commercial","5/1/2026"
"AMH 2014-3 BORROWER LP","BOTHWELL PLACE  1216","135F","C","050.00","000","135F C 05000 000","CLEAR LAKE MEADOWS S","245","Commercial","5/1/2026"
"AMH 2014-3 BORROWER LP","STANLEY DRIVE  177","135F","D","005.00","000","135F D 00500 000","CLEAR LAKE MEADOWS SEC 11","187","Commercial","5/1/2026"
"AMH 2014-3 BORROWER LP","CHESIRE WAY  953","136F","C","003.00","000","136F C 00300 000","PLANTATION TRACE PH 2","3","Commercial","5/1/2026"
"AMH 2014-3 BORROWER LP","CHESIRE WAY  1026","136F","D","021.00","000","136F D 02100 000","PLANTATION TRACE PH 3","91","Commercial","5/1/2026"
"AMH 2014-3 BORROWER LP","SMOKY MOUNTAINS DRIVE  642","148I","A","011.00","000","148I A 01100 000","CUMBERLAND PLACE N SEC 2","137","Commercial","5/1/2026"
"AMH 2014-3 BORROWER LP","SMOKY MOUNTAINS DRIVE  605","148I","B","003.00","000","148I B 00300 000","CUMBERLAND PLACE N SEC 4 PH 1","99","Commercial","5/1/2026"
"AMH 2014-3 BORROWER LP","MESA VERDE PLACE  839","148I","C","013.00","000","148I C 01300 000","","153","Commercial","5/1/2026"
"AMH 2014-3 BORROWER LP","ALRED CIRCLE  148","160D","B","047.00","000","160D B 04700 000","IRIS COVE","25","Commercial","5/1/2026"
"AMH 2014-3 BORROWER LP","DONNA DRIVE  249","163E","G","013.00","000","163E G 01300 000","WALTON PARK","13","Commercial","5/1/2026"
"AMH 2014-3 BORROWER LP","JUDSON DRIVE  101","164D","E","004.00","000","164D E 00400 000","EAGLES RUN","1","Commercial","5/1/2026"
"AMH 2014-3 BORROWER LP","BUCKHAVEN COURT  109","164F","E","035.00","000","164F E 03500 000","CUMBERLAND PLACE SEC 5","101","Commercial","5/1/2026"
"AMH 2014-3 BORROWER LP","CHESAPEAKE HARBOR BLVD  142","170E","L","024.00","000","170E L 02400 000","CHESAPEAKE HARBOR SEC 2B","233","Commercial","5/1/2026"
"AMH 2015 1 BORROWER LLC","REMINGTON AVENUE  365","114J","A","031.00","000","114J A 03100 000","CAMBRIDGE FARMS PH 4","363","Commercial","5/1/2026"
"AMH 2015 1 BORROWER LLC","CREEKVIEW LANE  3104","120L","B","002.00","000","120L B 00200 000","NORTH POINTE PH 2","138","Commercial","5/1/2026"
"AMH 2015 1 BORROWER LLC","SAGEWOOD DRIVE EAST  1030","125B","C","006.00","000","125B C 00600 000","STRATFORD PARK","59","Commercial","5/1/2026"
"AMH 2015 1 BORROWER LLC","BRAXTON PARK LANE  135","142D","A","021.00","000","142D A 02100 000","BRAXTON PARK AT WOODWYN HILLS S2","29","Commercial","5/1/2026"
"AMH 2015 1 BORROWER LLC","RIDGEVIEW TRACE  103","144I","A","061.00","000","144I A 06100 000","FIELDS AT MANSKER FARMS P1 S2 RES177+178","177","Commercial","3/6/2015"
"AMH 2015 1 BORROWER LLC","KOLEBERG TRAIL  105","146O","F","006.00","000","146O F 00600 000","RIVER CHASE","585","Commercial","5/1/2026"
"AMH 2015 1 BORROWER LLC","BREAKWATER DRIVE  196","164D","D","029.00","000","164D D 02900 000","BREAKWATER SEC 1","13","Commercial","5/1/2026"
"AMH 2015 1 BORROWER LLC","WALTON TRACE SOUTH  117","170L","H","015.00","000","170L H 01500 000","WALTON TRACE PH 3","65","Commercial","5/1/2026"
"AMH 2015 1 BORROWER LLC","SHELTER COVE  101","172A","D","028.00","000","172A D 02800 000","WATERS EDGE SEC 1","116","Commercial","5/1/2026"
"AMH HB FOUNTAIN BROOKE BORROWER LLC","SOUTH MALAYNA DRIVE  214","138E","B","007.00","000","138E B 00700 000","FOUNTAIN BROOKE PH 2 SEC 1 RES 145-146","145","Commercial","4/6/2023"
"AMH HB FOUNTAIN BROOKE BORROWER LLC","MARIN DR  222","138E","D","006.00","000","138E D 00600 000","FOUNTAIN BROOKE PH 2 SEC 3","112","Commercial","7/29/2025"
"AMH HB FOUNTAIN BROOKE BORROWER LLC","MARIN DR  230","138E","D","008.00","000","138E D 00800 000","FOUNTAIN BROOKE PH 2 SEC 3","114","Commercial","7/29/2025"
"AMH HB FOUNTAIN BROOKE BORROWER LLC","MARIN DR  234","138E","D","009.00","000","138E D 00900 000","FOUNTAIN BROOKE PH 2 SEC 3","115","Commercial","10/28/2025"
"AMH HB FOUNTAIN BROOKE BORROWER LLC","MARIN DR  238","138E","D","010.00","000","138E D 01000 000","FOUNTAIN BROOKE PH 2 SEC 3","116","Commercial","10/28/2025"
"AMH HB FOUNTAIN BROOKE BORROWER LLC","NORMAN WAY  500","138E","D","012.00","000","138E D 01200 000","FOUNTAIN BROOKE PH 2 SEC 3","118","Commercial","10/28/2025"
"AMH HB FOUNTAIN BROOKE BORROWER LLC","NORMAN WAY  492","138E","D","013.00","000","138E D 01300 000","FOUNTAIN BROOKE PH 2 SEC 3","119","Commercial","10/28/2025"
"AMH HB FOUNTAIN BROOKE BORROWER LLC","NORMAN WAY  488","138E","D","014.00","000","138E D 01400 000","FOUNTAIN BROOKE PH 2 SEC 3","152","Commercial","10/28/2025"
"AMH HB FOUNTAIN BROOKE BORROWER LLC","NORMAN WAY  484","138E","D","015.00","000","138E D 01500 000","FOUNTAIN BROOKE PH 2 SEC 3","153","Commercial","10/28/2025"
"AMH HB FOUNTAIN BROOKE BORROWER LLC","NORMAN WAY  480","138E","D","016.00","000","138E D 01600 000","FOUNTAIN BROOKE PH 2 SEC 3","154","Commercial","10/28/2025"
"AMH HB FOUNTAIN BROOKE BORROWER LLC","NORMAN WAY  485","138E","D","017.00","000","138E D 01700 000","FOUNTAIN BROOKE PH 2 SEC 3","120","Commercial","10/28/2025"
"AMH HB FOUNTAIN BROOKE BORROWER LLC","MARIN DR  239","138E","D","019.00","000","138E D 01900 000","FOUNTAIN BROOKE PH 2 SEC 3","122","Commercial","10/28/2025"
"AMH HB FOUNTAIN BROOKE BORROWER LLC","SAWYER JACKSON DR  300","138E","D","020.00","000","138E D 02000 000","FOUNTAIN BROOKE PH 2 SEC 3","141","Commercial","10/28/2025"
"AMH HB FOUNTAIN BROOKE BORROWER LLC","MALAYNA DR S 222","138E","D","022.00","000","138E D 02200 000","FOUNTAIN BROOKE PH 2 SEC 3","143","Commercial","10/28/2025"
"AMH HB FOUNTAIN BROOKE BORROWER LLC","MALAYNA DR S 219","138E","D","024.00","000","138E D 02400 000","FOUNTAIN BROOKE PH 2 SEC 3","139","Commercial","10/28/2025"
"AMH HB FOUNTAIN BROOKE BORROWER LLC","MALAYNA DR S 223","138E","D","025.00","000","138E D 02500 000","FOUNTAIN BROOKE PH 2 SEC 3","140","Commercial","7/29/2025"
"AMH HB FOUNTAIN BROOKE BORROWER LLC","MARIN DR  231","138E","D","026.00","000","138E D 02600 000","FOUNTAIN BROOKE PH 2 SEC 3","123","Commercial","10/28/2025"
"AMH HB FOUNTAIN BROOKE BORROWER LLC","MARIN DR  229","138E","D","027.00","000","138E D 02700 000","FOUNTAIN BROOKE PH 2 SEC 3","124","Commercial","10/28/2025"
"AMH HB FOUNTAIN BROOKE BORROWER LLC","MARIN DR  225","138E","D","028.00","000","138E D 02800 000","FOUNTAIN BROOKE PH 2 SEC 3","125","Commercial","7/29/2025"
"AMH HB FOUNTAIN BROOKE BORROWER LLC","MARIN DR  221","138E","D","029.00","000","138E D 02900 000","FOUNTAIN BROOKE PH 2 SEC 3","126","Commercial","7/29/2025"
"AMH HB FOUNTAIN BROOKE BORROWER LLC","MARIN DR  217","138E","D","030.00","000","138E D 03000 000","FOUNTAIN BROOKE PH 2 SEC 3","127","Commercial","7/29/2025"
"AMH HB FOUNTAIN BROOKE BORROWER LLC","MARIN DR  213","138E","D","031.00","000","138E D 03100 000","FOUNTAIN BROOKE PH 2 SEC 3","128","Commercial","7/29/2025"
"AMH HB FOUNTAIN BROOKE BORROWER LLC","MARIN DR  209","138E","D","032.00","000","138E D 03200 000","FOUNTAIN BROOKE PH 2 SEC 3","129","Commercial","7/29/2025"
"AMH HB FOUNTAIN BROOKE BORROWER LLC","MARIN DR  205","138E","D","033.00","000","138E D 03300 000","FOUNTAIN BROOKE PH 2 SEC 3","130","Commercial","7/29/2025"
"AMH HB FOUNTAIN BROOKE BORROWER LLC","MARIN DR  201","138E","D","034.00","000","138E D 03400 000","FOUNTAIN BROOKE PH 2 SEC 3","131","Commercial","7/29/2025"
"AMH HB FOUNTAIN BROOKE BORROWER LLC C/O TAX DEPT","SOUTH MALAYNA DRIVE  209","138E","B","011.00","000","138E B 01100 000","FOUNTAIN BROOKE PH 2 SEC 1","135","Commercial","2/21/2025"
"AMH HB FOUNTAIN BROOKE BORROWER LLC C/O TAX DEPT","SOUTH MALAYNA DRIVE  207","138E","B","012.00","000","138E B 01200 000","FOUNTAIN BROOKE PH 2 SEC 1","134","Commercial","2/21/2025"
"AMH HB FOUNTAIN BROOKE BORROWER LLC C/O TAX DEPT","SOUTH MALAYNA DRIVE  205","138E","B","013.00","000","138E B 01300 000","FOUNTAIN BROOKE PH 2 SEC 1","133","Commercial","2/21/2025"
"AMH HB FOUNTAIN BROOKE BORROWER LLC C/O TAX DEPT","MARIN DR  102","138E","C","001.00","000","138E C 00100 000","FOUNTIAN BROOKE PH2 SEC2","106","Commercial","2/21/2025"
"AMH HB FOUNTAIN BROOKE BORROWER LLC C/O TAX DEPT","MARIN DR  106","138E","C","002.00","000","138E C 00200 000","FOUNTIAN BROOKE PH2 SEC2","105","Commercial","2/21/2025"
"AMH HB FOUNTAIN BROOKE BORROWER LLC C/O TAX DEPT","MARIN DR  110","138E","C","003.00","000","138E C 00300 000","FOUNTIAN BROOKE PH2 SEC2","104","Commercial","2/21/2025"
"AMH HB FOUNTAIN BROOKE BORROWER LLC C/O TAX DEPT","MARIN DR  114","138E","C","004.00","000","138E C 00400 000","FOUNTIAN BROOKE PH2 SEC2","103","Commercial","2/21/2025"
"AMH HB FOUNTAIN BROOKE BORROWER LLC C/O TAX DEPT","MARIN DR  118","138E","C","005.00","000","138E C 00500 000","FOUNTIAN BROOKE PH2 SEC2","102","Commercial","2/21/2025"
"AMH HB FOUNTAIN BROOKE BORROWER LLC C/O TAX DEPT","MARIN DR  122","138E","C","006.00","000","138E C 00600 000","FOUNTIAN BROOKE PH2 SEC2","101","Commercial","2/21/2025"
"AMH HB FOUNTAIN BROOKE BORROWER LLC C/O TAX DEPT","MARIN DR  126","138E","C","007.00","000","138E C 00700 000","FOUNTIAN BROOKE PH2 SEC2","100","Commercial","2/21/2025"
"AMH HB FOUNTAIN BROOKE BORROWER LLC C/O TAX DEPT","MARIN DR  130","138E","C","008.00","000","138E C 00800 000","FOUNTIAN BROOKE PH2 SEC2","99","Commercial","2/21/2025"
"AMH HB FOUNTAIN BROOKE BORROWER LLC C/O TAX DEPT","MARIN DR  134","138E","C","009.00","000","138E C 00900 000","FOUNTIAN BROOKE PH2 SEC2","98","Commercial","2/21/2025"
"AMH HB FOUNTAIN BROOKE BORROWER LLC C/O TAX DEPT","MARIN DR  131","138E","C","010.00","000","138E C 01000 000","FOUNTIAN BROOKE PH2 SEC2","","Commercial","2/21/2025"
"AMH HB FOUNTAIN BROOKE BORROWER LLC C/O TAX DEPT","MARIN DR  127","138E","C","011.00","000","138E C 01100 000","FOUNTIAN BROOKE PH2 SEC2","96","Commercial","2/21/2025"
"AMH HB FOUNTAIN BROOKE BORROWER LLC C/O TAX DEPT","MARIN DR  123","138E","C","012.00","000","138E C 01200 000","FOUNTIAN BROOKE PH2 SEC2","95","Commercial","2/21/2025"
"AMH HB FOUNTAIN BROOKE BORROWER LLC C/O TAX DEPT","MARIN DR  115","138E","C","013.00","000","138E C 01300 000","FOUNTIAN BROOKE PH2 SEC2","94","Commercial","2/21/2025"
"AMH HB FOUNTAIN BROOKE BORROWER LLC C/O TAX DEPT","MARIN DR  111","138E","C","014.00","000","138E C 01400 000","FOUNTIAN BROOKE PH2 SEC2","93","Commercial","2/21/2025"
"AMH HB FOUNTAIN BROOKE BORROWER LLC C/O TAX DEPT","MARIN DR  107","138E","C","015.00","000","138E C 01500 000","FOUNTIAN BROOKE PH2 SEC2","92","Commercial","2/21/2025"
"AMH HB FOUNTAIN BROOKE BORROWER LLC C/O TAX DEPT","MARIN DR  103","138E","C","016.00","000","138E C 01600 000","FOUNTIAN BROOKE PH2 SEC2","91","Commercial","2/21/2025"
"AMH HB FOUNTAIN BROOKE BORROWER LLC TAX DEPT","MARIN DR  202","138E","D","001.00","000","138E D 00100 000","FOUNTAIN BROOKE PH 2 SEC 3","107","Commercial","6/25/2025"
"AMH HB FOUNTAIN BROOKE BORROWER LLC TAX DEPT","MARIN DR  206","138E","D","002.00","000","138E D 00200 000","FOUNTAIN BROOKE PH 2 SEC 3","108","Commercial","6/25/2025"
"AMH HB FOUNTAIN BROOKE BORROWER LLC TAX DEPT","MARIN DR  210","138E","D","003.00","000","138E D 00300 000","FOUNTAIN BROOKE PH 2 SEC 3","109","Commercial","6/25/2025"
"AMH HB FOUNTAIN BROOKE BORROWER LLC TAX DEPT","MARIN DR  214","138E","D","004.00","000","138E D 00400 000","FOUNTAIN BROOKE PH 2 SEC 3","110","Commercial","6/25/2025"
"AMH HB FOUNTAIN BROOKE BORROWER LLC TAX DEPT","MARIN DR  218","138E","D","005.00","000","138E D 00500 000","FOUNTAIN BROOKE PH 2 SEC 3","111","Commercial","6/25/2025"
"AMH HB FOUNTAIN BROOKE BORROWER LLC TAX DEPT","MARIN DR  226","138E","D","007.00","000","138E D 00700 000","FOUNTAIN BROOKE PH 2 SEC 3","113","Commercial","6/25/2025"
"AMH HB FOUNTAIN BROOKE BORROWER LLC TAX DEPT","MARIN DR  242","138E","D","011.00","000","138E D 01100 000","FOUNTAIN BROOKE PH 2 SEC 3","117","Commercial","6/25/2025"
"AMH HB FOUNTAIN BROOKE BORROWER LLC TAX DEPT","MARIN DR  243","138E","D","018.00","000","138E D 01800 000","FOUNTAIN BROOKE PH 2 SEC 3","121","Commercial","6/25/2025"
"AMH HB FOUNTAIN BROOKE BORROWER LLC TAX DEPT","MALAYNA DR S 226","138E","D","021.00","000","138E D 02100 000","FOUNTAIN BROOKE PH 2 SEC 3","142","Commercial","6/25/2025"
"AMH HB FOUNTAIN BROOKE BORROWER LLC TAX DEPT","MALAYNA DR S 218","138E","D","023.00","000","138E D 02300 000","FOUNTAIN BROOKE PH 2 SEC 3","144","Commercial","6/25/2025"
"AMH TN DEVELOPMENT LLC","NEW SHACKLE ISLAND RD  0","138","","038.04","000","138    03804 000","","","Commercial","12/3/2020"
"AMH TN DEVELOPMENT LLC","NEW SHACKLE ISLAND RD  808","138","","042.01","000","138    04201 000","","","Commercial","12/3/2020"
"AMNL ASSET COMPANY 1 LLC","LONGVIEW DRIVE  111","141D","E","016.00","000","141D E 01600 000","CIMMARON TRACE SEC 3","139","Commercial","5/26/2020"
"AMNL ASSET COMPANY 2 LLC","VIRGINIA AVENUE  500","113K","H","015.00","000","113K H 01500 000","GREEN HILLS S/D","0001","Commercial","2/18/2022"
"AMNL ASSET COMPANY 2 LLC","BLEDSOE STREET WEST  209","126F","A","031.00","000","126F A 03100 000","","","Commercial","12/7/2021"
"AMNL ASSET COMPANY 2 LLC","HALE AVENUE  0","135C","C","005.00","000","135C C 00500 000","HALEWOOD ESTATES","PO19+20","Commercial","4/28/2022"
"AMNL ASSET COMPANY 3 LLC","RYAN DRIVE  106","160C","D","033.00","000","160C D 03300 000","HILLWOOD EST SEC 4D","33","Commercial","7/22/2022"
"AMSOUTH BANK ATTN PROPERTY TAX DEPT","NASHVILLE PIKE  1140","125M","A","020.00","000","125M A 02000 000","SHOPS VILLAGE GREEN-","1-1","Commercial","12/13/2002"
"AMSOUTH BANK CB RECFM INC C/O","GLENBROOK WAY  1042","144","","114.00","000","144    11400 000","GLENBROOK NORTH REV-","5-5","Commercial","1/5/2004"
"AN UNSTOPPABLE ALLIANCE INC","SANDERS FERRY ROAD  250","164P","C","045.00","025","164P C 04500C025","DRAKES INLET CONDO","3","Commercial","9/30/2016"
"AN UNSTOPPABLE ALLIANCE INC","SANDERS FERRY ROAD  250","164P","C","045.00","043","164P C 04500C043","DRAKES INLET CONDO","3","Commercial","9/30/2016"
"AN UNSTOPPABLE ALLIANCE INC","SANDERS FERRY ROAD  250","164P","C","045.00","047","164P C 04500C047","DRAKES INLET CONDO","3","Commercial","9/30/2016"
"AN UNSTOPPABLE ALLIANCE INC","SANDERS FERRY ROAD  250","164P","C","045.00","072","164P C 04500C072","DRAKES INLET CONDO","6","Commercial","9/30/2016"
"ANA PROP LLC","LOUISVILLE HWY  1212","121","","061.00","000","121    06100 000","","3","Commercial","6/20/2018"
"ANCHOR HIGH MARINA","RIVER ROAD  128","163B","A","001.00","001","163B A 00100 001","","","Commercial",""
"ANCHOR PROPERTIES GROUP INC","MOSS COURT  105","160F","G","004.00","000","160F G 00400 000","ROLLINGBROOK TERRACE","124","Commercial","3/15/2024"
"ANCHOR PROPERTIES GROUP INC","MOSS COURT  104","160F","G","007.00","000","160F G 00700 000","ROLLINGBROOK TERRACE","121","Commercial","3/15/2024"
"ANCHOR PROPERTIES GROUP INC","WEST HARBOR  170","163F","H","017.00","000","163F H 01700 000","HARBORTOWNE PH 4","61","Commercial","7/31/2024"
"ANDERSON CURT L TR ANDERSON ANNE M TR","52 HWY  706","033","","058.00","000","033    05800 000","RUFUS ROSE FARM","1","Commercial","12/17/2019"
"ANDERSON HILL CONSULTING LLC","NEW HOPE ROAD  2105","123","","039.00","000","123    03900 000","SUMNER 2000 LLC MILL","2","Commercial","1/11/2021"
"ANDERSON HILL CONSULTING LLC","CENTER POINT ROAD  2498","139","","022.00","000","139    02200 000","KIZER SUBDIVISION","3","Commercial","12/6/2021"
"ANDERSON HILL CONSULTING LLC","STOP THIRTY ROAD  2204","145","","021.01","000","145    02101 000","BETTY J ALLEN LAND","P/O2","Commercial","12/11/2017"
"ANDERSON HILL CONSULTING LLC","EVERGREEN CIRCLE  207","160F","A","008.00","000","160F A 00800 000","BRIARCLIFF ESTATE SEC 1","33","Commercial","11/10/2014"
"ANDERSON JAMES L ETUX CYNTHIA R","WATER AVENUE NORTH  819","113F","A","008.00","000","113F A 00800 000","","","Commercial","12/26/2007"
"ANDERSON LANE 2016 LLC","PARRISH PLACE  410","159J","A","022.05","000","159J A 02205 000","INDIAN LAKE MARKET LT DD","DD","Commercial","11/25/2016"
"ANDERSON SHIRLEY ANN TR SHIRLEY ANN ANDERSON LT","FRANKLIN STREET EAST  209","126C","F","004.00","000","126C F 00400 000","","","Commercial","11/15/2021"
"ANDERSON SHIRLEY ANN TR SHIRLEY ANN ANDERSON LT","FRANKLIN STREET EAST","126C","F","005.00","000","126C F 00500 000","","","Commercial","11/15/2021"
"ANDERSON SHIRLEY ANN TR SHIRLEY ANN ANDERSON LT","MAIN STREET EAST  202","126C","F","027.00","000","126C F 02700 000","","","Commercial","11/15/2021"
"ANDERSON SHIRLEY ANN TR SHIRLEY ANN ANDERSON LT","MAIN STREET EAST  202","126C","F","028.00","000","126C F 02800 000","","","Commercial","11/15/2021"
"ANDERSON SHIRLEY ANN TR SHIRLEY ANN ANDERSON LT","MAIN STREET EAST  214","126C","F","029.00","000","126C F 02900 000","","","Commercial","11/15/2021"
"ANDERSON SHIRLEY ANN TR SHIRLEY ANN ANDERSON LT","MAIN STREET EAST  220","126C","F","030.00","000","126C F 03000 000","","","Commercial","11/15/2021"
"ANDERSON SHIRLEY ANN TR SHIRLEY ANN ANDERSON LT","COLLEGE STREET  112","126C","F","032.00","000","126C F 03200 000","","","Commercial","11/15/2021"
"ANDERSON SHIRLEY ANN TR SHIRLEY ANN ANDERSON LT","COLLEGE STREET  112","126C","F","033.00","000","126C F 03300 000","","","Commercial","11/15/2021"
"ANDERSON WILLIAM REID & ANNA MAY TRS ANDERSON TENNESSEE COMMUNITY PROPERTY TR","109N HWY OLD  1206","104","","060.00","000","104    06000 000","R B MYERS & OTHERS","IST","Commercial","9/18/2024"
"ANDERSON WILLIAM REID & ANNA MAY TRS ANDERSON TENNESSEE COMMUNITY PROPERTY TR","N OLD 109 HWY  1150","104","","094.02","000","104    09402 000","COBBS LANE SUB-REVIS","1","Commercial","9/18/2024"
"ANDREWS CHARLES LLOYD & MARY K TRS LLOYD & KATHY ANDREWS TRUST","JERRY STREET  112","039J","A","007.00","000","039J A 00700 000","HUNTER HEIGHTS","20","Commercial","9/30/2025"
"ANDREWS CHARLES LLOYD & MARY K TRS LLOYD & KATHY ANDREWS TRUST","JERRY STREET  114","039J","A","008.00","000","039J A 00800 000","HUNTER HGTS","19","Commercial","9/30/2025"
"ANDREWS CHARLES LLOYD & MARY K TRS LLOYD & KATHY ANDREWS TRUST","PARK AVENUE EAST  351","126E","B","001.00","000","126E B 00100 000","","","Commercial","9/30/2025"
"ANDREWS CHARLES LLOYD & MARY K TRS LLOYD & KATHY ANDREWS TRUST","PARK AVENUE EAST  497","126L","D","035.00","000","126L D 03500 000","SOUTHMEADE SUB.","45B","Commercial","9/30/2025"
"ANDREWS CHARLES LLOYD & MARY K TRS LLOYD & KATHY ANDREWS TRUST","HUNTERS TRAIL  116","159I","F","007.00","000","159I F 00700 000","NOKES HEIGHTS ADDN #2","99-100","Commercial","9/30/2025"
"ANDREWS CHARLES LLOYD & MARY KATHERENE T LLOYD & KATHY ANDREWS TRUST","NASHVILLE PIKE  1195","125M","B","009.00","000","125M B 00900 000","LELAND HEIGHTS RESUB","7A","Commercial","9/30/2025"
"AO PROPCO 1 LLC","ROBERT AVENUE  109","077F","A","006.00","000","077F A 00600 000","HILTON HILLS SUB SEC","6","Commercial","2/24/2022"
"AO PROPCO 1 LLC","HAWKINS DRIVE  570","113M","E","010.00","000","113M E 01000 000","EAST END RESUB SEC D+E","","Commercial","2/14/2022"
"AO PROPCO 1 LLC","TRINA STREET  328","126K","M","010.00","000","126K M 01000 000","URBANDALE NO 5","0032","Commercial","4/19/2022"
"AO PROPCO 1 LLC","EDGEWOOD DRIVE  1029","126M","F","010.00","000","126M F 01000 000","HIGHLAND PARK","IST","Commercial","2/8/2022"
"AO PROPCO 1 LLC","SCOTCH STREET  107","145P","A","021.00","000","145P A 02100 000","COLONIAL ACRES SEC.","465","Commercial","2/4/2022"
"AO PROPCO 1 LLC","SOUTHBURN DRIVE  235","159A","D","006.00","000","159A D 00600 000","COLONIAL ACRES SEC 6","176","Commercial","9/16/2022"
"AO PROPCO 1 LLC","SHADOW LANE  109","170D","B","018.00","000","170D B 01800 000","PANORAMA HARBOR SEC 2","133","Commercial","5/25/2022"
"APEX BUSINESS CENTER LLC","HUNT CLUB BLVD  1529","146F","A","004.00","004","146F A 00400C004","HUNT CLUB SEC 2","4","Commercial","12/10/2025"
"APEX BUSINESS CENTER LLC","HUNT CLUB BLVD  1529","146F","A","004.00","005","146F A 00400C005","HUNT CLUB SEC 2","4","Commercial","12/10/2025"
"APHI LLC","SOUTHBURN DRIVE  291","145P","A","015.00","000","145P A 01500 000","COLONIAL ACRES SEC.","0294","Commercial","9/19/2022"
"APHI LLC","SANDERS FERRY ROAD  200","164I","C","026.00","115","164I C 02600C115","HICKORY BAY TOWERS C","511-511","Commercial","9/19/2022"
"APPALACHIAN PIPELINE RESOURCES LLC","LONG HOLLOW PIKE  901","126A","D","019.00","000","126A D 01900 000","","","Commercial","12/17/2019"
"APPLE MICHAEL RICKY ETUX LINDA P","LANE AVENUE  211","126C","C","025.01","000","126C C 02501 000","LANE SUB","12","Commercial","8/29/1989"
"ARBYS PROPERTIES LLC TAX DEPT C/O","WEST MAIN STREET  435","163C","F","008.02","000","163C F 00802 000","IMPERIAL SQUARE SEC 10","13","Commercial","11/13/2015"
"ARC CAFEUSA001 LLC","NASHVILLE PIKE  841","126G","C","026.00","000","126G C 02600 000","W B WIGGINS JR","3","Commercial","7/31/2013"
"ARC RENTAL MSR I LLC %GLOBAL ATL FIN CO 4 WORLD TRADE CTR","OVERLOOK DRIVE  119","144M","A","037.00","000","144M A 03700 000","HILLWOOD ESTS SEC II","42","Commercial","2/2/2018"
"ARC RENTAL MSR I LLC %GLOBAL ATL FIN CO 4 WORLD TRD CTR 51ST","RANDOLPH STREET  315","113O","K","030.00","000","113O K 03000 000","VERTRESS TERRACE","05-6","Commercial","4/25/2018"
"ARC RENTAL MSR I LLC %GLOBAL ATLANTIC FIN CO C/O","TOWNSHIP DRIVE  169","160C","C","006.00","000","160C C 00600 000","HILLWOOD SEC.4-C, PA","63","Commercial","6/12/2018"
"ARC RENTAL MSR I LLC %GLOBAL ATLANTIC FIN CO C/O","FOREST RETREAT ROAD  300","160K","H","045.00","000","160K H 04500 000","FORREST MEADOWS SEC","4","Commercial","6/12/2018"
"AREA HOLDINGS LLC","EAST MAIN STREET  660","159D","A","029.00","000","159D A 02900 000","JACKSON PROPERTY","1","Commercial","11/18/2021"
"AREUNDIEUX JPROPERTIES LLC","SUNSET DRIVE  105","112I","A","006.01","000","112I A 00601 000","SUNSET PARK","31-32","Commercial","1/11/2016"
"AREUNDIEUX PROPERTIES","SOUTH RIDGE DRIVE  1029","081","","014.18","000","081    01418 000","SOUTH TUNNEL RIDGE S","1-1","Commercial","6/3/2025"
"AREUNDIEUX PROPERTIES LLC","HANCOCK STREET  429","126P","J","013.00","000","126P J 01300 000","DEER CREEK SEC 1","3","Commercial","5/31/2023"
"AREUNDIEUX PROPERTIES LLC %BURRIS DOROTHY A & RANDALL L C/O","WALLACE ROAD  1325","081","","014.00","000","081    01400 000","","","Commercial","11/14/2018"
"ARMM ASSET COMPANY 1 LLC","ELECTRA STREET NORTH  231","113P","D","015.00","000","113P D 01500 000","MEADOWBROOK S/D ADD","0004","Commercial","12/9/2022"
"ARMM ASSET COMPANY 1 LLC","BOSTRING DRIVE  105","160D","F","003.00","000","160D F 00300 000","TOWN AND COUNTRY EST","0003","Commercial","7/22/2022"
"ARMM ASSET COMPANY 1 LLC","OAKWOOD DRIVE  107","160F","G","010.03","000","160F G 01003 000","HILLWOOD ESTS. SEC.","21","Commercial","6/23/2022"
"ARMM ASSET COMPANY 1 LLC","SOUTH VALLEY ROAD  120","160G","A","007.00","000","160G A 00700 000","TWIN VALLEY SUB. SEC","0038","Commercial","6/25/2021"
"ARMM ASSET COMPANY 2 LLC","SUMMERLIN DRIVE  145","113P","H","011.00","000","113P H 01100 000","FAIRWAYS HEIGHTS SEC","11","Commercial","9/23/2025"
"ARMM ASSET COMPANY 2 LLC","ELLINGTON DRIVE  1009","114J","H","031.00","000","114J H 03100 000","RESERVE PH3","93","Commercial","10/10/2025"
"ARMM ASSET COMPANY 2 LLC","RHODES CIRCLE  518","135H","E","024.00","000","135H E 02400 000","ACADEMY ACRES SEC 1","28","Commercial","9/15/2025"
"ARMM ASSETS 2 LLC","MONTICELLO PLACE  1032","127C","D","049.00","000","127C D 04900 000","CAIRO LANDING PH 2","11","Commercial","11/6/2024"
"ARMM ASSETS 2 LLC","OXFORD PLACE  204","135H","E","067.00","000","135H E 06700 000","ACADEMY ACRES SEC 1","63","Commercial","11/6/2024"
"ARMM ASSETS 2 LLC","ANNAPOLIS BEND CIRCLE  204","137G","B","005.00","000","137G B 00500 000","SAUNDERSVILLE STATION PH 5 SEC 3","474","Commercial","11/6/2024"
"ARMM ASSETS 2 LLC","HILLSIDE DRIVE  136","160D","A","006.02","000","160D A 00602 000","HILLWOOD ESTS.SEC.3","134","Commercial","11/6/2024"
"ARMM ASSETS 2 LLC","EVERGREEN CIRCLE  233","160F","J","010.00","000","160F J 01000 000","BRIARWOOD ESTATES","10","Commercial","11/6/2024"
"ARMM ASSETS 2 LLC","DONNA DRIVE  247","163E","G","012.00","000","163E G 01200 000","WALTON PARK","12","Commercial","11/6/2024"
"ARMM ASSETS 2 LLC","LA VIEW ROAD  116","164D","C","019.00","000","164D C 01900 000","WATER VIEW SEC 13","32","Commercial","11/6/2024"
"ARNETT MATTHEW","31W HWY  2228","097","","036.02","000","097    03602 000","WOODS HEIGHTS","3","Commercial","7/23/2021"
"ARTHA PROPERTIES LLC","NORTH BROADWAY  500","033A","A","035.00","000","033A A 03500 000","","","Commercial","12/12/2023"
"ARTHA PROPERTIES LLC","NORTH BROADWAY  507","033A","B","002.00","000","033A B 00200 000","FREEDLE","IST","Commercial","11/12/2023"
"ARTHA PROPERTIES LLC","NORTH BROADWAY  503","033A","B","003.00","000","033A B 00300 000","FREEDLE","IST","Commercial","12/12/2023"
"ARTHA PROPERTIES LLC","VICTOR REITER PARK WAY  210","033A","B","032.00","000","033A B 03200 000","FREEDLE","24,PO23","Commercial","12/12/2023"
"ARTHA PROPERTIES LLC","VICTOR REITER PARK WAY  218","033A","B","036.00","000","033A B 03600 000","FREEDLE","IST","Commercial","6/29/2023"
"ARVIZU MELODY SERRANO ANIBAL","HEATHER LANE PVT  1","052","","071.00","000","052    07100 000","","","Commercial","8/22/2019"
"ARVM 5 LLC","GREEN MEADOW DRIVE  115","104J","A","009.00","000","104J A 00900 000","GREEN MEADOW","8","Commercial","3/26/2026"
"ARVM 5 LLC","SCHELL STREET WEST  309","126F","F","013.00","000","126F F 01300 000","WEST SCHELL ADD","9-10","Commercial","3/26/2026"
"ARVM 5 LLC","DANIEL SMITH DRIVE  115","164B","F","006.00","000","164B F 00600 000","CHEROKEE WOODS ANNEX 3 PT 1","111","Commercial","3/26/2026"
"ASCEND FEDERAL CREDIT UNION","PARRISH PLACE  303","159J","A","022.04","000","159J A 02204 000","INDIAN LAKE MARKET PH 3","S","Commercial","1/23/2015"
"ASCEND RENTALS LLC","BUCKINGHAM BOULEVARD  399","114K","D","014.00","000","114K D 01400 000","CAMBRIDGE FARMS PH 2","121","Commercial","1/5/2022"
"ASCEND RENTALS LLC","BROWNS LANE  800","136F","F","001.00","003","136F F 00100C003","VILLAGES OF PLANTATION","A3","Commercial","2/14/2022"
"ASCEND RENTALS LLC","LAMOND DRIVE PVT  3112","147A","C","038.00","000","147A C 03800 000","FOXLAND CROSSING","97","Commercial","2/14/2022"
"ASCEND RENTALS LLC","PERCIVAL DRIVE  5039","147A","C","048.00","000","147A C 04800 000","FOXLAND CROSSING","68","Commercial","2/13/2024"
"ASCEND RENTALS LLC","HEPPLEWHITE DRIVE  110","159H","E","006.00","000","159H E 00600 000","COLONIAL ACRES SEC 1","72","Commercial","2/14/2022"
"ASCEND RENTALS LLC","MAPLE WAY NORTH  123","159N","C","015.00","000","159N C 01500 000","MAPLES SEC. II","15","Commercial","1/5/2022"
"ASCEND RENTALS LLC","DEER POINT COURT  208","159N","I","003.00","009","159N I 00300C009","DEER POINT RESUB BLDS 2-10","A","Commercial","1/5/2022"
"ASCEND RENTALS LLC","CHERRY HILL DRIVE  129","159N","J","013.00","008","159N J 01300C008","MAPLES SEC 4 PT 2-UN","3A","Commercial","5/1/2024"
"ASCEND RENTALS LLC","ANCHOR DRIVE  122","163C","D","014.00","000","163C D 01400 000","GLENHAVEN","27","Commercial","2/14/2022"
"ASHAYERI BABAK K ETUX GALLATIN PRINTING CO C/O","HICKORY AVENUE SOUTH  115","126C","H","014.00","000","126C H 01400 000","","","Commercial","8/2/1999"
"ASHTON GARY A TR GARY A ASHTON RT","MEADOWVIEW DRIVE  1159","135D","E","016.00","000","135D E 01600 000","SPRINGBROOK SEC 2 RES 55-56,81-82","57","Commercial","6/15/2020"
"ASHTON GARY A TR GARY A ASHTON RT","MEADOWVIEW DRIVE  1163","135D","E","017.00","000","135D E 01700 000","SPRINGBROOK SEC 2 RES 55-56,81-82","58","Commercial","6/15/2020"
"ASHTON MARTIN L","MEADOWVIEW DRIVE  1148","135D","E","012.00","000","135D E 01200 000","SPRINGBROOK SEC 2 REV","78","Commercial","2/27/2004"
"ASHTON MARTIN LEIGH","MEADOWVIEW DRIVE  1152","135D","E","011.00","000","135D E 01100 000","SPRINGBROOK SEC 2 REV","77","Commercial","1/24/2019"
"ASONFAC HOLDINGS LLC","EVERGREEN CIRCLE  148","160K","A","011.00","000","160K A 01100 000","CEDARBROOK TERRACE S","34","Commercial","10/12/2021"
"ASONFAC HOLDINGS LLC","GATONE DRIVE  131","169P","B","003.00","000","169P B 00300 000","LAKESIDE PARK SEC 6","313","Commercial","8/29/2022"
"ASSOCIATED RETAILER GROUP PTR","WEST MAIN STREET  260","160M","B","020.00","000","160M B 02000 000","","","Commercial","10/27/2020"
"ASSOCIATED RETAILER GROUP PTR BENJAMIN COMAN ETUX VIOLICA BENJAMIN","SANDERS FERRY ROAD  131","164A","A","033.00","000","164A A 03300 000","EDGEWATER APARTMENTS","5-6","Commercial","5/31/2017"
"ASSURED STORAGE OF GOODLETTSVILLE LLC","LOUISVILLE HWY  1124","140","","012.00","000","140    01200 000","GREYSTONE CAMPGROUND","1","Commercial","3/7/2022"
"ASTA ROY ASTA LISA ETUX","BUSINESS PARK CIRCLE  3050","143J","F","007.00","006","143J F 00700C006","NORTHCREEK BUSINESS PARK SEC 14 RES 11B","11B","Commercial","3/30/2016"
"ATG PROPERTIES LLC","NASHVILLE PIKE  1710","136","","046.06","000","136    04606 000","","4","Commercial","12/22/2016"
"ATKINSON HUGH J ETUX KATHY","INDIAN LAKE BLVD  131","159J","A","030.00","002","159J A 03000C002","ABGK CONDOMINIUMS","LIST","Commercial","8/13/1999"
"AUGUSTUS PAUL E SR AUGUSTUS CYNTHIA ETUX","COLLEGE STREET  821","034","","056.04","000","034    05604 000","ENGLAND ESTATES","8","Commercial","2/11/2015"
"AUSBROOKS BOBBY","NORTH BROADWAY  455","033A","B","007.00","000","033A B 00700 000","FREEDLE","1","Commercial","3/14/2003"
"AUSBROOKS BRENT","THREE BROTHERS WAY  304","033K","C","001.00","000","033K C 00100 000","DEER RUN SEC 1","1","Commercial","9/14/2016"
"AUSBROOKS BRENT","THREE BROTHERS WAY  308","033K","C","002.00","000","033K C 00200 000","DEER RUN SEC 1","2","Commercial","9/14/2016"
"AUSBROOKS BRENT","THREE BROTHERS WAY  312","033K","C","003.00","000","033K C 00300 000","DEER RUN SEC 1","3","Commercial","9/14/2016"
"AUSBROOKS BRENT","THREE BROTHERS WAY  316","033K","C","004.00","000","033K C 00400 000","DEER RUN SEC 1","4","Commercial","9/14/2016"
"AUSBROOKS BRENT","THREE BROTHERS WAY  320","033K","C","005.00","000","033K C 00500 000","DEER RUN SEC 1","5","Commercial","9/14/2016"
"AUSBROOKS BRENT","THREE BROTHERS WAY  324","033K","C","006.00","000","033K C 00600 000","DEER RUN SEC 1","6","Commercial","9/14/2016"
"AUSBROOKS BRENT","THREE BROTHERS WAY  328","033K","C","007.00","000","033K C 00700 000","DEER RUN SEC 1","7","Commercial","9/14/2016"
"AUSBROOKS BRENT","THREE BROTHERS WAY  327","033K","C","008.00","000","033K C 00800 000","DEER RUN SEC 1","27","Commercial","9/14/2016"
"AUSBROOKS BRENT","THREE BROTHERS WAY  323","033K","C","009.00","000","033K C 00900 000","DEER RUN SEC 1","26","Commercial","9/14/2016"
"AUSBROOKS BRENT","THREE BROTHERS WAY  319","033K","C","010.00","000","033K C 01000 000","DEER RUN SEC 1","25","Commercial","9/14/2016"
"AUSBROOKS BRENT","THREE BROTHERS WAY  313","033K","C","011.00","000","033K C 01100 000","DEER RUN SEC 1","24","Commercial","9/14/2016"
"AUSBROOKS BRENT","THREE BROTHERS WAY  400","033K","C","012.00","000","033K C 01200 000","DEER RUN SEC 1","23","Commercial","9/14/2016"
"AUSBROOKS BRENT","THREE BROTHERS WAY  396","033K","C","013.00","000","033K C 01300 000","DEER RUN SEC 2&3","22","Commercial","9/14/2016"
"AUSBROOKS BRENT","THREE BROTHERS WAY  392","033K","C","014.00","000","033K C 01400 000","DEER RUN SEC 2&3","21","Commercial","9/14/2016"
"AUSBROOKS BRENT","THREE BROTHERS WAY  376","033K","C","016.00","000","033K C 01600 000","DEER RUN SEC 2&3","19","Commercial","9/14/2016"
"AUSBROOKS BRENT","THREE BROTHERS WAY  372","033K","C","017.00","000","033K C 01700 000","DEER RUN SEC 2&3","18","Commercial","9/14/2016"
"AUSBROOKS BRENT","THREE BROTHERS WAY  375","033K","C","032.00","000","033K C 03200 000","DEER RUN SEC 2&3","32","Commercial","9/14/2016"
"AUSBROOKS BRENT","THREE BROTHERS WAY  379","033K","C","033.00","000","033K C 03300 000","DEER RUN SEC 2&3","33","Commercial","9/14/2016"
"AUSBROOKS BRENT","THREE BROTHERS WAY  383","033K","C","034.00","000","033K C 03400 000","DEER RUN SEC 2&3","34","Commercial","9/14/2016"
"AUSBROOKS BRENT","THREE BROTHERS WAY  395","033K","C","035.00","000","033K C 03500 000","DEER RUN SEC 2&3","35","Commercial","9/14/2016"
"AUSBROOKS DENVER DALE III ETUX STEPHANIE","DOBBINS PIKE  147","113","","031.00","001","113    03100 001","","","Commercial","9/21/2023"
"AUSTIN CARY M & WENDOLYN A YOUNG TRS CARY & WENDY AUSTIN REV LIVING TRUST","INDIAN LAKE BLVD  165","159J","A","021.16","112","159J A 02116C112","INDIAN LAKE OFFICES","112","Commercial","10/31/2025"
"AUTOMOTIVE HOLDINGS LLC","NASHVILLE PIKE  1025","126P","D","001.00","000","126P D 00100 000","SHANE INVESTMENT PRO","1-1","Commercial","8/20/2008"
"AUTOZONE DEVELOPMENT LLC","EAST MAIN STREET  531","159E","A","036.00","000","159E A 03600 000","BLUEGRASS LANDING RESUB LT 1","38","Commercial","11/6/2024"
"AUTOZONE TEXAS LP #173","BROADWAY EAST  110","113N","G","005.00","000","113N G 00500 000","AUTO ZONE INC","","Commercial","2/6/2001"
"AUTUMN RIDGE MANOR LLC","INDEPENDENCE WAY  115","126D","D","015.00","000","126D D 01500 000","JENNINGS PARK RESUB","2B","Commercial","2/20/2024"
"AUTUMNWOOD HILLS LLC","OLD WESTMORELAND ROAD  123","033G","G","009.01","000","033G G 00901 000","","","Commercial","2/28/2025"
"AUTUMNWOOD HILLS LLC","FIRESIDE DRIVE  102","034","","047.07","000","034    04707 000","WILLIAM HUNTER PROP","1","Commercial","11/8/2024"
"AVONDALE DEVELOPMENT COMPANY","BLUEGRASS COMMONS BLVD  105","158A","B","010.00","000","158A B 01000 000","BLUEGRASS COMMONS RESUB 1,8,10","10","Commercial","10/22/2014"
"AVONDALE HOLDINGS LLC","SHUTE LANE  336","146","","077.00","000","146    07700 000","HARRIS & WALLACE","3","Commercial","2/25/2021"
"AVONDALE HOLDINGS LLC","SHUTE LANE  338","146","","079.00","000","146    07900 000","HARRIS & WALLACE","4","Commercial","2/25/2021"
"AYALA JUAN","109N HWY  1069","113","","008.00","000","113    00800 000","","","Commercial","9/11/2013"
"AZER-FAHIM GINA ETUX MARK MOODEY FAHIM","WALNUT CREST DRIVE","113P","G","034.00","000","113P G 03400 000","CREEKVIEW SEC. 1","0058","Commercial","12/22/2023"
"AZER-FAHIM GINA ETVIR MARK MOODEY FAHIM","CREEKSIDE COURT","113P","G","032.00","000","113P G 03200 000","CREEKVIEW SEC. 1","60","Commercial","12/22/2023"
"AZER-FAHIM GINA ETVIR MARK MOODEY FAHIM","WALNUT CREST DRIVE","113P","G","033.00","000","113P G 03300 000","CREEKVIEW SEC. 1","59","Commercial","12/22/2023"
"B & B FIREWORKS LLC","LOUISVILLE HWY  860","142","","010.00","000","142    01000 000","","3","Commercial","8/11/2025"
"B & K ASSOCIATES LLC","GALLATIN ROAD  1183","161L","A","007.00","000","161L A 00700 000","GALCO & MAPCO","1","Commercial","5/2/2024"
"B & K ASSOCIATES LLC","WEST MAIN STREET  1181","161L","A","009.00","000","161L A 00900 000","GALCO & MAPCO","3-4","Commercial","5/2/2024"
"B & K ASSOCIATES LLC","WEST MAIN STREET  1169","161L","A","011.00","000","161L A 01100 000","GALCO & MAPCO","1-2","Commercial","5/2/2024"
"B & N CONSTRUCTION LLC","SCOTCH STREET  126","145O","A","020.00","000","145O A 02000 000","COLONIAL ACRES SEC.","0357","Commercial","6/16/2017"
"B & N CONSTRUCTION LLC","CLINE AVENUE  106","159I","A","012.00","000","159I A 01200 000","OAKVALE SEC 1","33","Commercial","3/3/2015"
"B & N CONSTRUCTION LLC","COLE DRIVE  121","159I","A","023.00","000","159I A 02300 000","OAKVALE SEC 2","44","Commercial","3/3/2015"
"B & N CONSTRUCTION LLC","CRESTMONT DRIVE  115","160K","F","034.00","000","160K F 03400 000","CEDARBROOK TERRACE S","0075","Commercial","3/3/2015"
"B & N CONSTRUCTION LLC","GATES DRIVE  117","170E","C","022.00","000","170E C 02200 000","LAKESIDE PARK SEC 1","25","Commercial","4/24/2015"
"B&N CONSTRUCTION LLC","CHIROC ROAD  108","159O","A","011.00","000","159O A 01100 000","MAPLE ROW EST SEC 3","63","Commercial","5/9/2025"
"B&T LLC","WATER AVENUE NORTH  373","113N","B","016.00","000","113N B 01600 000","","","Commercial","10/9/2020"
"B&T LLC","BROADWAY EAST  180","113N","B","021.00","001","113N B 02100 001","","","Commercial","10/9/2020"
"BABER WILLIAM E","WATER AVENUE SOUTH  301","126C","P","001.00","000","126C P 00100 000","","","Commercial","9/4/1998"
"BADGER INVESTMENTS LLC","INDIAN LAKE BLVD  209","159J","A","045.00","000","159J A 04500 000","INDIAN LAKE SEC 12 LTS 17-18, 23-25","17","Commercial","12/27/2024"
"BAEK NAK DONG TR ETUX BAEK YONG AE TR","WEST MAIN STREET  707","163C","A","031.00","000","163C A 03100 000","FOREST RETREAT","LIST","Commercial","7/16/2015"
"BAF 3 LLC","JASON COURT  101","135B","A","002.00","000","135B A 00200 000","GREEN WAVE PARK SEC 3","50","Commercial","8/23/2022"
"BAF 3 LLC","WOODVALE DRIVE  1263","135E","B","015.00","000","135E B 01500 000","WOODVALE ESTATES SEC 3","85","Commercial","12/13/2022"
"BAF 3 LLC","COLE COURT  110","159I","B","025.00","000","159I B 02500 000","OAKVALE SEC 3C","194","Commercial","10/14/2022"
"BAF 3 LLC","BREAKWATER DRIVE  189","164D","D","006.00","000","164D D 00600 000","BREAKWATER SEC 1","6","Commercial","9/19/2022"
"BAF ASSETS 3 LLC","TOWNSHIP DRIVE  254","160F","K","010.00","000","160F K 01000 000","HILLWOOD 4-C PT. II","112","Commercial","5/18/2021"
"BAF ASSETS 4 LLC","HUNTINGTON DRIVE  359","114K","B","023.00","000","114K B 02300 000","CAMBRIDGE FARMS PH 2","151","Commercial","2/8/2022"
"BAF ASSETS 4 LLC","WILLIAMSON ROAD  1465","120","","005.12","000","120    00512 000","CHARLES W HORNER","1A","Commercial","2/8/2022"
"BAF ASSETS 4 LLC","CARTWRIGHT PARK WAY  142","141D","E","029.00","000","141D E 02900 000","CIMMARON TRACE SEC 3","152","Commercial","2/8/2022"
"BAF ASSETS 5 LLC","GOODMAN DRIVE  556","114N","M","019.00","000","114N M 01900 000","","88","Commercial","8/4/2022"
"BAF ASSETS 5 LLC","PENINSULA DRIVE  1040","135A","B","030.00","000","135A B 03000 000","BEL-AIR S/D-SEC 7","P/O 4","Commercial","8/4/2022"
"BAF ASSETS 5 LLC","ANNAPOLIS BEND CIRCLE  146","137J","C","034.00","000","137J C 03400 000","SAUNDERSVILLE STATION PH 5 SEC 8","341","Commercial","8/4/2022"
"BAF ASSETS 6 LLC","HILLSIDE LANE  528","112N","B","022.00","000","112N B 02200 000","ROLLING ACRES","38","Commercial","3/8/2023"
"BAF ASSETS 6 LLC","BOTHWELL PLACE  1191","135F","C","041.00","000","135F C 04100 000","CLEAR LAKE MEADOWS SEC 5 PH 1","263","Commercial","3/8/2023"
"BAF ASSETS 6 LLC","KISER AVENUE  1020","145H","B","028.00","000","145H B 02800 000","LAWSON POINTE SEC 2","106","Commercial","3/8/2023"
"BAF ASSETS 6 LLC","DOUGLAS BEND ROAD  1202","157H","B","027.00","000","157H B 02700 000","BROOKHAVEN ACRES","14","Commercial","3/8/2023"
"BAF ASSETS 6 LLC","EVERGREEN CIRCLE  197","160F","A","003.00","000","160F A 00300 000","BRIARCLIFF ESTATE SEC 1","28","Commercial","3/8/2023"
"BAGGETT GERRY","DARBY ROAD  7615","118","","004.07","000","118    00407 000","J A DARBY PROPERTY","4","Commercial","12/6/1989"
"BAGGETT GERRY JOHN","WILLIAMS STREET 107A-F  0","033J","D","024.00","000","033J D 02400 000","JOSHUA RUSSELL SUB R","2-2B","Commercial","9/18/2008"
"BAGGETT JASON D BAGGETT ELIZABETH ETUX","JACKSON RD  305","033I","D","009.00","000","033I D 00900 000","","","Commercial","10/10/2019"
"BAGGETT JASON D BAGGETT ELIZABETH ETUX","JACKSON RD  303","033I","D","010.00","000","033I D 01000 000","","","Commercial","10/11/2019"
"BAHORA ALTAF SHABBIR TR ALTAF SHABBIR BAHORA LIVING TRUST","INDIAN LAKE BLVD  280","145","","078.02","000","145    07802 000","INDIAN LAKE VILLAGE-","11-11","Commercial","3/28/2022"
"BAIRD CHARLES R ETUX SARAH C","ANDERSON ROAD  1600","138","","021.00","001","138    02100 001","","","Commercial",""
"BAKER HUBERT L ETAL MAPCO EXPRESS INC #3068 C/O","WEST MAIN STREET  1187","161L","A","006.00","000","161L A 00600 000","GALCO & MAPCO","1","Commercial","1/29/1998"
"BAKERS CROSSING II LLC","TULIP POPLAR DRIVE  1468","125M","A","001.07","000","125M A 00107 000","BAKERS CROSSING RESU","2","Commercial","8/21/2019"
"BAKERS CROSSING III LLC","TULIP POPLAR DRIVE  1468","125M","A","001.09","000","125M A 00109 000","BAKERS CROSSING RESU","4","Commercial","8/21/2019"
"BAKERS CROSSING IV LLC","LIFFORD LN  202","125M","A","001.08","000","125M A 00108 000","BAKERS CROSSING RESU","5","Commercial","11/20/2019"
"BAKERS CROSSING LLC","TULIP POPLAR DRIVE  1460","125M","A","001.05","000","125M A 00105 000","BAKERS CROSSING RESU","1","Commercial","10/18/2021"
"BAMB RESIDENTIAL TENNESSEE LLC","COLLEGE STREET  522","034D","B","007.01","000","034D B 00701 000","","","Commercial","11/21/2023"
"BANDY DAVID BANDY DERRICK","BARTON DRIVE  126","113M","A","016.01","000","113M A 01601 000","OLDHAM TRACE","2","Commercial","7/17/2020"
"BANDY DAVID BANDY DERRICK","COLLEGE STREET  149","126C","E","005.00","000","126C E 00500 000","","","Commercial","7/17/2020"
"BANDY DAVID BANDY DERRICK","COLLEGE STREET  145","126C","E","006.00","000","126C E 00600 000","","","Commercial","7/28/2020"
"BANDY DAVID BANDY DERRICK","CENTRAL DRIVE","126M","B","002.02","000","126M B 00202 000","CARTER S/D","29-35","Commercial","7/17/2020"
"BANDY DAVID BANDY DERRICK","CENTRAL DRIVE","126M","B","031.00","000","126M B 03100 000","CARTER S/D","5-16","Commercial","7/17/2020"
"BANDY L W ETUX ROBBIE J","REED ST  303","033A","C","015.00","000","033A C 01500 000","R. D. MOORE","01-3","Commercial","5/8/1986"
"BANDY LIERA L","BRUSH HILL COURT  113","135L","E","019.00","000","135L E 01900 000","BRUSH HILL","19","Commercial","6/14/2011"
"BANDY ROBBIE J ETVIR WAYNE","NORTH BROADWAY  420","033A","A","025.00","000","033A A 02500 000","","","Commercial","8/21/2003"
"BANDY SIDNEY D ETUX ANGELA P","TRAIL DRIVE  101","126B","G","017.00","000","126B G 01700 000","INDIAN HILLS S/D","0002","Commercial","8/26/2008"
"BANDY TIMMY","NORTH BROADWAY  310","033A","A","017.00","000","033A A 01700 000","","","Commercial","1/14/2009"
"BANDY TIMMY WAYNE","REED STREET  303","033A","C","014.00","000","033A C 01400 000","R. D. MOORE","04-7","Commercial","9/18/1986"
"BANDY TIMOTHY WAYNE","W MARKET ST  525","034E","C","003.00","000","034E C 00300 000","JERNIGAN & HARRIS SU","1A-1","Commercial","8/21/2013"
"BANDY WAYNE","NORTH BROADWAY  402","033A","A","020.01","000","033A A 02001 000","","","Commercial","8/14/2008"
"BANDY WAYNE","NORTH BROADWAY  413","033A","B","016.00","000","033A B 01600 000","","","Commercial","5/28/2004"
"BANDY WAYNE","NORTH BROADWAY  409","033A","B","017.00","000","033A B 01700 000","","","Commercial","1/12/1996"
"BANDY WAYNE","SOUTH BROADWAY  629","033P","A","006.00","000","033P A 00600 000","","","Commercial","1/31/2011"
"BANDY WAYNE","FRANKLIN CIRCLE  100","072","","067.00","000","072    06700 000","PIPER PROP SUB","1-1","Commercial","2/19/2003"
"BANDY WAYNE","FRANKLIN CIRCLE  100","072","","067.01","000","072    06701 000","PIPER PROP SUB","2-2","Commercial","2/19/2003"
"BANDY WAYNE","SCOTTY PARKER ROAD  2659","072","","068.02","000","072    06802 000","","","Commercial","5/6/1994"
"BANDY WAYNE","SCOTTY PARKER ROAD  2651","080","","010.03","000","080    01003 000","OVERLOOK VALLEY SUB","1","Commercial","6/8/1978"
"BANDY WAYNE","SCOTTY PARKER ROAD  2500","080","","013.01","000","080    01301 000","","","Commercial","1/7/2005"
"BANDY WAYNE JIMMY BANDY C/O","SCOTTY PARKER ROAD  2653","080","","010.02","000","080    01002 000","","","Commercial","6/8/1978"
"BANDY WAYNE T","NORTH BROADWAY  426","033A","A","026.01","000","033A A 02601 000","","","Commercial","8/15/1984"
"BANK OF AMERICA NA C/O CORP REAL EST ASSESSMENT","NASHVILLE PIKE  1143","126P","G","015.00","000","126P G 01500 000","BEL-AIR SEC 5 RESUB-","1-LIST","Commercial","7/15/2003"
"BANK OF AMERICA NA C/O CORP REAL EST ASST","EAST MAIN STREET  345","159K","A","021.06","000","159K A 02106 000","NATIONS BANK SITE","1","Commercial","12/13/1990"
"BANK OF AMERICA NA C/O CORP REAL EST ASST","WEST MAIN STREET  451","163C","F","001.00","000","163C F 00100 000","IMPERIAL SQUARE SEC 1","1","Commercial","1/26/2026"
"BANK TENNESSEE","MAIN STREET EAST  535","113M","E","013.00","000","113M E 01300 000","","","Commercial","3/30/2023"
"BANK TENNESSEE","HARTSVILLE PIKE  544","113M","E","017.00","000","113M E 01700 000","SUMNER REGIONAL HEALTH SYSTEM","1","Commercial","3/30/2023"
"BANKS ALAN","LONG HOLLOW PIKE  511","143J","C","010.00","000","143J C 01000 000","W E PAGE FARM","","Commercial","8/3/2005"
"BANKS DEAN E","31W HWY  2928","077P","A","003.00","001","077P A 00300 001","","","Commercial","1/4/2019"
"BANNER AT WESTFIELD LP","BANNER DRIVE  1000","137","","064.01","000","137    06401 000","BANNER AT WESTFIELD","","Commercial","7/20/2022"
"BARAHONA NORMA ORELLANA & SANCHEZ MOISES","BROWN PLACE  277","126C","E","026.00","000","126C E 02600 000","JACOBS RESUB OF PARD","2","Commercial","8/13/2013"
"BARBOUR EARL SCOTTY BARBOUR","CHURCH STREET  360","126B","D","002.00","000","126B D 00200 000","","","Commercial","10/26/2010"
"BAREFOOT PROPERTIES LLC","EASTLAND STREET EAST  204","113N","C","004.00","000","113N C 00400 000","EASTLAND SUB PH 2","3A","Commercial","10/1/2014"
"BAREFOOT PROPERTIES LLC","EASTLAND STREET EAST  208","113N","C","004.01","000","113N C 00401 000","","3B","Commercial","10/1/2014"
"BAREFOOT PROPERTIES LLC","COLLEGE STREET  246","113N","F","009.00","000","113N F 00900 000","","","Commercial","7/31/2014"
"BARKING SPOT LLC c/o PAULA WOODWARD MANAYAN & DONALD E MA","BIG STATION CAMP BLVD  123","137","","011.00","001","137    01100 001","","","Commercial","5/31/2019"
"BARNES MICHAEL","COLLEGE STREET  421","034D","A","033.00","000","034D A 03300 000","SHANNON S/D","IST","Commercial","6/2/2021"
"BARNES MICHAEL D","PLEASANT GROVE ROAD  1612","028M","A","024.00","000","028M A 02400 000","PLEASANT GROVE M H P","","Commercial","12/19/2023"
"BARNES MICHAEL D","CENTRAL DRIVE  112","126M","B","005.01","000","126M B 00501 000","DENTON SUB","2","Commercial","9/14/2023"
"BARNES MICHAEL D","CAGE ROAD  0","163D","D","022.00","000","163D D 02200 000","","","Commercial","6/20/2019"
"BARNFIELD BILLY R JR","GOODVIEW WAY  125","125","","032.10","000","125    03210 000","GOODVIEW PROP RESUB LOT 2B","2B","Commercial","4/26/2019"
"BARRETT MARCELLA A TR BMT UTA BRLT","BOSTRING DRIVE  113","160D","F","007.00","000","160D F 00700 000","TOWN AND COUNTRY EST","0007","Commercial","12/18/2023"
"BARRETT PAMELA KAYE TR PAMELA KAYE BARRETT REVOCABLE TRUST","VOLUNTEER DRIVE  144","159I","B","030.06","000","159I B 03006 000","A & J","1","Commercial","8/21/2024"
"BARRICKMAN STEPHEN R ETUX CHERYL R","MEADOWLAKE DRIVE  111","169O","D","007.00","000","169O D 00700 000","CHEROKEE WOODS SEC 10","1041","Commercial","4/16/2008"
"BASMA PROPERTY GROUP LLC","UNION PARK  351","113O","D","023.01","000","113O D 02301 000","FORD ADD #5","39-40,PO","Commercial","1/15/2026"
"BASMA PROPERTY GROUP LLC","TROTTERS ALLEY  605","115N","A","051.00","000","115N A 05100 000","CARELLTON PH8","363","Commercial","12/12/2024"
"BASMA PROPERTY GROUP LLC","SANTA ROSA DRIVE  115","124B","D","053.00","000","124B D 05300 000","","559","Commercial","4/30/2021"
"BASMA PROPERTY GROUP LLC","HENLEY LANE  1039","125M","A","065.00","000","125M A 06500 000","PRESTON PARK PH I","60","Commercial","7/20/2026"
"BASMA PROPERTY GROUP LLC","WESTGATE DRIVE  1051","135F","F","031.00","000","135F F 03100 000","PATTERSON FARMS PH 1","49","Commercial","3/25/2019"
"BASMA PROPERTY GROUP LLC","CLAREMONT COURT PVT  243","136K","G","044.00","000","136K G 04400 000","KNOLL AT FAIRVUE PH 1 SEC 2","67","Commercial","1/19/2021"
"BASMA PROPERTY GROUP LLC","KINGS KNOLL BLVD  140","136K","H","049.00","000","136K H 04900 000","KNOLL AT FAIRVUE PH 2","36","Commercial","7/20/2026"
"BASMA PROPERTY GROUP LLC","AMBASSADOR CIRCLE PVT  123","145","","044.03","024","145    04403C024","BRIDGEMILL AT INDIAN LAKE VILLAGE","24","Commercial","12/20/2018"
"BASMA PROPERTY GROUP LLC","EDGEWOOD DRIVE  175","164P","C","042.00","009","164P C 04200C009","WINDRIDGE REVISED","175","Commercial","1/20/2026"
"BASS PROPERTIES INC","WOODROW STREET WEST  122","113K","B","012.00","000","113K B 01200 000","F F LIGON ADDITION","7-14","Commercial","3/13/2008"
"BASS PROPERTIES INC","WOODROW STREET EAST  134","113K","C","008.00","000","113K C 00800 000","","","Commercial","11/30/2006"
"BASS PROPERTIES INC","NORTHVIEW AVENUE  714","113K","C","016.00","000","113K C 01600 000","LANGFORD HGTS. NO. 1","IST","Commercial","11/30/2006"
"BASS PROPERTIES INC","NORTHVIEW AVENUE  733","113K","D","006.00","000","113K D 00600 000","LANGFORD HEIGHTS ADD","IST","Commercial","11/30/2006"
"BASS PROPERTIES INC","VIRGINIA AVENUE  724","113K","D","015.00","000","113K D 01500 000","LANGFORD HGTS #1","IST","Commercial","11/30/2006"
"BASS PROPERTIES INC","WOODROW STREET EAST  219","113K","F","020.01","000","113K F 02001 000","LANGFORD HGTS #2","37","Commercial","7/10/2009"
"BASS PROPERTIES INC","WOODROW STREET EAST  207","113K","F","022.00","000","113K F 02200 000","LANGFORD HGTS. NO. 2","IST","Commercial","11/30/2006"
"BASTIAN JOHN S","EAST MAIN STREET  734","146","","065.00","000","146    06500 000","","","Commercial","6/10/2015"
"BATES VETERINARY PROPERTIES LLC","HARTSVILLE PIKE  1112","112","","037.00","000","112    03700 000","","","Commercial","9/28/2023"
"BATEY JOHN M","GRAPEVINE COURT  116","145O","C","009.00","000","145O C 00900 000","COLONIAL ACRES SEC.","0319","Commercial","1/11/1984"
"BATEY WALTER TRAYLOR","MACK ALICE DRIVE  187","135D","E","030.00","000","135D E 03000 000","SPRINGBROOK SEC 2 RES 55-56,81-82","44","Commercial","8/29/1989"
"BATEY WALTER TRAYLOR ETUX DARLENE","MACK ALICE DRIVE  201","135D","E","031.00","000","135D E 03100 000","SPRINGBROOK SEC 2 RES 27-54","27","Commercial","12/15/1995"
"BATEY WILLIAM PARKER","OLD SHACKLE ISLAND RD  184","159I","D","002.00","000","159I D 00200 000","NOKES HEIGHTS ADDN #2","1","Commercial","10/29/2019"
"BAUSELL EUGENE ETUX MONICA","31W HWY  2218","097","","046.01","000","097    04601 000","","","Commercial","4/8/1997"
"BAXTER ENTERPRISES","IMPERIAL BLVD  111","163C","F","002.00","012","163C F 00200C012","IMPERIAL POINTE CONDOMINIUM","B200","Commercial","2/28/2011"
"BBK INVESTMENTS","MAIN STREET WEST  405","126G","B","008.00","000","126G B 00800 000","","","Commercial","8/5/2008"
"BBK INVESTMENTS","MAIN STREET WEST  419","126G","B","009.00","000","126G B 00900 000","","","Commercial","8/5/2008"
"BCA INVESTMENTS LLC","VALLEY DRIVE  1011","120K","A","004.00","000","120K A 00400 000","NORTH POINTE PHASE I","3","Commercial","9/9/2021"
"BCA INVESTMENTS LLC","SUMNER MEADOWS LANE  111","144M","E","004.00","000","144M E 00400 000","SUMNER MEADOWS PH 1","4","Commercial","9/9/2021"
"BCG PROPERTES LLC","WEST MAIN STREET  351","163D","A","031.00","000","163D A 03100 000","C L POWELL","30-31","Commercial","2/27/2020"
"BCJ CONSULTING LLC","SOUTH RUSSELL STREET  605","033J","A","038.00","000","033J A 03800 000","EASTGATE CENTER SUB-","2-2","Commercial","5/27/2025"
"BCR HOLDINGS LLC","LOUISVILLE HWY  813","142","","014.00","000","142    01400 000","","","Commercial","7/11/2012"
"BCR HOLDINGS LLC","31W HWY  0","142","","015.00","000","142    01500 000","","","Commercial","7/11/2012"
"BEAR ARMY NASHVILLE LLC","MASON LANE  510","143I","A","019.00","000","143I A 01900 000","BARNETT ROLLING ACRES","39","Commercial","9/26/2024"
"BEATY CHARLES TR OF CTIST PARKS CHARLES C FT","WEST MAIN STREET  429","163C","F","008.03","000","163C F 00803 000","IMPERIAL SQUARE SEC 10","7","Commercial","4/10/2019"
"BECKER RICHARD A ETUX ELIZABETH A","SUSAN DRIVE  105","163L","D","003.00","000","163L D 00300 000","HICKORY VILLAGE SEC 1","90","Commercial","8/15/2013"
"BEL HENDERSONVILLE LLC C/O EATON VANCE REAL ESTATE GROUP","SPADELEAF BLVD  101","163E","B","003.01","000","163E B 00301 000","","","Commercial","12/16/2014"
"BELL ESTELA MENIE KABIGTING","CARTWRIGHT CIRCLE  1211","141D","A","024.00","000","141D A 02400 000","CARTWRIGHT REV","B12","Commercial","2/20/2003"
"BELL SONJA","OLD WESTMORELAND ROAD  129","033G","G","006.00","000","033G G 00600 000","CARTER SLOAN SUB","IST","Commercial","8/30/2024"
"BELVOIR PROPERTY LLC","ALBERT GALLATIN AVENUE E 150","113","","060.00","000","113    06000 000","ANDERSON PROP","6","Commercial","5/29/2025"
"BENNETT BRYAN BENNETT KIMBERLY ETUX","MIKE STREET  730","126H","A","012.00","000","126H A 01200 000","HOLLAND HGTS #2","IST","Commercial","8/25/2017"
"BENNETT RICHARD ALAN COOLEY JOHN M","MAIN STREET EAST  435","126D","B","022.00","000","126D B 02200 000","","","Commercial","12/28/2021"
"BENNIE JOE TRUSTEE","PUBLIC SQUARE  105","126C","F","022.00","000","126C F 02200 000","","","Commercial","6/6/2011"
"BERMUDEZ ANDRES EMILIO BERMUDEZ AMY ETUX","MCMURTRY ROAD  236","117","","062.16","000","117    06216 000","KENNETH CURTSINGER P","1","Commercial","5/7/2019"
"BERNUI MICHAEL & MELIINDA BERNUI","MAPLE DRIVE NORTH  100","159J","A","022.01","000","159J A 02201 000","SHOLODGE","3","Commercial","3/8/2023"
"BERRY BUILDERS INC","CLIF GARRETT DRIVE  138","077I","B","006.00","000","077I B 00600 000","CLIF GARRETT DRIVE S","6-6","Commercial","8/5/2026"
"BERRY KEVIN D DEERING SUSAN E","GRAPEVINE ROAD  104","145O","C","015.00","000","145O C 01500 000","COLONIAL ACRES SEC.","313","Commercial","11/30/2018"
"BERRYMAN JULIE A ETVIR JIMMY","ELLIS LANE  102","099G","A","005.00","001","099G A 00500 001","ELLIS SUB RESUB-ELLI","3A-3","Commercial","1/22/2013"
"BEST PROPERTY MANAGEMENT LLC %MILTON CURTIS","GLEN OAK BOULEVARD  107","144M","D","005.00","000","144M D 00500 000","TENTEX COMM PROP","3","Commercial","8/25/2004"
"BETHEL ROAD PROPERTY LLC","BETHEL ROAD  7747","118","","009.02","000","118    00902 000","","","Commercial","6/7/2021"
"BETHEL ROAD PROPERTY LLC","BETHEL ROAD  7743","118","","009.03","000","118    00903 000","","","Commercial","6/7/2021"
"BETHPAGE PROPERTY LLC","52 HWY  2716","030","","062.00","000","030    06200 000","OAK GROVE COMMUNITY","2","Commercial","2/28/2020"
"BFS RETAIL & COMM OPER LLC BRIDGESTONE AMERICAS C/O","MAIN STREET WEST  242","126C","G","027.00","000","126C G 02700 000","","","Commercial","11/27/2002"
"BFS RETAIL & COMM OPER LLC BRIDGESTONE AMERICAS C/O","MAIN STREET WEST  242","126C","G","028.00","000","126C G 02800 000","","","Commercial","11/27/2002"
"BGC PROPERTY HOLDINGS LIMITED LIABILITY","BLUEGRASS COMMONS BLVD  100","158A","B","003.00","000","158A B 00300 000","BLUEGRASS COMMONS 2ND RESUB 2,3","2","Commercial","3/31/2021"
"BHH REAL ESTATE MANAGEMENT LLC","25W HWY  1055","114","","044.00","000","114    04400 000","BRADLEY FARM","9","Commercial","4/13/2021"
"BHH REAL ESTATE MANAGEMENT LLC","25W HWY  1041","114","","045.00","000","114    04500 000","BRADLEY FARM S/D","8","Commercial","4/13/2021"
"BHH REAL ESTATE MANAGEMENT LLC","NASHVILLE PIKE  1160","125M","A","017.00","000","125M A 01700 000","","","Commercial","4/24/2020"
"BIBEAU JOSEPH CHARLES TR BIBEAU CAROL ANN TR","WATER AVENUE SOUTH  1315","135L","A","009.00","000","135L A 00900 000","DRIVERS LANE RELOCATION & NICHOLS LN EXT","42","Commercial","3/14/2018"
"BIG PLAY ENTERTAINMENT TENNESSEE LLC RAYMOND WOOLDRIDGE PRESIDENT","WEST MAIN STREET  460","160M","A","008.01","000","160M A 00801 000","","1","Commercial","4/29/2023"
"BIG STATION LLC ATTN DOV ER AKALEYNIK","BIG STATION CAMP BLVD  214","137","","008.10","000","137    00810 000","MCCAINS STATION COMM LOTS 4+5","5","Commercial","12/10/2024"
"BIGGS MARILYN SUE TR MARILYN BIGGS LIVING TRUST","BELVEDERE DRIVE NORTH  180","125M","A","022.00","018","125M A 02200C018","SUMNER CROSSINGS CON","18","Commercial","6/27/2024"
"BIGGS MARILYN SUE TR MARILYN BIGGS LIVING TRUST","BELVEDERE DRIVE NORTH  180","125M","A","022.00","019","125M A 02200C019","SUMNER CROSSINGS CON","19","Commercial","6/27/2024"
"BIGGS MARILYN SUE TR MARILYN BIGGS LIVING TRUST","BELVEDERE DRIVE NORTH  180","125M","A","022.00","020","125M A 02200C020","SUMNER CROSSINGS CON","20","Commercial","6/27/2024"
"BIGGS ROBERT BIGGS MARY ETUX","76 HWY  3455","057","","049.01","001","057    04901 001","","","Commercial","3/4/2022"
"BINGO PROPERTIES LLC","SOUTHBURN DRIVE  120","159A","M","010.00","000","159A M 01000 000","ROSEWOOD SEC 2","40","Commercial","11/8/2021"
"BINGO PROPERTIES LLC","BEECHWOOD COURT  110","160C","B","036.00","000","160C B 03600 000","HILLWOOD ESTS. SEC.","5","Commercial","11/8/2021"
"BINKLEY BILLY MICHAEL","LOCUST AVENUE NORTH  224","126C","A","008.00","000","126C A 00800 000","TOWN CREEK RE DEV S/","19","Commercial","2/8/2010"
"BINKLEY BILLY MICHAEL","MAIN STREET WEST  388","126G","A","021.00","000","126G A 02100 000","","","Commercial","2/10/2010"
"BINKLEY MIKE","LOCUST AVENUE NORTH  220","126C","A","007.00","000","126C A 00700 000","TOWN CREEK REDEVELOP","0018","Commercial","7/26/1999"
"BIRCKHEAD FAMILY LIMITED PARTNERSHIP","HANCOCK STREET  337","126O","D","004.01","000","126O D 00401 000","LACKEY PROP PH 3","23","Commercial","7/15/1999"
"BIRDWELL GRAVIS C ETUX RHONDA","MASON STREET  119","019P","A","010.00","000","019P A 01000 000","EVERGREEN SUB HWY 52","194","Commercial","6/4/2004"
"BIRDWELL GRAVIS C ETUX RHONDA","MASON STREET  121","019P","A","011.00","000","019P A 01100 000","EVERGREEN SUB HWY 52","195","Commercial","6/4/2004"
"BIRDWELL GRAVIS C ETUX RHONDA","MASON STREET  123","019P","A","012.00","000","019P A 01200 000","EVERGREEN SUB SEC 4-","196-196","Commercial","6/4/2004"
"BIRDWELL GRAVIS C ETUX RHONDA","MASON STREET  123","019P","A","012.01","000","019P A 01201 000","","","Commercial","4/25/2016"
"BIRDWELL GRAVIS C ETUX RHONDA","MASON STREET  120","019P","A","017.00","000","019P A 01700 000","EVERGREEN SUB SEC 4-","218-201","Commercial","10/22/2001"
"BIRDWELL GRAVIS C ETUX RHONDA","MASON STREET  118","019P","A","018.00","000","019P A 01800 000","EVERGREEN SUB HWY 52","202","Commercial","10/22/2001"
"BIRDWELL GRAVIS C ETUX RHONDA","MASON STREET  116","019P","A","019.00","000","019P A 01900 000","EVERGREEN SUB HWY 52","203","Commercial","10/22/2001"
"BISHOP RICHARD","SCOTT DRIVE  754","113G","D","014.00","000","113G D 01400 000","CLEARVIEW HGTS NO. 7","24","Commercial","12/20/2005"
"BKD GALLATIN LLC %BROOKDALE SENIOR LIVING INC","HANCOCK STREET  400","126P","J","015.01","000","126P J 01501 000","SOUTHWEST DEV PROP P","27","Commercial","1/22/2020"
"BKD GOODLETTSVILLE AL LLC","CALDWELL DRIVE  2025","143J","F","003.02","000","143J F 00302 000","NORTHCREEK BUSINESS PARK SEC 4","2","Commercial","2/27/2025"
"BKD GOODLETTSVILLE PROPCO LLC %BROOKDALE SENIOR LIVING INC C/O","BUSINESS PARK CIRCLE  3001","143J","F","008.00","000","143J F 00800 000","NORTHCREEK BUSINESS PARK SEC 7","19","Commercial","1/25/2019"
"BL PROPERTIES LLC","ORCHARD VALLEY CIRCLE  110","145I","E","016.00","000","145I E 01600 000","CREEKWOOD ESTS SEC 2","69","Commercial","5/31/2017"
"BL PROPERTIES LLC","RAIN DROP LANE  322","145I","E","055.00","000","145I E 05500 000","CREEKWOOD ESTS SEC 2","93","Commercial","10/19/2020"
"BL PROPERTIES LLC","RAIN DROP LANE  320","145I","E","056.00","000","145I E 05600 000","CREEKWOOD ESTS SEC 2","94","Commercial","5/19/2016"
"BL PROPERTIES LLC","PECK PLACE  1009","145M","C","015.00","000","145M C 01500 000","VILLAGES OF STONEYBR","65","Commercial","1/18/2022"
"BL PROPERTIES LLC","EAST MAIN STREET  221","159J","A","020.02","000","159J A 02002 000","MAPLE ROW CENTER SEC 1","5B","Commercial","11/21/2017"
"BLACK RICHARD D ETUX VERONICA","EASTLAND STREET WEST  574","113O","E","027.00","000","113O E 02700 000","MAPLE HILL BL C","LIST","Commercial","2/23/2023"
"BLACK ROBERT E ETUX BLACK ERICA H","LONG HOLLOW COURT  63","139","","001.00","001","139    00100 001","","","Commercial","7/20/2001"
"BLACK ROBERT E ETUX BLACK ERICA H","LONG HOLLOW COURT  57","139","","001.00","002","139    00100 002","","","Commercial","3/11/2004"
"BLACKMORE MITCHELL BLACKMORE BROOK E ETUX","TRIGG AVENUE NORTH  216","126C","E","025.00","000","126C E 02500 000","JACOBS RE SUB OF PAR","1","Commercial","8/9/2018"
"BLACKWELL PREPERTIES LLC","SUMMERLAKE PLACE  109","163D","E","019.00","005","163D E 01900 005","SUMMERLAKE SEC 2 PH 1","109","Commercial","6/7/2022"
"BLAIN DONNA L TR DONNA L BLAIN TRUST","HARRIS LANE  109","125","","044.00","000","125    04400 000","","","Commercial","6/22/2022"
"BLAIR ROBERT JR BLAIR EVAN ETUX","52E HWY  402","033G","G","001.01","000","033G G 00101 000","HOY KIRKHAM","2","Commercial","1/27/2022"
"BLAKELY AMBER","FREE HILL ROAD  106","160O","D","015.00","000","160O D 01500 000","","","Commercial","6/30/2021"
"BLAKELY AMBER","FREE HILL ROAD  106","160O","D","016.00","000","160O D 01600 000","","","Commercial","6/30/2021"
"BLANKENSHIP LESTER ETUX MARY","WATER AVENUE NORTH  159","126C","C","005.00","000","126C C 00500 000","","","Commercial","2/22/2001"
"BLANTON PROPERTIES LLC HOLLINGSWORTH OIL C/O","LOUISVILLE HWY  934","141","","046.00","000","141    04600 000","","","Commercial","11/23/2010"
"BLAYLOCK JAMES O TR JOB TRUST 2020","31W HWY  1660","099K","B","023.00","000","099K B 02300 000","JACKSON HEIGHTS","01-F","Commercial","9/29/2020"
"BLAYLOCK JAMES O TR JOB TRUST 2020","PEGGY COURT  123","099N","A","008.00","000","099N A 00800 000","JACKSON HEIGHTS","33","Commercial","9/29/2020"
"BLAYLOCK JAMES O TR JOB TRUST 2020","PEGGY COURT  125","099N","A","009.00","000","099N A 00900 000","JACKSON HEIGHTS","34","Commercial","9/29/2020"
"BLAYLOCK JAMES O TR JOB TRUST 2020","PEGGY COURT  127","099N","A","010.00","000","099N A 01000 000","JACKSON HEIGHTS","35","Commercial","9/29/2020"
"BLAYLOCK TIM ETUX LYNDER BLAYLOCK","BOYERS AVENUE  325","126C","P","013.00","000","126C P 01300 000","","","Commercial","3/8/1995"
"BLEVINS LESTER STEVE","NORTH BROADWAY  0","033A","A","031.08","000","033A A 03108 000","JIM CALLOWAY HWY 109","2A-2","Commercial","7/17/2002"
"BLG INVESTMENTS LLC","BENTREE COURT  103","164C","D","009.00","000","164C D 00900 000","BENT TREE","38","Commercial","3/10/2021"
"BLG INVESTMENTS LLC","BREAKWATER NORTH  110","164D","D","021.00","000","164D D 02100 000","BREAKWATER SEC 2","32","Commercial","3/1/2021"
"BLG INVESTMENTS LLC","ISLAND DRIVE  207","164N","B","015.00","000","164N B 01500 000","INDIAN FOREST SEC 2","74","Commercial","3/1/2021"
"BLG INVESTMENTS LLC","LAKESIDE PARK DRIVE  256","164P","B","022.00","000","164P B 02200 000","WALNUT HILLS ESTATES SEC 7","46","Commercial","3/1/2021"
"BLG INVESTMENTS LLC","LAKE TERRACE DRIVE  207","169K","A","004.00","000","169K A 00400 000","CHEROKEE WOODS SEC 7 PT 1","154","Commercial","3/1/2021"
"BLIND FAITH PROPERTIES LLC","31W HWY  2780","097","","001.00","000","097    00100 000","","","Commercial","12/23/2025"
"BLITTLE TINA MARIE BLITTLE CHARLES","PERRY STREET  129","127A","C","033.00","000","127A C 03300 000","EAST MEAD S/D","0002","Commercial","9/28/2021"
"BLUE GATE SHADY COVE OWNER LLC","SHADY COVE ROAD  1115","128","","015.00","000","128    01500 000","","","Commercial","6/18/2025"
"BLUE GATE SHADY COVE OWNER LLC","SHADY COVE ROAD  0","128","","015.00","001","128    01500 001","","","Commercial","6/18/2025"
"BLUE HOUSE INVESTMENTS LLC","NASHVILLE PIKE  1185","125M","B","006.00","000","125M B 00600 000","LELAND HEIGHTS","4","Commercial","2/22/2023"
"BLUEGRASS YACHT & COUNTRY CLUB","EAST MAIN STREET  550","159D","A","023.00","001","159D A 02300 001","","","Commercial","6/8/1965"
"BLUEGRASS YACHT COUNTRY CLUB","EAST MAIN STREET  535","159D","A","023.00","002","159D A 02300 002","","","Commercial",""
"BNL PROPERTIES LLC","PRINCE ST  125","126C","C","016.00","000","126C C 01600 000","MANOR","2","Commercial","7/28/2020"
"BNTR SFR OWNER LLC","EMMETT DRIVE PVT  224","077","","002.00","013","077    00200 013","HONEY RUN","224","Commercial","10/4/2022"
"BOBEL RAYMOND LAUREN ETUX MELINDA G","ROCKLAND ROAD  339","160","","052.02","001","160    05202C001","WESLEY PROPERTY","2","Commercial","12/30/1986"
"BOGER DAVID","ROLLING ACRES DRIVE  107","097E","C","013.00","000","097E C 01300 000","ROLLING ACRES SEC 1","12","Commercial","12/6/2018"
"BOND STREET FUND 16 LLC %MICHAEL D REYNOLDS C/O","INDIAN LAKE BLVD  271","145","","097.00","000","145    09700 000","INDIAN LAKE VILLAGE","28","Commercial","4/20/2018"
"BONDS DONALD M SR BONDS EVELYN S ETUX","INDIAN LAKE BLVD  263","145","","070.04","000","145    07004 000","INDIAN LAKE VILLAGE-","21-21","Commercial","2/21/2011"
"BONDURANT BRYAN W","MAIN STREET WEST  476","126G","A","016.00","000","126G A 01600 000","","","Commercial","1/12/1998"
"BONDURANT BRYAN W","MAIN STREET WEST  472","126G","A","016.01","000","126G A 01601 000","","","Commercial","1/12/1998"
"BONDURANT BRYAN W","MAIN STREET WEST  450","126G","A","017.00","000","126G A 01700 000","","","Commercial","1/12/1998"
"BONDURANT BRYAN W","MAIN STREET WEST  450","126G","A","017.01","000","126G A 01701 000","","","Commercial","1/12/1998"
"BONHAM HILLARY TR CREATIVE VENTURES TRUST JC","LONG HOLLOW PIKE  401","143","","067.00","000","143    06700 000","JAMES SPEAKMAN'S DIV","1","Commercial","6/1/2023"
"BONNER SUSAN DARLENE ETVIR EARL B JR","231S HWY  1170","067","","028.00","001","067    02800 001","","","Commercial","3/3/2003"
"BOOMA LLC","52W HWY  235","033H","H","017.00","000","033H H 01700 000","","1","Commercial","4/30/2020"
"BORDERS JACKIE","HERSHAL LYLES ROAD  1524","006","","019.00","001","006    01900 001","","","Commercial",""
"BORDERS JACKIE ODELL","HERSHAL LYLES ROAD  0","006","","020.01","001","006    02001 001","","","Commercial",""
"BORDERS JEAN H","FRANKLIN STREET EAST  132","126C","C","010.00","000","126C C 01000 000","","","Commercial","6/30/1997"
"BOWLES JEAN P PATTERSON WILLIAM C JR TRS OF","PUBLIC SQUARE  118","126C","F","009.00","000","126C F 00900 000","","","Commercial","2/25/2020"
"BOWMAN JACOB BOWMAN JENNIFER ETUX","KATY HILL DRIVE  603","143N","B","003.00","000","143N B 00300 000","PAGE HEIGHTS SEC 4","171","Commercial","3/29/2021"
"BOYD ANNE D TR BOYD RICHARD J TR","DONNA DRIVE  298","163E","F","010.00","000","163E F 01000 000","ELIZABETH PLACE TOWN","14A","Commercial","5/12/2026"
"BOYD HAROLD ETUX ANN & NOEL P MARTIN FLP","DRIVERS LANE  0","135","","021.06","000","135    02106 000","BULLOCK FARM-APPLEWO","1","Commercial","11/19/1998"
"BOYD PAUL JOSEPH BOYD DAREK","NORTH BROADWAY  606","019","","120.00","000","019    12000 000","CAVALIER HOME CENTER","1","Commercial","2/24/2021"
"BOYERS WILLIAM C","INDIAN LAKE ROAD  121","159J","A","026.00","000","159J A 02600 000","MAPLE ROW CENTER SEC 4","2","Commercial","3/15/2005"
"BPREP SFR OWNER LLC","EMMETT DRIVE PVT  226","077","","002.00","014","077    00200 014","HONEY RUN","226","Commercial","10/4/2022"
"BPREP SFR OWNER LLC","EMMETT DRIVE PVT  227","077","","002.00","026","077    00200 026","HONEY RUN","227","Commercial","10/4/2022"
"BPREP SFR OWNER LLC","EMMETT DRIVE PVT  225","077","","002.00","027","077    00200 027","HONEY RUN","225","Commercial","10/4/2022"
"BPREP SFR OWNER LLC","EMMETT DRIVE PVT  221","077","","002.00","029","077    00200 029","HONEY RUN","221","Commercial","9/28/2022"
"BPREP SFR OWNER LLC C/O RYAN LLC","EMMETT DRIVE PVT  220","077","","002.00","011","077    00200 011","HONEY RUN","220","Commercial","9/28/2022"
"BPREP SFR OWNER LLC C/O RYAN LLC","HIGHLAND DRIVE  406","097E","H","015.00","000","097E H 01500 000","NORTHWOODS SUBD PH 4","29","Commercial","6/22/2022"
"BPREP SFR OWNER LLC C/O RYAN LLC","TYREE COURT SOUTH  1015","100I","D","003.00","000","100I D 00300 000","TYREE WOODS SEC 17","262","Commercial","4/18/2022"
"BPREP SFR OWNER LLC C/O RYAN LLC","BLAKEMORE AVENUE NORTH  324","113O","G","026.00","000","113O G 02600 000","VERTREES TERRACE","9-11","Commercial","6/29/2022"
"BPREP SFR OWNER LLC C/O RYAN LLC","HARPER DEAN WAY  1087","127G","B","005.00","000","127G B 00500 000","","52","Commercial","4/26/2022"
"BRAD GREIVES DDS RE HOLDINGS LLC","HAZEL PATH  104","164A","C","015.00","000","164A C 01500C000","HAZEL PATH SEC 2","5","Commercial","1/10/2022"
"BRAD GREIVES DDS RE HOLDINGS LLC","HAZEL PATH DRIVE  104","164A","C","015.00","001","164A C 01500C001","HAZEL PATH SEC 2","5","Commercial","1/10/2022"
"BRAD GREIVES DDS RE HOLDINGS LLC","HAZEL PATH DRIVE  104","164A","C","015.00","002","164A C 01500C002","HAZEL PATH SEC 2","5","Commercial","8/18/2023"
"BRAD GREIVES DDS RE HOLDINGS LLC","HAZEL PATH DRIVE  104","164A","C","015.00","003","164A C 01500C003","HAZEL PATH SEC 2","5","Commercial","8/18/2023"
"BRADFORD PLAZA LLC","WALTON FERRY ROAD  124","163D","C","005.00","000","163D C 00500 000","WHEELER ADDITION","P/O7","Commercial","9/10/2021"
"BRADFORD PLAZA LLC","WALTON FERRY ROAD  0","163D","C","006.00","000","163D C 00600 000","WHEELER ADDITION","4-6","Commercial","9/10/2021"
"BRADLEY JOHN R","SOUTH BROADWAY  704","033O","A","002.00","000","033O A 00200 000","COUNTRY CLUB EST","0015","Commercial","5/15/1985"
"BRADLEY LINDA C & EDWARDS HORACE F & JOYCE E CORUM TRS","HARTSVILLE PIKE  3070","110","","037.00","000","110    03700 000","","","Commercial","11/6/2024"
"BRADLEY RUBY","BROADWAY EAST  1404","112H","A","027.00","000","112H A 02700 000","GALLATIN MALL","24-25","Commercial","3/14/2017"
"BRADLEY WILLIAM J","COLLEGE STREET  713","034","","043.00","000","034    04300 000","OAK GROVES TRACTS","3","Commercial","3/29/2016"
"BRADLEY WILLIAM J","76 HWY  4119","074","","095.05","000","074    09505 000","DUSTY ACRES","6","Commercial","4/17/2017"
"BRADSHAW PHILLIP A","HAPPY HOLLOW ROAD  395","038","","045.00","002","038    04500 002","","","Commercial",""
"BRASSELL BROTHERS LLC","CALDWELL DRIVE  2001","143J","F","003.01","000","143J F 00301 000","NORTHCREEK BUSINESS PARK SEC 4","1","Commercial","10/11/2010"
"BRASSELL FAMILY LLC MILLER & WILLIAMS MGT C/O","JACKSON ROAD  1000","143J","F","003.00","000","143J F 00300 000","NORTHCREEK BUSINESS PARK SEC 3 REV 3","3","Commercial","9/7/2007"
"BRATTON LUTHER","SCATTERSVILLE ROAD  181","019","","066.00","000","019    06600 000","SCATTERSVILLE ACRES","2","Commercial","8/26/2021"
"BRATTON LUTHER JR","SOUTH BROADWAY  820","039B","B","016.00","000","039B B 01600 000","","","Commercial","5/20/2026"
"BRAWNER LEON ETUX JEANETTE","LONG HOLLOW PIKE  929","126H","A","035.00","000","126H A 03500 000","","","Commercial","11/18/2011"
"BREWER HOLDINGS LLC","WALNUT CREST DRIVE","113P","F","007.00","000","113P F 00700 000","CREEKVIEW SEC. 1","0040","Commercial","7/15/2015"
"BREWER HOLDINGS LLC","WALNUT CREST DRIVE","113P","G","011.00","000","113P G 01100 000","CREEKVIEW SEC. 1","0080","Commercial","9/8/2015"
"BRIDGE SUMNER LLC C/O MARVIN F. POER","OLD SHACKLE ISLAND RD  320","159A","K","003.01","000","159A K 00301 000","","","Commercial","3/26/2019"
"BRIDGE SUMNER LLC C/O MARVIN F. POER C/O","OLD SHACKLE ISLAND RD  350","159A","K","003.00","000","159A K 00300 000","","","Commercial","1/30/2026"
"BRIDGES LARRY STEVEN JR BRIDGES DONNA C ETUX","SHIVEL DRIVE  205","163D","F","020.00","000","163D F 02000 000","SHIVEL ADDN TO HENDERSONVILLE","LIST","Commercial","10/16/2008"
"BRILEY ROBERT F ETUX CONNIE M","76 HWY  3221","058","","071.00","002","058    07100 002","","","Commercial","12/31/1986"
"BRIMSTONE BUILDS LLC","CHURCH STREET N 1301","001N","A","024.00","000","001N A 02400 000","","","Commercial","8/5/2026"
"BRIMSTONE BUILDS LLC","PORTLAND BOULEVARD  402","020O","B","034.00","000","020O B 03400 000","W.S. MOORE S/D","5-7","Commercial","6/18/2026"
"BRIMSTONE BUILDS LLC","MAIN STREET  114","033H","D","021.00","000","033H D 02100 000","","","Commercial","9/3/2024"
"BRINK JANICA","COLLEGE STREET  301","077G","B","014.00","000","077G B 01400 000","","","Commercial","9/25/2025"
"BRINKLEY PAUL B ETUX CRYSTAL","POWELL DRIVE  124","163D","A","025.00","000","163D A 02500 000","C L POWELL","23","Commercial","11/30/2005"
"BRINKLEY SCOTT ETUX ELISA BRINKLEY","SHORT STREET N 1114","044D","A","026.00","000","044D A 02600 000","ANDERSON PROP","2","Commercial","7/3/2024"
"BRINKLEY SCOTT ETUX ELISA BRINKLEY","SHORT STREET N  1114","044D","A","026.00","001","044D A 02600 001","","","Commercial","7/3/2024"
"BRITTANY COURTS LLC","259 HWY","001","","002.01","000","001    00201 000","VAIL CREST SUB SEC 3","11","Commercial","11/15/2017"
"BRITTANY COURTS LLC","259 HWY","001","","002.02","000","001    00202 000","VAIL CREST SUB SEC 3","12","Commercial","11/15/2017"
"BRIZENDINE PAMELA","WEST MARKET STREET  511","033H","F","003.00","000","033H F 00300 000","","","Commercial","1/14/1999"
"BROAD STREET ENT II DEMPSEY WILSON & C0 C/O","WEST MAIN STREET  327","163D","B","017.00","000","163D B 01700 000","SHIVEL ADDN RESUB 54-57","2","Commercial","11/9/1987"
"BROADBAND NASHVILLE II LLC 32ND FLOOR","WESTLAND AVENUE SOUTH  840","126L","B","025.01","000","126L B 02501 000","JAMES STREET S/D","8","Commercial","4/25/2001"
"BROADBAND NASHVILLE II LLC ATTN TAX DEPT 32ND FLOOR","COLEYTOWN ROAD  0","044","","053.03","000","044    05303 000","","","Commercial","4/25/2001"
"BROKEN LEG LLC","VILLAGE GREEN DRIVE  580","126I","A","027.01","000","126I A 02701 000","VILLAGE GREEN CROSSI","1B","Commercial","8/7/2003"
"BROOKS BETTY B","JOSLIN AVENUE","126N","J","016.00","000","126N J 01600 000","HALEWOOD EST RE-SUB","IST","Commercial","4/30/2021"
"BROOKSFIELD GARDENS HOLDINGS L C/O FELLERS SCHEWE SCOTT...","NORTH FIRST STREET  1201","028N","A","031.01","000","028N A 03101 000","","","Commercial","7/11/2015"
"BROOKSIDE TN LLC","LEWIS DRIVE  0","141E","A","021.00","000","141E A 02100 000","ROCKWOOD APT","21","Commercial","12/8/2021"
"BROOKSIDE TN LLC","LEWIS DRIVE  0","141E","B","009.00","000","141E B 00900 000","ROCKWOOD APT","32","Commercial","12/8/2021"
"BROWN BOOK HOLDINGS LLC","SPRINGHOUSE COURT  107","159G","A","005.00","000","159G A 00500 000","SHOLODGE SEC 2","7","Commercial","11/10/2010"
"BROWN CASEY PATRICK TR BROWN BETH ANN TR","HUNT CLUB BLVD  1517","146F","A","002.00","000","146F A 00200 000","HUNT CLUB SEC 2","2","Commercial","12/10/2020"
"BROWN CHARLES E","LOCK 4 ROAD","126P","I","001.00","000","126P I 00100 000","GREEN WAVE PARK SEC.","1","Commercial","6/16/2004"
"BROWN CHARLES E TR","WINCHESTER ST EAST 222&224  0","126C","P","016.00","000","126C P 01600 000","","","Commercial","9/11/1995"
"BROWN CHRISTOPHER & TINA BROWN","259 HWY  1911","014","","054.00","001","014    05400 001","FREEMAN FARM","4","Commercial","9/12/2012"
"BROWN CONOLY HOOD DAVID A JR","WEST MAIN STREET  897","160O","C","014.00","000","160O C 01400 000","","","Commercial","6/5/2018"
"BROWN DWAYNE T ETUX VONNESIA","HARVE BROWN ROAD  1129","029","","051.00","001","029    05100 001","","","Commercial",""
"BROWN ELEISSA","DONNA DRIVE  108","163E","C","007.00","000","163E C 00700 000","FERGUSSON ACRES","6","Commercial","12/19/2025"
"BROWN GRAIG BROWN JULIE ETUX","SOUTH BROADWAY  901","039B","A","005.00","000","039B A 00500 000","","","Commercial","9/30/2019"
"BROWN JASON TR JASON DAVID BROWN LIVING TRUST","MORNINGSIDE DRIVE  134","126K","D","012.00","000","126K D 01200 000","MORNINGSIDE HGHTS","7, P/O8","Commercial","10/6/2021"
"BROWN JOE DAVID ETUX OUIDA","EDGEWOOD DRIVE","135D","E","025.00","000","135D E 02500 000","SPRINGBROOK SEC 2 RES 27-54","39","Commercial","2/13/1997"
"BROWN JOE DAVID ETUX OUIDA","EDGEWOOD DRIVE","135D","E","032.00","000","135D E 03200 000","SPRINGBROOK SEC 2 RES 27-54","28","Commercial","2/26/1996"
"BROWN JOE DAVID ETUX OUIDA","EDGEWOOD DRIVE","135D","E","033.00","000","135D E 03300 000","SPRINGBROOK SEC 2 RES 27-54","29","Commercial","6/5/1992"
"BROWN JOE DAVID ETUX OUIDA F","WATER AVENUE NORTH  675","113K","G","006.00","000","113K G 00600 000","REED ADD.","SIT","Commercial","9/10/1999"
"BROWN JOE DAVID ETUX OUIDA F","WATER AVENUE NORTH","113K","K","009.02","000","113K K 00902 000","FIVE FORTY SUB","2","Commercial","12/2/1998"
"BROWN JOE DAVID ETUX OUIDA F","PARK AVENUE EAST  274","126F","J","025.00","000","126F J 02500 000","SUNSET VIEW","IST","Commercial","9/25/1995"
"BROWN JOE DAVID ETUX OUIDA F","EDGEWOOD DRIVE","135D","E","023.00","000","135D E 02300 000","SPRINGBROOK SEC 2 RES 27-54","37","Commercial","5/14/1997"
"BROWN JOE DAVID ETUX QUIDA","EASTLAND STREET EAST  341","113N","E","004.00","000","113N E 00400 000","WESTLAND HEIGHTS","IST","Commercial","1/1/2000"
"BROWN LEONARD ALVIN TR","SANDERS FERRY ROAD  110","160M","C","018.00","000","160M C 01800 000","LAKE VIEW ADDITION","IST","Commercial","9/20/2016"
"BROWN MITZI S HENRY C","ROLLING ACRES DRIVE  102","097E","C","001.01","000","097E C 00101 000","ROLLING ACRES SEC. 1","14B","Commercial","2/2/2005"
"BROWN PAUL K ETUX PATRICIA H","IRIS DRIVE  913","112P","B","009.00","000","112P B 00900 000","GREEN ACRES NO 2","IST","Commercial","3/11/1969"
"BROWN PAUL K ETUX PATRICIA H","ELECTRA STREET NORTH  107","126A","B","011.00","000","126A B 01100 000","MEADOWBROOK ADD. 2","IST","Commercial","9/4/2015"
"BROWN PAUL K ETUX PATRICIA H","ROGERS ROAD  762","127A","C","006.00","000","127A C 00600 000","EAST MEADE SUB.","30","Commercial","5/11/1976"
"BROWN PHILIP ETUX ANGELA","SOUTH BROADWAY  506","033I","C","019.00","000","033I C 01900 000","","","Commercial","8/27/2007"
"BROWN PHILIP ETUX ANGELA","SOUTH BROADWAY  508","033I","C","020.00","000","033I C 02000 000","","","Commercial","8/27/2007"
"BROWN PHILIP G ETUX ANGELA F","EAST KNIGHT STREET  115","033I","C","017.00","000","033I C 01700 000","","","Commercial","8/6/2008"
"BROWN PHILIP G ETUX ANGELA F","EAST KNIGHT STREET  103","033I","C","017.01","000","033I C 01701 000","","","Commercial","8/6/2008"
"BROWN PHILIP GLEN ETUX ANGELA","SANDYE AVENUE  114","033H","J","014.00","000","033H J 01400 000","PURYEAR S/D","IST","Commercial","11/3/2016"
"BROWN TONY","BLAKEMORE AVENUE NORTH  0","126B","B","005.00","000","126B B 00500 000","","","Commercial","3/13/2020"
"BROWN WILLIAM CONOLY HOOD DAVID A JR","RED RIVER ROAD  266","126C","A","001.02","000","126C A 00102 000","TOWN CREEK RE-DEV","IST","Commercial","11/5/2018"
"BRUCE JERRY A AMOCO FOOD SHOP C/O","EAST MAIN STREET  343","159J","B","010.00","000","159J B 01000 000","ANDERSON EST SEC 3","1","Commercial","2/13/2002"
"BRYANT PEGGY G & BARBARA D PHILLIPS","WOODS FERRY ROAD  1029","126M","A","020.00","000","126M A 02000 000","M M FORD ADD","IST","Commercial","5/20/2026"
"BSCO TRUST","SAUNDERSVILLE ROAD  800","146","","108.00","000","146    10800 000","INDIAN LAKE VILLAGE-","43","Commercial","11/10/2025"
"BTR SCATTERED SITE OWNER 2 LLC","GRASSY GLEN DRIVE  241","114L","C","006.00","000","114L C 00600 000","","1032","Commercial","7/1/2024"
"BTR SCATTERED SITE OWNER 2 LLC","LASSITER DRIVE  2017","120K","B","009.00","000","120K B 00900 000","NORTH POINTE PHASE I","104","Commercial","7/1/2024"
"BTR SCATTERED SITE OWNER 2 LLC","NOBLE PARK CIRCLE PVT  188","126M","G","001.00","000","126M G 00100 000","NOBLE PARK","1","Commercial","7/1/2024"
"BTR SCATTERED SITE OWNER 2 LLC","NOBLE PARK CIRCLE PVT  186","126M","G","002.00","000","126M G 00200 000","NOBLE PARK","2","Commercial","7/1/2024"
"BTR SCATTERED SITE OWNER 2 LLC","NOBLE PARK CIRCLE PVT  184","126M","G","003.00","000","126M G 00300 000","NOBLE PARK","3","Commercial","7/1/2024"
"BTR SCATTERED SITE OWNER 2 LLC","NOBLE PARK CIRCLE PVT  182","126M","G","004.00","000","126M G 00400 000","NOBLE PARK","4","Commercial","7/1/2024"
"BTR SCATTERED SITE OWNER 2 LLC","NOBLE PARK CIRCLE PVT  180","126M","G","005.00","000","126M G 00500 000","NOBLE PARK","5","Commercial","7/1/2024"
"BTR SCATTERED SITE OWNER 2 LLC","NOBLE PARK CIRCLE PVT  178","126M","G","006.00","000","126M G 00600 000","NOBLE PARK","6","Commercial","7/1/2024"
"BTR SCATTERED SITE OWNER 2 LLC","NOBLE PARK CIRCLE PVT  176","126M","G","007.00","000","126M G 00700 000","NOBLE PARK","7","Commercial","7/1/2024"
"BTR SCATTERED SITE OWNER 2 LLC","NOBLE PARK CIRCLE PVT  174","126M","G","008.00","000","126M G 00800 000","NOBLE PARK","8","Commercial","7/1/2024"
"BTR SCATTERED SITE OWNER 2 LLC","NOBLE PARK CIRCLE PVT  172","126M","G","009.00","000","126M G 00900 000","NOBLE PARK","9","Commercial","7/1/2024"
"BTR SCATTERED SITE OWNER 2 LLC","NOBLE PARK CIRCLE PVT  168","126M","G","010.00","000","126M G 01000 000","NOBLE PARK","10","Commercial","7/1/2024"
"BTR SCATTERED SITE OWNER 2 LLC","NOBLE PARK CIRCLE PVT  166","126M","G","011.00","000","126M G 01100 000","NOBLE PARK","11","Commercial","7/1/2024"
"BTR SCATTERED SITE OWNER 2 LLC","NOBLE PARK CIRCLE PVT  164","126M","G","012.00","000","126M G 01200 000","NOBLE PARK","12","Commercial","7/1/2024"
"BTR SCATTERED SITE OWNER 2 LLC","NOBLE PARK CIRCLE PVT  162","126M","G","013.00","000","126M G 01300 000","NOBLE PARK","13","Commercial","7/1/2024"
"BTR SCATTERED SITE OWNER 2 LLC","NOBLE PARK CIRCLE PVT  160","126M","G","014.00","000","126M G 01400 000","NOBLE PARK","14","Commercial","7/1/2024"
"BTR SCATTERED SITE OWNER 2 LLC","NOBLE PARK CIRCLE PVT  158","126M","G","015.00","000","126M G 01500 000","NOBLE PARK","15","Commercial","7/1/2024"
"BTR SCATTERED SITE OWNER 2 LLC","NOBLE PARK CIRCLE PVT  156","126M","G","016.00","000","126M G 01600 000","NOBLE PARK","16","Commercial","7/1/2024"
"BTR SCATTERED SITE OWNER 2 LLC","NOBLE PARK CIRCLE PVT  154","126M","G","017.00","000","126M G 01700 000","NOBLE PARK","17","Commercial","7/1/2024"
"BTR SCATTERED SITE OWNER 2 LLC","NOBLE PARK CIRCLE PVT  152","126M","G","018.00","000","126M G 01800 000","NOBLE PARK","18","Commercial","7/1/2024"
"BTR SCATTERED SITE OWNER 2 LLC","NOBLE PARK CIRCLE PVT  150","126M","G","019.00","000","126M G 01900 000","NOBLE PARK","19","Commercial","7/1/2024"
"BTR SCATTERED SITE OWNER 2 LLC","NOBLE PARK CIRCLE PVT  146","126M","G","020.00","000","126M G 02000 000","NOBLE PARK","20","Commercial","7/1/2024"
"BTR SCATTERED SITE OWNER 2 LLC","NOBLE PARK CIRCLE PVT  144","126M","G","021.00","000","126M G 02100 000","NOBLE PARK","21","Commercial","7/1/2024"
"BTR SCATTERED SITE OWNER 2 LLC","NOBLE PARK CIRCLE PVT  142","126M","G","022.00","000","126M G 02200 000","NOBLE PARK","22","Commercial","7/1/2024"
"BTR SCATTERED SITE OWNER 2 LLC","NOBLE PARK CIRCLE PVT  140","126M","G","023.00","000","126M G 02300 000","NOBLE PARK","23","Commercial","7/1/2024"
"BTR SCATTERED SITE OWNER 2 LLC","NOBLE PARK CIRCLE PVT  138","126M","G","024.00","000","126M G 02400 000","NOBLE PARK","24","Commercial","7/1/2024"
"BTR SCATTERED SITE OWNER 2 LLC","NOBLE PARK CIRCLE PVT  136","126M","G","025.00","000","126M G 02500 000","NOBLE PARK","25","Commercial","7/1/2024"
"BTR SCATTERED SITE OWNER 2 LLC","NOBLE PARK CIRCLE PVT  134","126M","G","026.00","000","126M G 02600 000","NOBLE PARK","26","Commercial","7/1/2024"
"BTR SCATTERED SITE OWNER 2 LLC","NOBLE PARK CIRCLE PVT  132","126M","G","027.00","000","126M G 02700 000","NOBLE PARK","27","Commercial","7/1/2024"
"BTR SCATTERED SITE OWNER 2 LLC","NOBLE PARK CIRCLE PVT  130","126M","G","028.00","000","126M G 02800 000","NOBLE PARK","28","Commercial","7/1/2024"
"BTR SCATTERED SITE OWNER 2 LLC","NOBLE PARK CIRCLE PVT  120","126M","G","029.00","000","126M G 02900 000","NOBLE PARK","29","Commercial","7/1/2024"
"BTR SCATTERED SITE OWNER 2 LLC","NOBLE PARK CIRCLE PVT  118","126M","G","030.00","000","126M G 03000 000","NOBLE PARK","30","Commercial","7/1/2024"
"BTR SCATTERED SITE OWNER 2 LLC","NOBLE PARK CIRCLE PVT  116","126M","G","031.00","000","126M G 03100 000","NOBLE PARK","31","Commercial","7/1/2024"
"BTR SCATTERED SITE OWNER 2 LLC","NOBLE PARK CIRCLE PVT  114","126M","G","032.00","000","126M G 03200 000","NOBLE PARK","32","Commercial","7/1/2024"
"BTR SCATTERED SITE OWNER 2 LLC","NOBLE PARK CIRCLE PVT  112","126M","G","033.00","000","126M G 03300 000","NOBLE PARK","33","Commercial","7/1/2024"
"BTR SCATTERED SITE OWNER 2 LLC","NOBLE PARK CIRCLE PVT  110","126M","G","034.00","000","126M G 03400 000","NOBLE PARK","34","Commercial","7/1/2024"
"BTR SCATTERED SITE OWNER 2 LLC","NOBLE PARK CIRCLE PVT  108","126M","G","035.00","000","126M G 03500 000","NOBLE PARK","35","Commercial","7/1/2024"
"BTR SCATTERED SITE OWNER 2 LLC","NOBLE PARK CIRCLE PVT  106","126M","G","036.00","000","126M G 03600 000","NOBLE PARK","36","Commercial","7/1/2024"
"BTR SCATTERED SITE OWNER 2 LLC","LANGWOOD COURT  1218","135E","G","011.00","000","135E G 01100 000","SPRINGBROOK SEC 5 RES 11-15","11","Commercial","7/1/2024"
"BTR SCATTERED SITE OWNER 2 LLC","WITHERS COURT  111","137G","D","036.00","000","137G D 03600 000","SAUNDERSVILLE  STATION PH 7 SEC 5","385","Commercial","7/1/2024"
"BTR SCATTERED SITE OWNER 2 LLC","AGEE CIRCLE EAST  131","159A","N","016.00","000","159A N 01600 000","GLEN OAK SEC 1 PTC","48","Commercial","7/1/2024"
"BTR SCATTERED SITE OWNER 2 LLC","TWO VALLEY ROAD  152","160B","C","021.00","000","160B C 02100 000","TWIN VALLEY SUB SEC.","0111","Commercial","7/1/2024"
"BTR SCATTERED SITE OWNER 2 LLC","FORREST MEADOWS DRIVE  107","160K","H","021.00","000","160K H 02100 000","FORREST MEADOWS SEC.","35","Commercial","7/1/2024"
"BTR SCATTERED SITE OWNER 2 LLC","BREAKWATER DRIVE  191","164D","D","005.00","000","164D D 00500 000","BREAKWATER SEC 1","5","Commercial","7/1/2024"
"BUBIS MARTIN ETUX JAYNE","EAST MAIN STREET  333","159J","B","010.01","000","159J B 01001 000","ANDERSON ESTATES SEC","1","Commercial","8/28/2025"
"BUCKOSH CLIFFORD","GREEN LEAF CIRCLE","113P","F","014.00","000","113P F 01400 000","CREEKVIEW SEC. 1","50","Commercial","1/12/2026"
"BUCKOSH CLIFFORD J & REBECCA G TRS CLIFFORD J & REBECCA G BUCKOSH REV TRUST","GREEN LEAF CIRCLE","113P","F","016.00","000","113P F 01600 000","CREEKVIEW SEC. 1","0048","Commercial","12/9/2025"
"BUCKOSH CLIFFORD J & REBECCA G TRS CLIFFORD J & REBECCA G BUCKOSH REVOCABLE","WALNUT CREST DRIVE","113P","F","021.00","000","113P F 02100 000","CREEKVIEW SEC. 1","37","Commercial","12/9/2025"
"BUCKOSH CLIFFORD J & REBECCA G TRS CLIFFORD J & REBECCA G BUCKOSH REVOCABLE","WALNUT CREST DRIVE","113P","G","010.00","000","113P G 01000 000","CREEKVIEW SEC. 1","81","Commercial","12/9/2025"
"BUCKOSH CLIFFORD J & REBECCA G TRS CLIFFORD J & REBECCA G BUCKOSH REVOCABLE","DEER PARK CIRCLE","126A","F","023.00","000","126A F 02300 000","CREEKVIEW SEC. 1","0023","Commercial","12/9/2025"
"BUCKOSH CLIFFORD J & REBECCA G TRS CLIFFORD J & REBECCA G BUCKOSH REVOCABLE","DEER PARK CIRCLE","126A","F","024.00","000","126A F 02400 000","CREEKVIEW SEC. 1","0024","Commercial","12/9/2025"
"BUCSE IOAN & FELICIA TR IOAN AND FELICIA BUCSE REVOCABLE TRUST","CANDY LANE PVT  0","160O","C","007.03","000","160O C 00703 000","","","Commercial","12/29/2023"
"BUFFALO VALLEY INC","DEMOSS STREET  508","113J","D","032.00","000","113J D 03200 000","CLEARVIEW HTS. NO. 4","IST","Commercial","10/27/1999"
"BUFFALO VALLEY INC","BARRY AVENUE  104","126A","C","010.00","000","126A C 01000 000","MEADOWBROOK ADD. NO.","0024","Commercial","2/18/2010"
"BUFFALO VALLEY INC","TROUSDALE AVENUE  123","126A","D","013.00","000","126A D 01300 000","MEADOWBROOK S/D 1","6","Commercial","2/18/2010"
"BUFFALO VALLEY INC","EDGEWOOD DRIVE","135D","E","027.00","000","135D E 02700 000","SPRINGBROOK SEC 2 RES 27-54","41","Commercial","6/27/2002"
"BUFFALO VALLEY INC","EDGEWOOD DRIVE","135D","E","029.00","000","135D E 02900 000","SPRINGBROOK SEC 2 RES 27-54","43","Commercial","6/27/2002"
"BUNDY KRIS L ETUX AMY JO BUNDY","PIN OAK DRIVE  105","164B","D","001.00","000","164B D 00100 000","MAPLE ROW ESTATES SEC 4","404","Commercial","5/14/2003"
"BURCHETT PROPERTIES","ALBERT GALLATIN AVENUE E 142","113","","059.00","000","113    05900 000","ANDERSON PROP","5","Commercial","2/14/2021"
"BURCHFIELD DANIEL C & HUGH J ATKINSON & TOMMY J KOEN","INDIAN LAKE BLVD  131","159J","A","030.00","003","159J A 03000C003","ABGK CONDOMINIUMS","105","Commercial","8/13/1999"
"BURGESS JOSEPH GREGORY","WATER AVENUE SOUTH  1410","135","","027.04","000","135    02704 000","","","Commercial","1/4/2016"
"BURKE DENNIS W ETUX CYNTHIA S","CANFIELD PLACE  114","160M","C","023.00","009","160M C 02300C009","HENDERSONVILLE COURT","1","Commercial","7/3/2007"
"BURKHART JEFFERY D & DBA JB INVESTMENTS","NASHVILLE PIKE  660","126G","A","003.00","000","126G A 00300 000","DR KELLY LOTS","PO2+3","Commercial","6/22/2016"
"BURLEY PARTNERS GP","OLD SHACKLE ISLAND RD  175","160M","B","032.00","000","160M B 03200 000","EAGLE ROCK PROP","4","Commercial","7/7/2016"
"BURNETT RONALD WAYNE BURNETT JOHN T","31E HWY OLD  1808","044C","B","028.00","000","044C B 02800 000","WESTVIEW ADDITION","03-4","Commercial","4/29/2021"
"BURNETTE RHONDA J TR DAISY DUKE EATHERLY REVOCABLE TRUST","NASHVILLE PIKE  825","126G","C","025.00","000","126G C 02500 000","W B WIGGINS JR","1-A","Commercial","10/27/2020"
"BURRIS JOE SR","31W HWY  3006","077","","079.00","000","077    07900 000","","","Commercial","11/19/2012"
"BURTON MARTHA","PLEASANT GROVE ROAD  1612","028M","A","024.00","000","028M A 02400T000","PLEASANT GROVE M H P","","Commercial","8/5/1983"
"BUSHMAN TOD ETUX ROSANNE TENAGLIA-BUSHMAN","DONNA DRIVE  301","163L","C","025.00","000","163L C 02500 000","HICKORY VILLAGE SEC 1","41","Commercial","8/4/2006"
"BUTLER CYNTHIA MARTIN & RAYMOND SCOTT MARTIN & MITZI RENEE MARTIN FISCHER","WATER AVENUE NORTH  379","113N","B","015.00","000","113N B 01500 000","","","Commercial","1/8/2024"
"BUTLER CYNTHIA MARTIN & RAYMOND SCOTT MARTIN & MITZI RENEE MARTIN FISCHER","NASHVILLE PIKE  687","126G","C","018.00","000","126G C 01800 000","LACKEY ADD","%28","Commercial","1/8/2024"
"BW INTERESTS LLC","31E HWY  2990","084","","050.00","000","084    05000 000","AGNES D FRANKLIN","1","Commercial","2/2/2026"
"BYRONS INC RICH PRODUCTS CORP C/O","MAIN STREET WEST  349","126G","B","004.00","000","126G B 00400 000","","","Commercial","12/3/1986"
"BYT PARTNERS GP","VILLAGE GREEN DRIVE  540","126I","A","028.00","000","126I A 02800 000","VILLAGE GREEN CROSSI","2","Commercial","1/29/2026"
"C & C LOCAL BUSINESS PROPERTIES LLC","MAIN STREET EAST  404","113M","J","001.00","000","113M J 00100 000","","","Commercial","1/14/2025"
"C & C PROPERTIES","WATER AVENUE SOUTH  676","126K","E","016.00","000","126K E 01600 000","MORNINGSIDE HGHTS","6","Commercial","5/26/2026"
"C & J VENTURES LLC","VULCO DRIVE   A-B  165","170L","D","009.00","000","170L D 00900 000","LAKESIDE PARK SEC 4","236","Commercial","9/25/2012"
"C & K PARTNERS","KASPER WAY  504","141M","A","003.00","000","141M A 00300 000","MANSKER IND PARK SEC","6","Commercial","8/20/2014"
"C G DEVELOPMENT COMPANY LLC","SCOTTY PARKER ROAD  2451","080","","017.00","000","080    01700 000","","","Commercial","12/23/2014"
"C&D PROPERTY INVESTMENTS LLC","PORTLAND BOULEVARD  103","033G","C","009.00","000","033G C 00900 000","","","Commercial","6/6/2025"
"C7 PROPERTIES LLC","COLLIER LANE  210","103","","022.01","000","103    02201 000","C7 PROP","1A","Commercial","6/18/2025"
"CAIRO GROUP LLC","CAIRO ROAD  1033","127","","055.00","000","127    05500 000","CAIVO DRIVE SUB","2","Commercial","11/20/2025"
"CALDERON JUAN","HIX LANE  255","113","","020.00","001","113    02000 001","","","Commercial",""
"CALDERON JUAN","WATER AVENUE NORTH  520","113K","K","008.00","000","113K K 00800 000","","","Commercial","6/16/2006"
"CALDERON JUAN","WATER AVENUE NORTH  520","113K","K","008.01","000","113K K 00801 000","","","Commercial","6/16/2006"
"CALDWELL WILLIAM R CALDWELL GINGER RENEA ETUX","MAIN STREET EAST  437","126D","B","021.00","000","126D B 02100 000","","","Commercial","2/4/2020"
"CALLAWAY BRYCE ETUX MISTY","CAMPUS DRIVE  117","163D","F","017.00","000","163D F 01700 000","H B RONEY ADDITION1","LIST","Commercial","5/11/2023"
"CALLAWAY JEAN & NATALIE JEAN WEBB MILLER","ANDERSON LANE  185","159N","G","006.00","000","159N G 00600 000","LARUE HEIGHTS","6","Commercial","11/25/2025"
"CALLAWAY JEAN & NATALIE JEAN WEBB MILLER","EDGEWOOD DRIVE  156","164P","C","040.00","000","164P C 04000 000","OAKWOOD VILLA SEC 1 REV","4","Commercial","11/25/2025"
"CALLIS MICHAEL CALLIS BRIAN MATTHEW C/O","ROBERTS ROAD WEST  174","072","","003.04","001","072    00304 001","","","Commercial","1/14/2015"
"CAMA SDIRA LLC CUST FOR RICHAR","PARADISE DRIVE  223","163L","C","023.00","000","163L C 02300 000","HICKORY VILLAGE SEC 1","87","Commercial","6/29/2012"
"CAMARENA CARLOS C FUENTES JAVIER","INDUSTRIAL PARK DRIVE  4","160N","C","039.03","000","160N C 03903 000","HENDERSONVILLE BUSIN","1","Commercial","10/13/2016"
"CAMPBELL EVERTON","GREEN MEADOW DRIVE  101","104J","A","002.00","000","104J A 00200 000","GREEN MEADOW","1","Commercial","10/30/2019"
"CAMPBELL EVERTON DBA CAMPBELL & ASSOC FINANCIAL","EASTLAND STREET WEST  135","126C","A","019.00","000","126C A 01900 000","","","Commercial","3/10/2000"
"CAMPBELL SHANA L TR","NASHVILLE PIKE  921","126I","B","008.00","000","126I B 00800 000","RESTRAUNT & RET","2","Commercial","1/4/2017"
"CAMPBELLSVILLE CENTER HOUCHENS FOOD GROUP INC C/O","SOUTH BROADWAY  511","033P","A","012.01","000","033P A 01201 000","","","Commercial","3/13/1975"
"CAMPBELLSVILLE CENTER INC HOUCHENS PROP INC C/O","SOUTH BROADWAY  509","033P","A","012.00","000","033P A 01200 000","","","Commercial","8/31/1972"
"CANON JOSH","109 HWY OLD  1415","104","","083.00","001","104    08300 001","","","Commercial","12/22/2020"
"CANTRELL JOHN THOMAS","NORTH BROADWAY  305","033A","C","017.00","000","033A C 01700 000","","","Commercial","5/4/2004"
"CAPGROW HOLDINGS JV SUB VI LLC","GOVERNOR HALL ROAD  268","110","","015.02","000","110    01502 000","","","Commercial","8/24/2020"
"CAPITAL INTERESTS LLC","GARNET COURT  509","126P","J","018.00","000","126P J 01800 000","LACKEY PROP PUB RESU","2-2","Commercial","3/14/2022"
"CAPITOL BROADCASTING KENNETH S JOHNSON C/O","MUSIC MOUNTAIN ROAD  150","080","","020.02","001","080    02002 001","","","Commercial","10/9/1986"
"CAPSTAR BANK","GREENLEA BLVD  885","136","","018.05","000","136    01805 000","GREENSBORO VILLAGE P","2","Commercial","7/27/2012"
"CAPSTAR BANK","SPRINGHOUSE COURT  101","159G","A","006.00","000","159G A 00600 000","SHOLODGE SEC 2","4","Commercial","7/27/2012"
"CAPTAIN RON HOLDINGS LLC","VICTOR REITER PARK WAY  125","033A","D","018.02","000","033A D 01802 000","BUFORD LANE EST","1","Commercial","2/16/2024"
"CAPTAIN RON HOLDINGS LLC","52E HWY  111","033J","A","041.00","000","033J A 04100 000","EASTGATE CENTER SUB-","3-3","Commercial","12/12/2025"
"CAPTAIN RON HOLDINGS LLC","52E HWY  403","033J","C","002.00","000","033J C 00200 000","GRAND VIEW","list","Commercial","2/16/2024"
"CARABELLI LLC","BUSINESS PARK CIRCLE  3050","143J","F","007.00","002","143J F 00700C002","NORTHCREEK BUSINESS PARK SEC 14 RES 11B","11B","Commercial","3/11/2024"
"CARATAN MARTIN L & LORAINE TRS MARTIN & LORAINE CARATAN FAMILY TRUST","LONG HOLLOW PIKE  420","143J","G","004.02","000","143J G 00402 000","PUBLIX REV 2","5","Commercial","6/3/2025"
"CARDEN RENTALS LLC","MAHARRIS DRIVE PVT  200","135C","E","003.00","000","135C E 00300 000","WINDSONG RESUB 3+4","3","Commercial","5/22/2025"
"CARDONA CHARLES & KUMAR DOSHI","SUSAN COURT  102","163L","C","015.00","000","163L C 01500 000","HICKORY VILLAGE SEC 1","78","Commercial","3/20/2023"
"CARNEY DEBORAH B & MARK T BOWLES & WILLI RAY BOWLES FAMILY TR","NASHVILLE PIKE  835","126G","C","028.00","000","126G C 02800 000","W. B. WIGGINS JR","1-C","Commercial","12/29/2012"
"CARNEY IVAN J CARNEY KIMBERLY L ETUX","31W HWY  3220","077G","C","012.00","000","077G C 01200 000","","","Commercial","9/7/2021"
"CARNEY WILLIAM FOSTER ETUX JACQUELINE D","CUMMINGS COURT  1018","102","","062.00","001","102    06200 001","","","Commercial","1/25/2013"
"CARRIER MICHELE M CARRIER GARY R ETVIR","MAPLE ROW BLVD  131","159O","D","021.00","001","159O D 02100C001","MAPLE ROW PROF BLDG-","100-100","Commercial","1/8/2020"
"CARRINGTON APARTMENTS LLC","EAST MAIN STREET  549","159E","B","024.02","000","159E B 02402 000","","","Commercial","9/30/2024"
"CARRINGTON PARTNERS LLC C/O SHERRY DANIELS","CARRINGTON ROAD  1","159E","B","016.02","000","159E B 01602 000","","","Commercial","6/29/2006"
"CARROLL JAMES D ETUX NANCY B","MIDTOWN COURT  120","160M","A","006.04","000","160M A 00604 000","MIDTOWN CENTER SEC.","IST","Commercial","2/9/2026"
"CARSON BRANDY ETVIR ERIC SHANE CARSON","REED STREET  307","033A","C","012.00","000","033A C 01200 000","R. D.MOORE","IST","Commercial","6/2/2023"
"CARSON WINIEFRED G JULIE COLBY C/O","MAIN STREET WEST  213","126C","H","007.00","000","126C H 00700 000","","","Commercial","9/25/1952"
"CARTER AUDRA LE ROBERT CARTER","31W HWY  5904","016","","065.00","001","016    06500 001","","","Commercial","8/24/2021"
"CARTER BRETT","CEMETERY AVENUE  317","126F","A","002.00","000","126F A 00200 000","","","Commercial","8/5/2025"
"CARTER EUGENE FLORENCE C CARTER","BROWN PLACE  268","113N","F","024.00","000","113N F 02400 000","JACOBS RE SUB OF PAR","4","Commercial","10/5/2007"
"CARTER GEORGE W III","WALNUT STREET  1310","044E","A","022.00","000","044E A 02200 000","","","Commercial","4/30/2026"
"CARTER GEORGE W III CARTER CYNTHIA D ETUX","AUSTIN PEAY HWY  5212","044E","A","005.00","000","044E A 00500 000","","","Commercial","4/30/2026"
"CARTER GEORGE W III CARTER CYNTHIA D ETUX","PARK STREET  809","044E","A","012.02","000","044E A 01202 000","SPENCER HEIGHTS SUB SEC2 RE-SUB","6C","Commercial","11/19/1997"
"CARTER REBECCA CARTER ABRIEL","FAIRFIELD ROAD  2239","010","","004.00","000","010    00400 000","","","Commercial","6/9/2017"
"CARTER ROBERT DAVID & ROBERTA JULIAN","WEST MAIN STREET  800","160O","A","004.00","000","160O A 00400 000","FOREST RETREAT","IST","Commercial","8/4/2023"
"CARTER RONNIE D/B/A FREEBIRD BONDING COMPANY","BLEDSOE STREET WEST  174","126C","N","001.00","000","126C N 00100 000","","","Commercial","4/16/2007"
"CARVER DAVID","VOLUNTEER DRIVE  142","159I","B","030.02","000","159I B 03002 000","OAKVALE INDUSTRIAL PARK","13","Commercial","3/1/1999"
"CARVER JOHNNY E ETUX CARVER JILL G","CONNIE DRIVE  1026","135H","C","015.00","000","135H C 01500 000","HUNTER ESTATES SEC 1","14","Commercial","7/19/1978"
"CARVER PROPERTY MANAGEMENT LLC","ROCKLAND ROAD  330","160O","D","012.00","000","160O D 01200 000","","","Commercial","1/29/1999"
"CARVER PROPERTY MANGMT LLC","ROCKLAND ROAD  350","160O","D","012.01","000","160O D 01201 000","","","Commercial","4/23/1999"
"CARVER PROPERTY MANGMT LLC","ROCKLAND ROAD  340","160O","D","012.02","000","160O D 01202 000","FERGUSON PROP RESUB","1","Commercial","4/23/1999"
"CARVER PROPERTY MGMT LLC","ROCKLAND ROAD  0","160O","D","012.03","000","160O D 01203 000","FERGUSON PROP RESUB","2","Commercial","1/29/1999"
"CASSETTY J CLINTON CASSETTY GRETCHEN ETUX","COUNTRY CLUB DRIVE  100","159K","C","016.00","009","159K C 01600C009","CLUB PLACE OFFICE CO","206","Commercial","6/12/2026"
"CASTRO JUAN MANUEL BELTRAN ETUX MARIA GUADALUP BANALES TORRES","NORTH BROADWAY  301","033A","C","021.00","000","033A C 02100 000","JARMIE & MAZZUCO PRO","2","Commercial","12/6/2024"
"CATHEY MICHAEL T","CHEROKEE ROAD  104","164A","A","024.00","000","164A A 02400 000","CHEROKEE WOODS SEC 1","3","Commercial","6/13/2025"
"CAVEMAN LAW & TITLE LLC PATRICK PARKER C/O","SAUNDERSVILLE RD  117","145","","075.00","201","145    07500C201","INDIAN LAKE VILLAGE-","33","Commercial","9/9/2021"
"CB4 PROPERTIES","WEST MAIN STREET  365","163D","A","010.00","000","163D A 01000 000","PATE","LIST","Commercial","4/16/2024"
"CBA HENDERSONVILLE LLC","EAST MAIN STREET  563","159E","B","025.01","000","159E B 02501 000","BLUEGRASS VILLAGE COMM #2 RESUB 2+4","4","Commercial","11/29/2011"
"CBAR ASSET COMPANY LLC","COULSONS COURT  1011","123F","C","008.00","000","123F C 00800 000","NORTHVIEW SEC 3","IST","Commercial","5/29/2023"
"CBAR ASSET COMPANY LLC","BLAKEMORE AVENUE NORTH  242","126B","B","014.00","000","126B B 01400 000","JAMES POPE PROPERTY","1","Commercial","5/6/2024"
"CBAR ASSET COMPANY LLC","LANGWOOD COURT  1214","135E","G","012.00","000","135E G 01200 000","SPRINGBROOK SEC 5 RES 11-15","12","Commercial","5/6/2024"
"CBAR ASSET COMPANY LLC","TOWNSHIP DRIVE  230","160C","C","027.00","000","160C C 02700 000","HILLWOOD SEC.4-C, PA","74","Commercial","5/29/2023"
"CBAR ASSET COMPANY LLC","OTTER GLEN DRIVE  104","164C","E","003.00","000","164C E 00300 000","OTTER CREEK REVISION 1","3","Commercial","9/23/2024"
"CBH PROPERTIES GALLATIN LLC ATTN : TODD BOONE","CLEAR LAKE MEADOWS BLVD  1300","135F","D","001.01","000","135F D 00101 000","CLEAR LAKE MEADOWS SEC 11 RES 269","2","Commercial","3/4/2024"
"CD PROPERTIES","SAUNDERSVILLE ROAD  174","145","","093.00","502","145    09300C502","","","Commercial","7/7/2016"
"CD PROPERTIES LLC","NORTH BROADWAY  600","019","","120.01","000","019    12001 000","CAVALIER HOME CENTER","2","Commercial","3/15/2024"
"CEDARWOOD MHP LLC","LOUISVILLE HWY  1165","121P","A","027.00","000","121P A 02700 000","HILLSIDE ESTATES PHA","","Commercial","10/31/2019"
"CEDARWOOD MOBILE HOME","LOUISVILLE HWY  1068","140","","070.00","000","140    07000 000","","","Commercial","4/30/2018"
"CEDARWOOD MOBILE HOME","LOUISVILLE HWY  1068","140","","070.00","012","140    07000T012","","","Commercial","4/30/2018"
"CELTIC JED REALTY LLC","CENTER DRIVE","112P","C","033.00","000","112P C 03300 000","GREEN ACRES NO 2","IST","Commercial","4/29/2004"
"CELTIC JED REALTY LLC","WOODVALE DRIVE  1273","135E","B","018.00","000","135E B 01800 000","WOODVALE ESTATES SEC 3","88","Commercial","3/1/2005"
"CENTERS TONY ETUX JANET","AUSTIN PEAY HWY  4818","044F","A","012.00","000","044F A 01200 000","","","Commercial","6/8/1988"
"CERTIFIED AUTO BROKERS LLC","MIDTOWN COURT  109","160M","A","006.01","000","160M A 00601 000","MIDTOWN CENTER SEC.","01-A","Commercial","9/12/2014"
"CETO DIEGO R GALLEGO ETUX NORMA CORTEZ MARTINEZ","SCOTT DRIVE  762","113G","D","016.00","000","113G D 01600 000","CLEARVIEW HGTS NO. 7","0022","Commercial","6/12/2025"
"CFCS HOLDINGS LLC","IMPERIAL BLVD","163C","F","002.00","031","163C F 00200C031","IMPERIAL POINTE CONDOMINIUM","D","Commercial","2/12/2014"
"CFT DEVELOPMENTS LLC","NASHVILLE PIKE  707","126G","C","020.00","000","126G C 02000 000","","","Commercial","7/20/2012"
"CFT DEVELOPMENTS LLC","ANDERSON LANE NORTH  208","159B","B","012.00","000","159B B 01200 000","INDIAN LAKE MARKET PH 1 REV","JR","Commercial","11/22/2013"
"CG I LP","NASHVILLE PIKE  1208","125M","A","003.00","000","125M A 00300 000","","","Commercial","12/29/2004"
"CGS PROPERTIES INC","RED RIVER ROAD  530","126B","B","003.00","000","126B B 00300 000","","","Commercial","4/24/2003"
"CGS PROPERTIES INC","MAIN STREET WEST  114","126C","G","013.01","000","126C G 01301 000","RUTLEDGE PROPERTY","2","Commercial","5/13/2003"
"CHADWELL CHARLES D","WATER AVENUE NORTH  668","113K","B","022.00","000","113K B 02200 000","DOUGLAS HEIGHTS","LIST","Commercial","5/11/2007"
"CHAMBERLAIN BRIDGETTE","SHIVEL DRIVE  111","163D","C","015.01","000","163D C 01501 000","WALTER A SHIVEL","52","Commercial","1/6/2026"
"CHAMBERLAIN TERRY ETUX LYNETTE","LONG HOLLOW PIKE","143J","C","014.00","000","143J C 01400 000","BETHEL BROWN & W E PAGE FARM","1 / PO1","Commercial","11/22/2006"
"CHAMPION CAR WASH LLC","NEW SHACKLE ISLAND RD  271","160E","G","004.00","000","160E G 00400 000","NEWMAN PLAZA RES","1A","Commercial","6/14/2021"
"CHAMPION CAR WASH LLC","WEST MAIN STREET  1159","161L","A","012.00","000","161L A 01200 000","","","Commercial","6/2/2014"
"CHANA SERIES 1 CHANA LLC","NASHVILLE PIKE  1019","126P","D","043.00","000","126P D 04300 000","SHANE INVESTMENT PRO","2-2","Commercial","10/8/2021"
"CHANDLER BERRY LLC","HARRIS LANE  299","125","","036.00","000","125    03600 000","GREEN LEA PROP.","1","Commercial","1/30/2025"
"CHAPMAN KELLY","31W HWY  2792","076","","001.00","000","076    00100 000","","","Commercial","5/14/2014"
"CHAPPA LYNDSAY","IRIS DRIVE  204","160D","B","011.00","000","160D B 01100 000","NEWMAN PLAZA SEC 4","7","Commercial","9/22/2020"
"CHAR-LEE II LLC","NEW SHACKLE ISLAND RD  88","160M","A","006.00","000","160M A 00600 000","MIDTOWN CENTER SEC.","0001","Commercial","8/18/1998"
"CHARLTON B D","LOUISVILLE HWY  1258","121","","065.00","000","121    06500 000","","","Commercial","12/6/2004"
"CHARLTON B D","LOUISVILLE HWY  1262","121","","066.00","000","121    06600 000","","","Commercial","8/5/1989"
"CHATA LLC","WEST MAIN STREET  750","160O","B","003.01","000","160O B 00301 000","NORRIS DAVIDSON SUB","2","Commercial","5/1/2026"
"CHAVEZ ELVIRA MONTELONGO","PARK STREET  1021","044D","B","009.00","000","044D B 00900 000","","","Commercial","8/7/2020"
"CHAVEZ ELVIRA MONTELONGO & FRANCISCO SEGURA VENTURA","PARK STREET  1011","044D","B","006.00","000","044D B 00600 000","","","Commercial","1/24/2024"
"CHAVEZ ELVIRA MONTELONGO & FRANCISCO SEGURA VENTURA","PARK STREET  1017","044D","B","008.00","000","044D B 00800 000","","","Commercial","1/24/2024"
"CHERIAN TRACY","SCHAMBERGER COURT  266","126C","E","013.01","000","126C E 01301 000","THOMAS RICHEY JR+LUC","2","Commercial","1/9/2025"
"CHICK FIL A INC","BELVEDERE DRIVE NORTH  110","125L","C","001.00","000","125L C 00100 000","VILLAGE GREEN SEC 1-","1-1","Commercial","7/30/2003"
"CHICK FIL A INC","GLENBROOK WAY  1033","144","","121.00","000","144    12100 000","GLENBROOK NORTH SEC","11","Commercial","11/20/2002"
"CHILDERS GROUP LLC","PORTLAND BOULEVARD  327","033B","C","017.00","000","033B C 01700 000","VOSS ADD","IST","Commercial","12/6/2022"
"CHILDERS GROUP LLC","OAKDALE DRIVE  308","097E","F","009.00","000","097E F 00900 000","NORTHWOODS PHASE 1 S","525","Commercial","12/6/2022"
"CHILDREN ARE PEOPLE C/O SUSAN SUPERCZYNSKI","TEAL DRIVE  805","125E","A","010.00","000","125E A 01000 000","VILLAGE GREEN BUSINE","10","Commercial","1/12/2026"
"CHILLY WATER LLC","IMPERIAL BLVD  111","163C","F","002.00","011","163C F 00200C011","IMPERIAL POINTE CONDOMINIUM","B202","Commercial","4/29/2025"
"CHINA DOLL VENTURES LLC","OVERLOOK DRIVE  123","144M","A","039.00","000","144M A 03900 000","HILLWOOD ESTS SEC II","44","Commercial","1/13/2016"
"CHINA DOLL VENTURES LLC","MOUNTAINWOOD DRIVE  104","160K","A","024.00","000","160K A 02400 000","CEDARBROOK TERRACE S","118","Commercial","1/13/2016"
"CHINA DOLL VENTURES LLC","POWELL DRIVE  125","163D","B","024.00","000","163D B 02400 000","C L POWELL RESUB 8,9,PO10","9A","Commercial","1/13/2016"
"CHINA DOLL VENTURES LLC","HAZELWOOD DRIVE  200","170M","B","008.00","000","170M B 00800 000","TERRACE HILLS SEC 1","34","Commercial","1/13/2016"
"CHOATE NELSON C","31W HWY  4296","055","","025.02","001","055    02502 001","","","Commercial",""
"CHOICE ONE INSURANCE SERVICES LLC","NASHVILLE PIKE  1181","125M","B","005.00","000","125M B 00500 000","LELAND HEIGHTS","3","Commercial","3/24/2016"
"CHR OF GALLATIN LLC","MAIN STREET WEST  530","126G","A","012.00","000","126G A 01200 000","","","Commercial","9/29/2011"
"CHRIST CULTURE INC","BELVEDERE DRIVE NORTH  180","125M","A","022.00","005","125M A 02200C005","SUMNER CROSSINGS CON","5","Commercial","6/12/2018"
"CHRIST CULTURE INC","BELVEDERE DRIVE NORTH  180","125M","A","022.00","006","125M A 02200C006","SUMNMER CROSSINGS CO","6","Commercial","6/12/2018"
"CHRIST CULTURE INC","BELVEDERE DRIVE NORTH  180","125M","A","022.00","007","125M A 02200C007","SUMNER CROSSINGS CON","7","Commercial","6/12/2018"
"CHRIST CULTURE INC","BELVEDERE DRIVE NORTH  180","125M","A","022.00","008","125M A 02200C008","SUMNER CROSSINGS CON","8","Commercial","6/12/2018"
"CHRISTENSEN DON TR OF RICHARD & BETTY CHRISTENSEN TRUST","INDIAN LAKE BLVD  117","159J","A","032.01","000","159J A 03201 000","INDIAN LAKE SEC 7","9","Commercial","10/3/2024"
"CHRISTENSEN QUIN","EAST MAIN STREET  635","158A","A","005.00","003","158A A 00500C003","SAUNDERSVILLE COURT","2","Commercial","8/21/2020"
"CHRISTENSON AMANDA ETVIR DREW CHRISTENSON","PORTLAND ROAD  355","077B","C","009.00","000","077B C 00900 000","DOC WILLIAMS","3","Commercial","12/30/2004"
"CHRISTIAN CAROL L","COLES FERRY ROAD  660","134","","054.01","000","134    05401 000","","","Commercial","7/10/2014"
"CHRISTIAN MANOR II INC","RIVIERA DRIVE  100","163C","C","008.00","001","163C C 00800 001","","","Commercial","7/22/1988"
"CHURCH BIBLE BAPTIST OF HENDERSONVILLE","WESSINGTON PLACE  101","160D","G","011.00","000","160D G 01100 000","COLONIAL ACRES SEC.","266","Commercial","9/5/2025"
"CHURCH CROSS POINT COMMUNITY","GLEN OAK BOULEVARD  102","159A","K","001.00","000","159A K 00100 000","GLEN OAK INVESTMENT RESUB","1A","Commercial","9/28/2022"
"CHURCH FAITH OF GALLATIN INC","DOBBINS PIKE  165","113","","034.00","000","113    03400 000","","","Commercial","12/18/2025"
"CHURCH NASHVILLE BAPTIST","31W HWY  1934","099","","008.04","000","099    00804 000","O.E. COUCH EST","IST","Commercial","9/24/2025"
"CHURCH NEW DIRECTION BAPTIST","SCHELL STREET EAST  236","126F","E","009.01","000","126F E 00901 000","ANDERSON IND PARK  R","2-2","Commercial","4/13/2023"
"CHURCH OF CHRIST GALLATIN INC","MAIN STREET EAST  134","126C","F","025.00","000","126C F 02500 000","SUMCO PARKING GARAGE RESUB","2","Commercial","4/6/2021"
"CHURCH OF CHRIST HENDER- SONVILLE","IMPERIAL BOULEVARD  0","163C","C","033.00","000","163C C 03300 000","IMPERIAL SQUARE LOT 6","6","Commercial","3/17/1999"
"CHURCH OF CHRIST HENDER- SONVILLE","IMPERIAL BOULEVARD  0","163C","C","033.01","000","163C C 03301 000","IMPERIAL SQUARE LOT 6","1","Commercial","3/17/1999"
"CHURCH OF CHRIST HENDER- SONVILLE","IMPERIAL BOULEVARD","163C","C","033.03","000","163C C 03303 000","IMPERIAL SQUARE LOT 6","3","Commercial","3/17/1999"
"CHURCH OF CHRIST WHITE HOUSE","SPRING STREET  205","077J","A","010.02","000","077J A 01002 000","HHITE HOUSE CHURCH O","1-1","Commercial","4/4/2008"
"CHURCH REVOLUTION","31W HWY  3644","075","","058.00","002","075    05800 002","","","Commercial","10/22/2014"
"CHURCH WEST EASTLAND OF CHRIST INC","DURHAM AVENUE  312","113N","H","030.00","000","113N H 03000 000","","","Commercial","5/17/2011"
"CIK ENTERPRISES LLC","WENTWORTH DRIVE  1296","114J","D","004.00","000","114J D 00400 000","CAMBRIDGE FARMS PH 6","549","Commercial","9/9/2015"
"CIK ENTERPRISES LLC","BUCKINGHAM BOULEVARD  181","114N","A","013.00","000","114N A 01300 000","CAMBRIDGE FARMS PH1-","13A","Commercial","5/27/2016"
"CIK ENTERPRISES LLC","LENOX PLACE  416","114N","E","030.00","000","114N E 03000 000","CAMBRIDGE FARMS PH 3","262","Commercial","12/9/2015"
"CIK ENTERPRISES LLC","PATMORE LANE  1013","124I","B","062.00","000","124I B 06200 000","CREEKSIDE AT STATION","C106","Commercial","12/9/2015"
"CIK ENTERPRISES LLC","SADDLE DRIVE  106","144H","B","040.00","000","144H B 04000 000","MANSKER FARMS PH 10 SEC 3","493","Commercial","12/14/2015"
"CIK ENTERPRISES LLC","BEAUMONT DRIVE  111","164N","E","031.00","000","164N E 03100 000","BALLENTRAE SEC 3","90","Commercial","5/27/2016"
"CIK ENTERPRISES LLC WALTERS SHAWN C/O","ALBION CIRCLE  550","126L","E","013.00","000","126L E 01300 000","ALBION DOWNS","13","Commercial","9/21/2012"
"CITIZENS BANK","MAIN STREET WEST  150","126C","G","017.00","000","126C G 01700 000","CITIZENS BANK-FIRST","1-1","Commercial","7/18/2005"
"CITIZENS BANK INC ATTN: ACCOUNTING","CINEMA DRIVE  100","145","","091.01","000","145    09101 000","INDIAN LAKE VILLAGE","47","Commercial","6/26/2015"
"CITIZENS BANK OF LAFAYETTE TENNESSEE","31E HWY & 52 HWY  0","045","","060.02","000","045    06002 000","","","Commercial","3/24/1993"
"CIVILS NATHAN","SOUTH BROADWAY  903","039B","A","004.00","000","039B A 00400 000","","","Commercial","12/15/2022"
"CKME PROPERTIES LLC","TRIGG AVENUE NORTH  142","126C","E","018.00","000","126C E 01800 000","PARDUE ADD.","IST","Commercial","5/16/2024"
"CL MAPLE CORNER TN LLC C/O SITE CENTERS CORP","INDIAN LAKE BLVD","159J","A","021.13","000","159J A 02113 000","SHOLODGE SEC 4 RESUB 10","10.2","Commercial","7/22/2024"
"CLARK ADAM","OLD WOLF HILL ROAD  244","064","","056.02","001","064    05602 001","","","Commercial","5/25/2016"
"CLARK EARL R","31E HWY  3501","068","","023.00","001","068    02300 001","","","Commercial","2/24/2015"
"CLARK EARL R TR CLARK LINDA TR OF","31E HWY  3501","068","","023.00","000","068    02300 000","","","Commercial","12/18/2019"
"CLARK EARL R TR CLARK LINDA TR OF","31E HWY  0","068","","120.00","000","068    12000 000","FARMER & MERCHANTS B","2A","Commercial","12/18/2019"
"CLARK GALEN CLARK SHARON ETUX","INDUSTRIAL PARK DRIVE  5","160N","C","032.01","002","160N C 03201C002","HENDERSONVILLE PARK","3","Commercial","7/16/2014"
"CLARK SHARON ETVIR GALEN","INDUSTRIAL PARK DRIVE  5","160N","C","032.01","001","160N C 03201C001","HENDERSONVILLE PARK","3","Commercial","12/21/2012"
"CLARK SHARON ETVIR GALEN","INDUSTRIAL PARK DRIVE  5","160N","C","032.01","003","160N C 03201C003","HENDERSONVILLE PARK","3","Commercial","12/21/2012"
"CLARK SHERRI L","RAIN DROP LANE  114","145O","A","003.00","000","145O A 00300 000","COLONIAL ACRES SEC.","0372","Commercial","11/1/2022"
"CLARK SHERRI LYNN","IRIS DRIVE  142","160E","B","023.01","000","160E B 02301 000","IRIS PARK S/D","2","Commercial","7/25/2025"
"CLARKTIN LLC","PEMBERTON STREET  640","113O","D","015.01","000","113O D 01501 000","FORD ADD 5","65","Commercial","11/27/2024"
"CLARKTIN LLC","MAGNOLIA STREET  320","113O","F","026.00","000","113O F 02600 000","FORD ADDITION #4","9-11","Commercial","11/27/2024"
"CLARKTIN LLC","RANDOLPH CIRCLE  520","113O","J","014.00","000","113O J 01400 000","VERTRESS TERRACE","26-27","Commercial","11/27/2024"
"CLARKTIN LLC","RANDOLPH STREET  320","113O","K","021.00","000","113O K 02100 000","VERTRESS TERRACE","29-30","Commercial","11/27/2024"
"CLAUSEN MATTHEW J ETUX EVELYN I","HUNT CLUB BLVD  1509","146F","A","003.00","001","146F A 00300C001","HUNT CLUB OFFICE PAR","1000","Commercial","9/10/2004"
"CLEAR CHOICE 207 LLC","IRIS DRIVE  207","160E","G","006.00","000","160E G 00600 000","NEWMAN PLAZA SEC 5","2","Commercial","8/14/2026"
"CLEM PROPERTIES LLC","NORTH BROADWAY  816","019","","012.01","000","019    01201 000","CONSTANCE DECARL PRO","1","Commercial","12/12/2019"
"CLEM PROPERTIES LLC","NORTH BROADWAY  0","019","","012.02","000","019    01202 000","CONSTANCE DECARL PRO","1","Commercial","12/12/2019"
"CLEM PROPERTIES LLC","NORTH BROADWAY  418","033A","A","023.00","000","033A A 02300 000","","","Commercial","12/12/2019"
"CLEM PROPERTIES LLC","NORTH BROADWAY  418","033A","A","024.00","000","033A A 02400 000","","","Commercial","12/12/2019"
"CLPF WILLIAMSBURG LLC","WILLIAMSBURG DRIVE  1","163L","D","022.00","000","163L D 02200 000","","","Commercial","5/19/2022"
"CMB GROUP LLC","LOCK 4 ROAD  1144","135","","112.00","004","135    11200C004","MARINERS COVE CONDOS","A4","Commercial","1/31/2025"
"CMB GROUP LLC","LOCK 4 ROAD  1144","135","","112.00","005","135    11200C005","MARINERS COVE CONDOS","B1","Commercial","12/29/2025"
"CMB GROUP LLC","LOCK 4 ROAD  1144","135","","112.00","006","135    11200C006","MARINERS COVE CONDOS","B2","Commercial","12/29/2025"
"CMB GROUP LLC","LOCK 4 ROAD  1144","135","","112.00","007","135    11200C007","MARINERS COVE CONDOS","B3","Commercial","12/29/2025"
"CMB GROUP LLC","LOCK 4 ROAD  1144","135","","112.00","008","135    11200C008","MARINERS COVE CONDOS","B4","Commercial","12/29/2025"
"CMB GROUP LLC","LOCK 4 ROAD  1144","135","","112.00","030","135    11200C030","MARINERS COVE CONDOS","G1","Commercial","6/2/2023"
"CMB GROUP LLC","LOCK 4 ROAD  1144","135","","112.00","031","135    11200C031","MARINERS COVE CONDOS","G2","Commercial","6/2/2023"
"CMB GROUP LLC","LOCK 4 ROAD  1144","135","","112.00","032","135    11200C032","MARINERS COVE CONDOS","G3","Commercial","6/2/2023"
"CMB GROUP LLC","LOCK 4 ROAD  1144","135","","112.00","040","135    11200C040","MARINERS COVE CONDOS","I2","Commercial","12/15/2023"
"CMB GROUP LLC","LOCK 4 ROAD  1144","135","","112.00","044","135    11200C044","MARINERS COVE CONDOS","I6","Commercial","12/15/2023"
"CMH HOMES INC","52 HWY  764","033","","059.01","000","033    05901 000","RUFUS ROSE FARM","P/O3","Commercial","5/28/2025"
"CNK LLC","DOBBINS PIKE  305","104N","D","003.00","000","104N D 00300 000","","","Commercial","7/24/2014"
"CNK LLC","WYNNEWOOD DRIVE  1112","110N","A","045.00","000","110N A 04500 000","CASTALIAN SPRGS EST-","53","Commercial","7/24/2014"
"CNK LLC","PERROLEE STREET  338","113N","C","027.00","000","113N C 02700 000","WEST ADD","0002","Commercial","7/24/2014"
"CNK LLC","MCMURTRY ROAD  46","118","","152.00","000","118    15200 000","WINDING RIDGE EST","5","Commercial","8/4/2014"
"CNK LLC WRIGHT JILL L","WINCHESTER STREET  207","126F","F","035.00","000","126F F 03500 000","RONALD FARM ESTATES","2","Commercial","5/21/2018"
"CNL FUNDING 2000-A LP GEKO LLC C/O","EAST MAIN STREET  230","159J","A","021.05","000","159J A 02105 000","INDIAN LAKE SEC 2 RESUB 3A+B","3B","Commercial","7/24/2000"
"COBB JAMES W TR OF COBB FIRST TRUST","WALTON FERRY ROAD  131","163D","D","001.00","000","163D D 00100 000","WHITAKER ADDN","1","Commercial","4/23/2026"
"COBBS U STORR IT INC COBB DEBRA LYNN NEVILLE","INDIAN LAKE BLVD  246","145","","088.00","000","145    08800 000","INDIAN LAKE VILLAGE-","38","Commercial","3/10/2016"
"COFFEE STREET PROPERTIES LLC","ANDERSON LANE NORTH  210","159B","B","013.00","000","159B B 01300 000","INDIAN LAKE MARKET PH 1 REV","IR","Commercial","11/1/2017"
"COLE BOBBY TERESA COLE","COLLEGE STREET  755","034","","047.04","000","034    04704 000","BELLA CREST ESTATES","2","Commercial","4/10/2009"
"COLE LUMBER COMPANY INC","NORTH BROADWAY  462","033A","A","032.00","000","033A A 03200 000","","","Commercial","1/17/2023"
"COLE LUMBER COMPANY INC","NORTH BROADWAY  462","033A","A","033.00","000","033A A 03300 000","","","Commercial","1/17/2023"
"COLEMAN BONNIE NELL","EAST MAIN STREET  1111","001","","042.00","000","001    04200 000","","","Commercial","2/18/2025"
"COLEMAN JAYNE & JAMES GILLIAM III TRS SUE LANCASTER GILLIAM SPECIAL NEEDS TR","WATER AVENUE SOUTH  0","135","","020.00","000","135    02000 000","GILLIAM PROP RESUB 1 AND 2","2","Commercial","10/27/2023"
"COLLEGE PARK TOWNHOMES LLC","COLLEGE STREET  155","126C","E","004.00","000","126C E 00400 000","","","Commercial","2/8/2019"
"COLLIER BARBARA YEMIMA COLLIER JON WESLEY ETVIR","WALTON FERRY ROAD  303","163E","B","002.00","000","163E B 00200 000","","","Commercial","9/6/2022"
"COLLIER KEVIN M & LESLEY PAIGE COLLIER","WEST MAIN STREET  323","163D","B","016.00","000","163D B 01600 000","SHIVEL ADDN RESUB 54-57","1","Commercial","6/26/2013"
"COLLIER QUARJUANE","BRUSH HILL COURT  114","135L","E","003.00","000","135L E 00300 000","BRUSH HILL","3","Commercial","7/28/2022"
"COLLINS BARBARA E TR BARBARA E COLLINS REVOCABLE TRUST","MAIN STREET WEST  0","126C","H","003.00","000","126C H 00300 000","","","Commercial","10/6/2023"
"COLLINS JOEY COLLINS LARRY JOE III","52W HWY NE 412","034L","A","018.06","000","034L A 01806 000","SOUTHSIDE G&L PROP S","5&6","Commercial","2/9/2022"
"COLLINS TYLER","NORTH BROADWAY  808","019E","A","004.01","000","019E A 00401 000","JACKSON PLACE RESUB 4","4B1","Commercial","12/14/2015"
"COMAN OLIVIA","VULCO DRIVE 173A-B  0","170M","C","004.00","000","170M C 00400 000","LAKESIDE PARK SEC 4","119","Commercial","6/30/1999"
"COMAN OLIVIA","VULCO DRIVE 175A-B  0","170M","C","005.00","000","170M C 00500 000","LAKESIDE PARK SEC 4","118","Commercial","6/30/1999"
"COMMERCE UNION BANK","NASHVILLE PIKE  1204","125M","A","005.00","000","125M A 00500 000","BAKERS CROSSING RESU","1-1","Commercial","11/14/2007"
"COMSTOCK HILL LLCPROP GP PROP TAX DEPT. C/O","NASHVILLE PIKE  1003","126P","D","040.00","000","126P D 04000 000","SHANE INVESTMENT PRO","4-4","Commercial","8/13/2007"
"CONDIT PROPERTIES LLC ATTN ROSS N CONDIT","31E HWY  2127","146","","111.00","000","146    11100 000","SAVANNAH MARKETPLACE PH 4","1","Commercial","9/9/2025"
"CONNELLY DANIEL P & SHEILA G TR CONNELLY FRT","KATY HILL DRIVE  606","143N","A","016.00","000","143N A 01600 000","PAGE HEIGHTS SEC 4","165","Commercial","5/31/2024"
"CONNOR FREDERICK F IACOB ANDREI","ROCKLAND ROAD  270","160O","C","031.00","000","160O C 03100 000","ALEXANDER & CONNOR SUB","2","Commercial","1/29/2022"
"CONNOR HOLDINGS LLC","MAPLE ROW BLVD  131","159O","D","021.00","011","159O D 02100C011","MAPLE ROW PROF BLDG-","401-401","Commercial","3/22/2023"
"CONNOR HOLDINGS LLC","MAPLE ROW BLVD  131","159O","D","021.00","012","159O D 02100C012","MAPLE ROW PROF BLDG-","402-402","Commercial","12/16/2015"
"CONSUELO CRISTHIAN GONZALEZ","PEMBERTON STREET  557","113O","E","008.00","000","113O E 00800 000","FORD ADDITION #5","5-7","Commercial","11/23/2020"
"CONSUELO IVAN GONZALES","NORTH BROADWAY  501","033A","B","004.00","000","033A B 00400 000","FREEDLE","7-9","Commercial","7/6/2020"
"CONTRERAS JORGE ROSALES","ANDERSON LANE  214","159O","C","001.00","000","159O C 00100 000","MAPLE ROW EST SEC 3","140","Commercial","7/10/2025"
"CONYER MICHAEL ETUX SUSAN","NEW DEAL POTTS ROAD  2002","034","","063.03","000","034    06303 000","STARKS & DAY PROP","2","Commercial","6/21/2024"
"CONYER MICHAEL ETUX SUSAN","POWELL DRIVE  114","163D","A","028.00","000","163D A 02800 000","C L POWELL","27","Commercial","6/21/2024"
"COOK ERIC COOK JENNIFER ETUX","PARK STREET  1029","044D","B","010.00","000","044D B 01000 000","","IST","Commercial","8/10/2017"
"COOK JAMES DONOVAN CHARLES TRACY COOK","31E HWY  0","007","","020.05","000","007    02005 000","","","Commercial","4/2/1997"
"COOK JAMES DONOVAN CHARLES TRACY COOK","31E HWY  0","007","","020.06","001","007    02006 001","","","Commercial","4/2/1997"
"COOK JAMES W NELL","76 HWY  2314","053","","026.00","000","053    02600 000","","","Commercial","8/14/2006"
"COOK KATHERINE TAYLOR","STADIUM DRIVE  126","163D","A","003.00","000","163D A 00300 000","PATE S/D","1","Commercial","4/1/2026"
"COOK RALPH","76 HWY  0","039","","136.01","001","039    13601 001","","","Commercial",""
"COOK SUSAN WRIGHT","HAZEL PATH DRIVE  102","164A","C","016.00","000","164A C 01600C000","HAZEL PATH SEC 2","1","Commercial","12/18/2012"
"COOK SUSAN WRIGHT","HAZEL PATH DRIVE  102","164A","C","016.00","004","164A C 01600C004","HAZEL PATH SEC 2","4","Commercial","12/18/2012"
"COOK SUSAN WRIGHT","HAZEL PATH DRIVE  102","164A","C","016.00","005","164A C 01600C005","HAZEL PATH SEC 2","4","Commercial","12/18/2012"
"COOLEY ASHLEY G ETVIR BENJAMIN COOLEY","VULCO DRIVE  167","170L","D","010.00","000","170L D 01000 000","LAKESIDE PARK SEC 4","235","Commercial","3/9/2023"
"COOPER ROM TIMBRE RAYNOR GALLATIN TN REALTY %SONIC","HARTSVILLE PIKE  505","126D","C","004.03","000","126D C 00403 000","FREEMAN SUB","2","Commercial","12/19/2018"
"COPELAND CYNTHIA TR CYNTHIA COPELAND LIVING TRUST","MALLARD DRIVE  112","160O","B","021.00","000","160O B 02100 000","FOREST RETREAT","18","Commercial","5/23/2025"
"COPELAND EDGAR EUGENE","ODOMS BEND ROAD  200","148","","062.00","000","148    06200 000","","","Commercial","4/7/2003"
"COPELAND HOLDINGS LLC","NOKES DRIVE  289","163F","D","024.00","000","163F D 02400 000","NOKES ADDITION RESUB 50-62 BL A","4","Commercial","3/15/2023"
"COPELAND HOLDINGS LLC","NOKES DRIVE  291","163F","D","025.00","000","163F D 02500 000","NOKES ADDITION RESUB 50-62 BL A","3","Commercial","6/3/2022"
"COPELAND HOLDINGS LLC","NOKES DRIVE  295","163F","D","026.00","000","163F D 02600 000","NOKES ADDITION RESUB 50-62 BL A","2","Commercial","6/3/2022"
"COPPER CREEK PROPERTIES LLC","31W HWY  1522","118","","028.00","000","118    02800 000","","","Commercial","4/4/2019"
"CORBEL HOMES 31A LLC","NORTH BIRCHWOOD DRIVE  373","145P","D","010.00","000","145P D 01000 000","GLEN OAK SEC 4","129","Commercial","8/26/2021"
"CORBEL HOMES 31A LLC","STADIUM DRIVE  234","163E","A","032.00","000","163E A 03200 000","M E BARNES","1","Commercial","8/26/2021"
"CORBITT DEBORAH","PAGE DRIVE  400","143O","B","012.00","000","143O B 01200 000","PAGE HEIGHTS SEC 4","155","Commercial","6/20/2000"
"CORDELL HOLDINGS LLC","OLD SHACKLE ISLAND RD  1023","145","","059.00","000","145    05900 000","","","Commercial","3/11/2020"
"CORDELL HOLDINGS LLC","OLD SHACKLE ISLAND RD  1019","145","","060.00","000","145    06000 000","","","Commercial","12/20/2021"
"CORLEW FAMILY TRUST 2023","WATER AVENUE SOUTH  115","126C","K","002.00","000","126C K 00200 000","","","Commercial","9/19/2023"
"CORLEW FAMILY TRUST 2023","WATER AVENUE SOUTH  117","126C","K","003.00","000","126C K 00300 000","","","Commercial","9/19/2023"
"CORLEY PAUL","EXECUTIVE PARK DRIVE  20","163C","F","003.03","000","163C F 00303 000","FIRST BAPTIST CHURCH","6","Commercial","10/17/2007"
"CORMORANT HOLDINGS LLC","NASHVILLE PIKE  588","126G","A","006.01","000","126G A 00601 000","","2","Commercial","9/25/2012"
"CORN JOHN F C/O AT&T NETWORK ADMN C/O","SLATERS CREEK ACCESS  5489","119","","017.00","001","119    01700 001","","","Commercial","10/29/2014"
"CORNER MARKETPLACE PARTNERS","INDIAN LAKE BLVD  305","145","","069.00","000","145    06900 000","INDIAN LAKE VILLAGE-","26-26","Commercial","3/21/2013"
"CORNERSTONE CHILDCARE PROJECT II LLC C/O DTD MID TN INC","BELVEDERE DRIVE NORTH  350","125M","A","023.00","000","125M A 02300 000","LEARNING ZONE AT GALLATIN","1","Commercial","12/2/2024"
"CORNERSTONE CHILDCARE PROJECT LLC","SAUNDERSVILLE ROAD  151","145","","072.01","000","145    07201 000","INDIAN LAKE VILLAGE-","44","Commercial","8/2/2013"
"CORNERSTONE DEVELOPMENT SERVICES LLC","WEST MARKET STREET  408","034E","B","028.00","000","034E B 02800 000","MARKET STREET PLAZA RESUB","1","Commercial","7/15/2026"
"CORNERSTONE DEVELOPMENT SERVICES LLC","WEST MARKET STREET  404","034E","B","029.00","000","034E B 02900 000","MARKET STREET PLAZA RESUB","2","Commercial","7/15/2026"
"CORNERSTONE DEVELOPMENT SERVICES LLC","SANDYE AVE  101","034E","B","030.00","000","034E B 03000 000","MARKET STREET PLAZA RESUB","3","Commercial","7/15/2026"
"CORNERSTONE DEVELOPMENT SERVICES LLC","SANDYE AVE  103","034E","B","031.00","000","034E B 03100 000","MARKET STREET PLAZA RESUB","4","Commercial","7/15/2026"
"CORNERSTONE DEVELOPMENT SERVICES LLC","SANDYE AVE  105","034E","B","032.00","000","034E B 03200 000","MARKET STREET PLAZA RESUB","5","Commercial","7/16/2026"
"CORNERSTONE DEVELOPMENT SERVICES LLC","SANDYE AVE  107","034E","B","033.00","000","034E B 03300 000","MARKET STREET PLAZA RESUB","6","Commercial","7/16/2026"
"CORNERSTONE DEVELOPMENT SERVICES LLC","SANDYE AVE  109","034E","B","034.00","000","034E B 03400 000","MARKET STREET PLAZA RESUB","7","Commercial","7/16/2026"
"CORNERSTONE DEVELOPMENT SERVICES LLC","SANDYE AVE  111","034E","B","035.00","000","034E B 03500 000","MARKET STREET PLAZA RESUB","8","Commercial","7/16/2026"
"CORNERSTONE EQUITY IN LLC RICHARD A BISHOP C/O","WALNUT CREST DRIVE  242","113P","F","004.00","000","113P F 00400 000","CREEKVIEW SEC. 1","54","Commercial","10/1/2004"
"CORNERSTONE EQUITY INV LLC RICHARD A BISHOP C/O","WALNUT CREST DRIVE  254","113P","F","001.00","000","113P F 00100 000","CREEKVIEW SEC. 1","57","Commercial","10/1/2004"
"CORNERSTONE EQUITY INV LLC RICHARD A BISHOP C/O","WALNUT CREST DRIVE  212","113P","F","009.00","000","113P F 00900 000","CREEKVIEW SEC. 1","38","Commercial","10/1/2004"
"CORNERSTONE EQUITY INV LLC RICHARD A BISHOP C/O","GREEN LEAF CIRCLE  220","113P","F","018.00","000","113P F 01800 000","CREEKVIEW SEC. 1","46","Commercial","10/1/2004"
"CORNERSTONE FINANCIAL CREDIT UNION","INDIAN LAKE BLVD  200","159J","A","021.15","000","159J A 02115 000","SHOLODGE SEC 4 RESUB 10","10.1","Commercial","1/3/2005"
"CORNERSTONE HOLDINGS LLC","NASHVILLE PIKE  710","126I","A","009.00","000","126I A 00900 000","","","Commercial","3/25/2020"
"CORNISH CARL CORNISH CASSANDRA K ETUX","STADIUM DRIVE  109","163D","A","011.00","000","163D A 01100 000","PATE REVISED","35","Commercial","3/20/2015"
"CORTES GODOFREDO","HICKORY HEIGHTS DRIVE  129","164I","B","007.00","000","164I B 00700 000","WALNUT HILLS ESTATES SEC 1","116","Commercial","12/6/2016"
"CORTEZ JUAN CARLOS ETUX ERIKA MARINA AYALA REYES","LOUISVILLE HWY  1164","121P","C","014.00","000","121P C 01400 000","","","Commercial","5/9/2024"
"COSTCO WHOLESALE CORPORATION PROPERTY TAX DEPT 1659","FOREST RETREAT ROAD  1101","144","","105.00","000","144    10500 000","GLENBROOK SOUTH RESUB","1","Commercial","6/28/2023"
"COTHRAN TIMOTHY BLAKE","BROWN PLACE  269","126C","E","027.00","000","126C E 02700 000","JACOBS RESUB OF PARD","3","Commercial","2/7/2022"
"COTHRON PAM ETVIR RODGER COTHRON","ANDERSON STREET  439","126F","D","005.00","000","126F D 00500 000","FLEMING PLACE RESUB-","1-2","Commercial","1/24/2005"
"COTHRON PAUL BRYAN","EMILY LANE  105","033O","D","007.00","000","033O D 00700 000","RICHLAND VILLAGE SUB","6","Commercial","8/3/2016"
"COUGAR HENDERSONVILLE REAL PROPERTY LLC","WEST MAIN STREET  1221","161L","A","001.00","000","161L A 00100 000","CONSOLIDATION OF CENTER POINT PARK","1","Commercial","7/24/2021"
"COURET RAUL JR COURET CHRISTINA ETUX","OLD SHACKLE ISLAND RD  289","160E","B","023.00","000","160E B 02300 000","IRIS PARK S/D","3","Commercial","5/26/2021"
"COVENANT HOLDING LLC","WHEELER STREET  104","033A","E","010.01","000","033A E 01001 000","","","Commercial","10/14/2025"
"COVINGTONS COLLISION CENTER LLC","31E HWY  3980","064","","052.03","000","064    05203 000","WILLIAM G MORRIS","1","Commercial","4/15/2019"
"COX TAYLOR","SOUTH BROADWAY  631","033P","A","005.01","000","033P A 00501 000","","","Commercial","8/3/2023"
"COYS LAWN CARE & LANDSCAPING I","","143","","047.00","001","143    04700 001","GAMMONS SUB","1","Commercial","2/1/2016"
"COZMA FLORIN","LAVERN CIRCLE  116","146","","016.08","000","146    01608 000","SAUNDERSVILLE INDUST","17","Commercial","5/3/2011"
"CPI / AMHERST SRF PROGRAM OWNER LLC","WATERFORD WAY  138","146O","C","012.00","000","146O C 01200 000","RIVER CHASE SEC 2","532","Commercial","3/20/2020"
"CPI AMHERST SFR PROGRAM II OWNER LLC","LASSITER DRIVE  1014","120K","A","043.00","000","120K A 04300 000","NORTH POINTE PHASE I","83","Commercial","3/8/2021"
"CPI AMHERST SFR PROGRAM OWNER LLC","BLACK THORN LANE  344","124C","D","008.00","000","124C D 00800 000","CARELLTON PH 3A","150","Commercial","4/23/2019"
"CPI AMHERST SFR PROGRAM OWNER LLC","BLACK THORN LANE  373","124C","D","036.00","000","124C D 03600 000","CARELLTON PH 3A","208","Commercial","4/23/2019"
"CPI AMHERST SFR PROGRAM OWNER LLC","BLACK THORN LANE  377","124C","D","037.00","000","124C D 03700 000","CARELLTON PH 3A","209","Commercial","4/23/2019"
"CPI AMHERST SFR PROGRAM OWNER LLC","ROCKWOOD TERRACE  132","135A","G","007.00","000","135A G 00700 000","ROCKWOOD TERRACE","7","Commercial","11/15/2019"
"CPI AMHERST SFR PROGRAM OWNER LLC","SMOKY MOUNTAINS DRIVE  552","148I","D","016.00","000","148I D 01600 000","","180","Commercial","4/23/2019"
"CPI AMHERST SFR PROGRAM OWNER LLC","HOLLY COURT  105","160C","B","013.00","000","160C B 01300 000","HILLWOOD ESTS. SEC.","38","Commercial","10/27/2020"
"CPI AMHERST SFR PROGRAM OWNER LLC","CAGE ROAD  137","163D","D","023.00","001","163D D 02300 001","","","Commercial","9/15/2020"
"CPI AMHERST SFR PROGRAM OWNER LLC","CAGE ROAD  139","163D","D","023.00","002","163D D 02300 002","","","Commercial","9/15/2020"
"CPI AMHERST SFR PROGRAM OWNER LLC","CAGE ROAD  141","163D","D","023.00","003","163D D 02300 003","","","Commercial","9/15/2020"
"CPI/AMHERST SFR PROGRAM OWNER LLC","DEVONSHIRE TRAIL  147","146O","B","018.00","000","146O B 01800 000","VILLAGE AT RIVERCHAS","34","Commercial","6/19/2020"
"CPI/AMHERST SFR PROGRAM OWNER LLC","TOWNSHIP DRIVE  209","160F","K","021.00","000","160F K 02100 000","HILLWOOD 4-C PT II S","101","Commercial","3/20/2020"
"CPI/AMHERST SFR PROGRAM OWNER LLC","CAGE ROAD  131","163D","D","022.00","003","163D D 02200 003","","","Commercial","6/19/2020"
"CR AI GALLATIN OWNER LLC %CHARTWELL HOSP ATTN: ROBERT G SCHAEDLE","VOLUNTEER WAY PVT  100","136A","B","051.00","000","136A B 05100 000","COMMONS AT GREENLEA","100","Commercial","5/21/2021"
"CR AI GALLATIN OWNER LLC %CHARTWELL HOSP ATTN: ROBERT G SCHAEDLE","VOLUNTEER WAY PVT  104","136A","B","052.00","000","136A B 05200 000","COMMONS AT GREENLEA","101","Commercial","5/21/2021"
"CR AI GALLATIN OWNER LLC %CHARTWELL HOSP ATTN: ROBERT G SCHAEDLE","VOLUNTEER WAY PVT  108","136A","B","053.00","000","136A B 05300 000","COMMONS AT GREENLEA","102","Commercial","5/21/2021"
"CR AI GALLATIN OWNER LLC %CHARTWELL HOSP ATTN: ROBERT G SCHAEDLE","VOLUNTEER WAY PVT  112","136A","B","054.00","000","136A B 05400 000","COMMONS AT GREENLEA","103","Commercial","5/21/2021"
"CR AI GALLATIN OWNER LLC %CHARTWELL HOSP ATTN: ROBERT G SCHAEDLE","VOLUNTEER WAY PVT  116","136A","B","055.00","000","136A B 05500 000","COMMONS AT GREENLEA","104","Commercial","5/21/2021"
"CR AI GALLATIN OWNER LLC %CHARTWELL HOSP ATTN: ROBERT G SCHAEDLE","VOLUNTEER WAY PVT  120","136A","B","056.00","000","136A B 05600 000","COMMONS AT GREENLEA","105","Commercial","5/21/2021"
"CR AI GALLATIN OWNER LLC %CHARTWELL HOSP ATTN: ROBERT G SCHAEDLE","VOLUNTEER WAY PVT  124","136A","B","057.00","000","136A B 05700 000","COMMONS AT GREENLEA","106","Commercial","5/21/2021"
"CR AI GALLATIN OWNER LLC %CHARTWELL HOSP ATTN: ROBERT G SCHAEDLE","ROSEMONT LANE PVT  201","136A","B","058.00","000","136A B 05800 000","COMMONS AT GREENLEA","107","Commercial","5/21/2021"
"CR AI GALLATIN OWNER LLC %CHARTWELL HOSP ATTN: ROBERT G SCHAEDLE","ROSEMONT LANE PVT  205","136A","B","059.00","000","136A B 05900 000","COMMONS AT GREENLEA","108","Commercial","5/21/2021"
"CR AI GALLATIN OWNER LLC %CHARTWELL HOSP ATTN: ROBERT G SCHAEDLE","ROSEMONT LANE PVT  209","136A","B","060.00","000","136A B 06000 000","COMMONS AT GREENLEA","109","Commercial","5/21/2021"
"CR AI GALLATIN OWNER LLC %CHARTWELL HOSP ATTN: ROBERT G SCHAEDLE","ROSEMONT LANE PVT  213","136A","B","061.00","000","136A B 06100 000","COMMONS AT GREENLEA","110","Commercial","5/21/2021"
"CR AI GALLATIN OWNER LLC %CHARTWELL HOSP ATTN: ROBERT G SCHAEDLE","ROSEMONT LANE PVT  217","136A","B","062.00","000","136A B 06200 000","COMMONS AT GREENLEA","111","Commercial","5/21/2021"
"CR AI GALLATIN OWNER LLC %CHARTWELL HOSP ATTN: ROBERT G SCHAEDLE","ROSEMONT LANE PVT  221","136A","B","063.00","000","136A B 06300 000","COMMONS AT GREENLEA","112","Commercial","5/21/2021"
"CR AI GALLATIN OWNER LLC %CHARTWELL HOSP ATTN: ROBERT G SCHAEDLE","ROSEMONT LANE PVT  229","136A","B","064.00","000","136A B 06400 000","COMMONS AT GREENLEA","113","Commercial","5/21/2021"
"CR AI GALLATIN OWNER LLC %CHARTWELL HOSP ATTN: ROBERT G SCHAEDLE","ROSEMONT LANE PVT  233","136A","B","065.00","000","136A B 06500 000","COMMONS AT GREENLEA","114","Commercial","5/21/2021"
"CR AI GALLATIN OWNER LLC %CHARTWELL HOSP ATTN: ROBERT G SCHAEDLE","ROSEMONT LANE PVT  237","136A","B","066.00","000","136A B 06600 000","COMMONS AT GREENLEA","115","Commercial","5/21/2021"
"CR AI GALLATIN OWNER LLC %CHARTWELL HOSP ATTN: ROBERT G SCHAEDLE","ROSEMONT LANE PVT  241","136A","B","067.00","000","136A B 06700 000","COMMONS AT GREENLEA","116","Commercial","5/21/2021"
"CR AI GALLATIN OWNER LLC %CHARTWELL HOSP ATTN: ROBERT G SCHAEDLE","ROSEMONT LANE PVT  245","136A","B","068.00","000","136A B 06800 000","COMMONS AT GREENLEA","117","Commercial","5/21/2021"
"CR AI GALLATIN OWNER LLC %CHARTWELL HOSP ATTN: ROBERT G SCHAEDLE","ROSEMONT LANE PVT  249","136A","B","069.00","000","136A B 06900 000","COMMONS AT GREENLEA","118","Commercial","5/21/2021"
"CR AI GALLATIN OWNER LLC %CHARTWELL HOSP ATTN: ROBERT G SCHAEDLE","ROSEMONT LANE PVT  200","136A","B","070.00","000","136A B 07000 000","COMMONS AT GREENLEA","119","Commercial","5/21/2021"
"CR AI GALLATIN OWNER LLC %CHARTWELL HOSP ATTN: ROBERT G SCHAEDLE","ROSEMONT LANE PVT  204","136A","B","071.00","000","136A B 07100 000","COMMONS AT GREENLEA","120","Commercial","5/21/2021"
"CR AI GALLATIN OWNER LLC %CHARTWELL HOSP ATTN: ROBERT G SCHAEDLE","ROSEMONT LANE PVT  208","136A","B","072.00","000","136A B 07200 000","COMMONS AT GREENLEA","121","Commercial","5/21/2021"
"CR AI GALLATIN OWNER LLC %CHARTWELL HOSP ATTN: ROBERT G SCHAEDLE","ROSEMONT LANE PVT  212","136A","B","073.00","000","136A B 07300 000","COMMONS AT GREENLEA","122","Commercial","5/21/2021"
"CR AI GALLATIN OWNER LLC %CHARTWELL HOSP ATTN: ROBERT G SCHAEDLE","ROSEMONT LANE PVT  216","136A","B","074.00","000","136A B 07400 000","COMMONS AT GREENLEA","123","Commercial","5/21/2021"
"CR AI GALLATIN OWNER LLC %CHARTWELL HOSP ATTN: ROBERT G SCHAEDLE","ROSEMONT LANE PVT  220","136A","B","075.00","000","136A B 07500 000","COMMONS AT GREENLEA","124","Commercial","5/21/2021"
"CR AI GALLATIN OWNER LLC %CHARTWELL HOSP ATTN: ROBERT G SCHAEDLE","ROSEMONT LANE PVT  228","136A","B","076.00","000","136A B 07600 000","COMMONS AT GREENLEA","125","Commercial","5/21/2021"
"CR AI GALLATIN OWNER LLC %CHARTWELL HOSP ATTN: ROBERT G SCHAEDLE","ROSEMONT LANE PVT  232","136A","B","077.00","000","136A B 07700 000","COMMONS AT GREENLEA","126","Commercial","5/21/2021"
"CR AI GALLATIN OWNER LLC %CHARTWELL HOSP ATTN: ROBERT G SCHAEDLE","ROSEMONT LANE PVT  236","136A","B","078.00","000","136A B 07800 000","COMMONS AT GREENLEA","127","Commercial","5/21/2021"
"CR AI GALLATIN OWNER LLC %CHARTWELL HOSP ATTN: ROBERT G SCHAEDLE","ROSEMONT LANE PVT  240","136A","B","079.00","000","136A B 07900 000","COMMONS AT GREENLEA","128","Commercial","5/21/2021"
"CR AI GALLATIN OWNER LLC %CHARTWELL HOSP ATTN: ROBERT G SCHAEDLE","ROSEMONT LANE PVT  244","136A","B","080.00","000","136A B 08000 000","COMMONS AT GREENLEA","129","Commercial","5/21/2021"
"CR AI GALLATIN OWNER LLC %CHARTWELL HOSP ATTN: ROBERT G SCHAEDLE","ROSEMONT LANE PVT  248","136A","B","081.00","000","136A B 08100 000","COMMONS AT GREENLEA","130","Commercial","5/21/2021"
"CR AI GALLATIN OWNER LLC %CHARTWELL HOSP ATTN: ROBERT G SCHAEDLE","SITKA LANE PVT  325","136A","B","082.00","000","136A B 08200 000","COMMONS AT GREENLEA","131","Commercial","5/21/2021"
"CR AI GALLATIN OWNER LLC %CHARTWELL HOSP ATTN: ROBERT G SCHAEDLE","SITKA LANE PVT  321","136A","B","083.00","000","136A B 08300 000","COMMONS AT GREENLEA","132","Commercial","5/21/2021"
"CR AI GALLATIN OWNER LLC %CHARTWELL HOSP ATTN: ROBERT G SCHAEDLE","SITKA LANE PVT  317","136A","B","084.00","000","136A B 08400 000","COMMONS AT GREENLEA","133","Commercial","5/21/2021"
"CR AI GALLATIN OWNER LLC %CHARTWELL HOSP ATTN: ROBERT G SCHAEDLE","SITKA LANE PVT  313","136A","B","085.00","000","136A B 08500 000","COMMONS AT GREENLEA","134","Commercial","5/21/2021"
"CR AI GALLATIN OWNER LLC %CHARTWELL HOSP ATTN: ROBERT G SCHAEDLE","SITKA LANE PVT  309","136A","B","086.00","000","136A B 08600 000","COMMONS AT GREENLEA","135","Commercial","5/21/2021"
"CR AI GALLATIN OWNER LLC %CHARTWELL HOSP ATTN: ROBERT G SCHAEDLE","SITKA LANE PVT  305","136A","B","087.00","000","136A B 08700 000","COMMONS AT GREENLEA","136","Commercial","5/21/2021"
"CR AI GALLATIN OWNER LLC %CHARTWELL HOSP ATTN: ROBERT G SCHAEDLE","SITKA LANE PVT  301","136A","B","088.00","000","136A B 08800 000","COMMONS AT GREENLEA","137","Commercial","5/21/2021"
"CR AI GALLATIN OWNER LLC %CHARTWELL HOSP ATTN: ROBERT G SCHAEDLE","GOLDSBY ROAD PVT  400","136A","B","089.00","000","136A B 08900 000","COMMONS AT GREENLEA","138","Commercial","5/21/2021"
"CR AI GALLATIN OWNER LLC %CHARTWELL HOSP ATTN: ROBERT G SCHAEDLE","GOLDSBY ROAD PVT  404","136A","B","090.00","000","136A B 09000 000","COMMONS AT GREENLEA","139","Commercial","5/21/2021"
"CR AI GALLATIN OWNER LLC %CHARTWELL HOSP ATTN: ROBERT G SCHAEDLE","GOLDSBY ROAD PVT  408","136A","B","091.00","000","136A B 09100 000","COMMONS AT GREENLEA","140","Commercial","5/21/2021"
"CR AI GALLATIN OWNER LLC %CHARTWELL HOSP ATTN: ROBERT G SCHAEDLE","GOLDSBY ROAD PVT  412","136A","B","092.00","000","136A B 09200 000","COMMONS AT GREENLEA","141","Commercial","5/21/2021"
"CR AI GALLATIN OWNER LLC %CHARTWELL HOSP ATTN: ROBERT G SCHAEDLE","GOLDSBY ROAD PVT  416","136A","B","093.00","000","136A B 09300 000","COMMONS AT GREENLEA","142","Commercial","5/21/2021"
"CR AI GALLATIN OWNER LLC %CHARTWELL HOSP ATTN: ROBERT G SCHAEDLE","GOLDSBY ROAD PVT  420","136A","B","094.00","000","136A B 09400 000","COMMONS AT GREENLEA","143","Commercial","5/21/2021"
"CR AI GALLATIN OWNER LLC %CHARTWELL HOSP ATTN: ROBERT G SCHAEDLE","GOLDSBY ROAD PVT  424","136A","B","095.00","000","136A B 09500 000","COMMONS AT GREENLEA","144","Commercial","5/21/2021"
"CR AI GALLATIN OWNER LLC %CHARTWELL HOSP ATTN: ROBERT G SCHAEDLE","CROSS CREEL LANE PVT  501","136A","B","096.00","000","136A B 09600 000","COMMONS AT GREENLEA","145","Commercial","5/21/2021"
"CR AI GALLATIN OWNER LLC %CHARTWELL HOSP ATTN: ROBERT G SCHAEDLE","CROSS CREEL LANE PVT  505","136A","B","097.00","000","136A B 09700 000","COMMONS AT GREENLEA","146","Commercial","5/21/2021"
"CR AI GALLATIN OWNER LLC %CHARTWELL HOSP ATTN: ROBERT G SCHAEDLE","CROSS CREEL LANE PVT  509","136A","B","098.00","000","136A B 09800 000","COMMONS AT GREENLEA","147","Commercial","5/21/2021"
"CR AI GALLATIN OWNER LLC %CHARTWELL HOSP ATTN: ROBERT G SCHAEDLE","CROSS CREEL LANE PVT  513","136A","B","099.00","000","136A B 09900 000","COMMONS AT GREENLEA","148","Commercial","5/21/2021"
"CR AI GALLATIN OWNER LLC %CHARTWELL HOSP ATTN: ROBERT G SCHAEDLE","CROSS CREEL LANE PVT  517","136A","B","100.00","000","136A B 10000 000","COMMONS AT GREENLEA","149","Commercial","5/21/2021"
"CR AI GALLATIN OWNER LLC %CHARTWELL HOSP ATTN: ROBERT G SCHAEDLE","CROSS CREEL LANE PVT  521","136A","B","101.00","000","136A B 10100 000","COMMONS AT GREENLEA","150","Commercial","5/21/2021"
"CR AI GALLATIN OWNER LLC %CHARTWELL HOSP ATTN: ROBERT G SCHAEDLE","CROSS CREEL LANE PVT  500","136A","B","102.00","000","136A B 10200 000","COMMONS AT GREENLEA","151","Commercial","5/21/2021"
"CR AI GALLATIN OWNER LLC %CHARTWELL HOSP ATTN: ROBERT G SCHAEDLE","CROSS CREEL LANE PVT  504","136A","B","103.00","000","136A B 10300 000","COMMONS AT GREENLEA","152","Commercial","5/21/2021"
"CR AI GALLATIN OWNER LLC %CHARTWELL HOSP ATTN: ROBERT G SCHAEDLE","CROSS CREEL LANE PVT  508","136A","B","104.00","000","136A B 10400 000","COMMONS AT GREENLEA","153","Commercial","5/21/2021"
"CR AI GALLATIN OWNER LLC %CHARTWELL HOSP ATTN: ROBERT G SCHAEDLE","CROSS CREEL LANE PVT  512","136A","B","105.00","000","136A B 10500 000","COMMONS AT GREENLEA","154","Commercial","5/21/2021"
"CR AI GALLATIN OWNER LLC %CHARTWELL HOSP ATTN: ROBERT G SCHAEDLE","CROSS CREEL LANE PVT  516","136A","B","106.00","000","136A B 10600 000","COMMONS AT GREENLEA","155","Commercial","5/21/2021"
"CR AI GALLATIN OWNER LLC %CHARTWELL HOSP ATTN: ROBERT G SCHAEDLE","CROSS CREEL LANE PVT  520","136A","B","107.00","000","136A B 10700 000","COMMONS AT GREENLEA","156","Commercial","5/21/2021"
"CR AI GALLATIN OWNER LLC %CHARTWELL HOSP ATTN: ROBERT G SCHAEDLE","RED CEDAR ROAD PVT  629","136A","B","108.00","000","136A B 10800 000","COMMONS AT GREENLEA","157","Commercial","5/21/2021"
"CR AI GALLATIN OWNER LLC %CHARTWELL HOSP ATTN: ROBERT G SCHAEDLE","RED CEDAR ROAD PVT  625","136A","B","109.00","000","136A B 10900 000","COMMONS AT GREENLEA","158","Commercial","5/21/2021"
"CR AI GALLATIN OWNER LLC %CHARTWELL HOSP ATTN: ROBERT G SCHAEDLE","RED CEDAR ROAD PVT  621","136A","B","110.00","000","136A B 11000 000","COMMONS AT GREENLEA","159","Commercial","5/21/2021"
"CR AI GALLATIN OWNER LLC %CHARTWELL HOSP ATTN: ROBERT G SCHAEDLE","RED CEDAR ROAD PVT  617","136A","B","111.00","000","136A B 11100 000","COMMONS AT GREENLEA","160","Commercial","5/21/2021"
"CR AI GALLATIN OWNER LLC %CHARTWELL HOSP ATTN: ROBERT G SCHAEDLE","RED CEDAR ROAD PVT  613","136A","B","112.00","000","136A B 11200 000","COMMONS AT GREENLEA","161","Commercial","5/21/2021"
"CR AI GALLATIN OWNER LLC %CHARTWELL HOSP ATTN: ROBERT G SCHAEDLE","RED CEDAR ROAD PVT  609","136A","B","113.00","000","136A B 11300 000","COMMONS AT GREENLEA","162","Commercial","5/21/2021"
"CR AI GALLATIN OWNER LLC %CHARTWELL HOSP ATTN: ROBERT G SCHAEDLE","RED CEDAR ROAD PVT  605","136A","B","114.00","000","136A B 11400 000","COMMONS AT GREENLEA","163","Commercial","5/21/2021"
"CR AI GALLATIN OWNER LLC %CHARTWELL HOSP ATTN: ROBERT G SCHAEDLE","RED CEDAR ROAD PVT  601","136A","B","115.00","000","136A B 11500 000","COMMONS AT GREENLEA","164","Commercial","5/21/2021"
"CR AI GALLATIN OWNER LLC %CHARTWELL HOSP ATTN: ROBERT G SCHAEDLE","CHARTWELL WAY  2076","136A","B","115.03","000","136A B 11503 000","COMMONS AT GREENLEA","200","Commercial","5/21/2021"
"CRACKER BARREL OLD COUNTRY STORE INC%REAL ESTATE DIR","INDIAN LAKE BLVD  213","159B","C","002.00","000","159B C 00200 000","INDIAN LAKE SEC 13","20","Commercial","7/29/2007"
"CRACKER BARRELL OLD COUNTRY STORE INC #470","VILLAGE GREEN CROSSIN  1005","126I","A","021.00","000","126I A 02100 000","VILLAGE GREEN CROSSI","3","Commercial","4/28/2000"
"CRAFT JAMES H JR CRAFT PAMELA ETUX","31E HWY OLD  93","083","","015.01","000","083    01501 000","","","Commercial","4/21/2014"
"CRAFT JAMES H JR CRAFT PAMELA ETUX","31E HWY OLD  93","083","","015.02","000","083    01502 000","","","Commercial","4/21/2014"
"CRAFTON JOHN P TR CRAFTON BETTY K TR ETAL","SOUTH BROADWAY  702","033O","A","001.01","000","033O A 00101 000","","","Commercial","4/17/2015"
"CRAFTON MARK CRAFTON TRUDY ETUX","SOUTH BROADWAY  520","033I","C","023.01","000","033I C 02301 000","","","Commercial","11/2/2022"
"CRAIN JARED CRAIN BETHANY ETUX","GLEN OAK COURT WEST  117","159A","L","011.00","000","159A L 01100 000","ROSEWOOD","11","Commercial","8/23/2018"
"CRAIN JARED CRAIN BETHANY ETUX","GLEN OAK COURT WEST  115","159A","L","012.00","000","159A L 01200 000","ROSEWOOD","12","Commercial","8/23/2018"
"CRAWFORD JAMES ALLEN III CRAWFORD NANCY KING ETUX","BUSINESS PARK CIRCLE  3050","143J","F","007.00","003","143J F 00700C003","NORTHCREEK BUSINESS PARK SEC 14 RES 11B","11B","Commercial","10/31/2019"
"CREASY M SHAWNE CREASYS 66","31E HWY NE 5294","044","","120.00","000","044    12000 000","","","Commercial","10/31/2005"
"CREASY M SHAWNE CREASYS 66 SERVICE","31E HWY  5294","044","","120.01","000","044    12001 000","","","Commercial","10/31/2005"
"CREASY THADDEUS ANDREW","RAGLAND ROAD  160","057","","033.01","000","057    03301 000","","","Commercial","10/30/2013"
"CREEK ROAD RENTALS LLC","W ROBERTS RD  133","072","","035.09","000","072    03509 000","LEWIS & MARY HEAD","1","Commercial","12/8/2021"
"CREEKSIDE PLAZA LLC","31 HWY  0","118","","184.00","000","118    18400 000","APARTMENTS AT SLATERS CREEK RESUB","1","Commercial","10/5/2020"
"CREEKWOOD MARINA","SANDERS FERRY ROAD  259","164P","C","024.00","000","164P C 02400 000","","","Commercial","10/6/1986"
"CRICHTON WELTON PARTNERS GP","NEW SHACKLE ISLAND RD  369","144","","109.01","000","144    10901 000","HURT & WELTON SUB-HU","1-1","Commercial","12/31/2022"
"CRIMSON PROPERTIES OF HENDERSONVILLE LLC","INDIAN LAKE BLVD  165","159J","A","021.16","103","159J A 02116C103","INDIAN LAKE OFFICES","103","Commercial","6/25/2026"
"CROUCH BRENT","DOLPHUS DRIVE  110","170D","B","005.00","000","170D B 00500 000","PANORAMA HARBOR SEC 3","127","Commercial","9/17/2011"
"CROUCH HERNDOD BRENT","MALLARD DRIVE  113","160O","A","010.00","000","160O A 01000 000","FOREST RETREAT","7","Commercial","7/8/2021"
"CROUCH HERNDON B","STADIUM DRIVE  231","163C","E","021.01","000","163C E 02101 000","NOKES ADDITION","21-22","Commercial","3/22/2011"
"CROUCH HERNDON B","STADIUM DRIVE  231","163C","E","021.02","000","163C E 02102 000","NOKES ADDITION","19-20","Commercial","3/22/2011"
"CROUCH HERNDON B","STADIUM DRIVE  229","163C","E","021.04","000","163C E 02104 000","NOKES ADDITION","17-18","Commercial","3/22/2011"
"CROUCH HERNDON B","DOLPHUS DRIVE  108","170D","B","006.00","000","170D B 00600 000","PANORAMA HARBOR SEC 3","126","Commercial","12/19/2014"
"CROUCH HERNDON BRENT","ROLLING ACRES DRIVE  105","097E","C","014.00","000","097E C 01400 000","ROLLING ACRES SEC 1-","13A-13","Commercial","10/17/2014"
"CROWLEY CORY G ETUX JENNIFER","TENNESSEE WAY  101","160M","A","023.00","000","160M A 02300 000","VOLUNTEER INDUSTRIAL","5","Commercial","4/21/2023"
"CROWLEY EDWIN G","ROCKLAND ROAD  256","160O","C","033.00","000","160O C 03300 000","","","Commercial","10/24/2018"
"CRP/AV INDIAN LAKE OWNER LLC","CINEMA DR  109","145","","074.01","000","145    07401 000","INDIAN LAKE VILLAGE-","13","Commercial","11/13/2020"
"CRP/WP GALLATIN NASHVILLE PIKE OWNER LLC C/O WOOD PARTNERS","NASHVILE PIKE  1330","136","","008.00","000","136    00800 000","GAP INC PROP.","1","Commercial","12/11/2024"
"CRUNK RAY W JR CRUNK TONY R SR","31W HWY  0","121","","072.04","000","121    07204 000","","","Commercial","4/29/2014"
"CRUTCHER CAMERON R","FRANKLIN STREET EAST  225","126C","F","002.00","000","126C F 00200 000","","","Commercial","1/25/2017"
"CRYSTAL KEITH ETUX REJEANA","MAPLE ROW BOULEVARD  109","159J","A","019.06","000","159J A 01906 000","MAPLE ROW BLVD","5","Commercial","11/12/2007"
"CSCM HOLDINGS LLC","DEVON CHASE HILL  390","135B","C","002.00","000","135B C 00200 000","LENOX PLACE PH 13","1","Commercial","6/3/2024"
"CUMBERLAND GROUP REALTY LLC","31W HWY  3200","077G","C","016.00","000","077G C 01600 000","","","Commercial","7/1/2025"
"CUMBERLAND OLD HICKORY YACHT","SUNSET DRIVE  0","163G","A","013.00","000","163G A 01300 000","","","Commercial","11/7/1979"
"CURTIS CHARLES MICHAEL AUTO ZONE #106 C/O","WEST MAIN STREET  341","163D","B","019.00","000","163D B 01900 000","C L POWELL","1-3","Commercial","8/17/1995"
"CURTIS CHARLES MICHAEL AUTO ZONE #106 C/O","POWELL DRIVE  0","163D","B","020.00","000","163D B 02000 000","C L POWELL","4","Commercial","8/17/1995"
"CURTIS MILTON HOWARD TR","SOUTH BROADWAY  800","039B","B","006.00","000","039B B 00600 000","COUNTRY CLUB ESTATES","9","Commercial","5/21/2009"
"CURTIS THOMAS P III","ANDERSON LANE  161","159N","G","015.00","000","159N G 01500 000","LARUE HEIGHTS SEC 2","15","Commercial","7/1/2008"
"CURTIS THOMAS P III","ANDERSON LANE  157","159N","G","017.00","000","159N G 01700 000","LARUE HEIGHTS SEC 2","17","Commercial","9/18/2020"
"CUSSON LAWRENCE C/O SAFE HAVEN INS","CANFIELD PLACE  114","160M","C","023.00","006","160M C 02300C006","HENDERSONVILLE COURT","6","Commercial","5/9/2022"
"CVHC5 LLC","52W HWY NE 418","034L","A","020.05","000","034L A 02005 000","GUILFORD SUTTLE PROP","2D","Commercial","7/1/2013"
"D & B EXCAVATION CO INC","BROOKLAWN DRIVE  995","157","","018.05","000","157    01805 000","","","Commercial","3/9/2015"
"D & D CAPTIVE LLC","SHIVEL DRIVE  208","163D","G","007.00","000","163D G 00700 000","SHIVEL ADDN TO HENDERSONVILLE","LIST","Commercial","3/21/2022"
"D3 HENDERSONVILLE MAY LLC","EAST MAIN STREET  262","159J","A","051.00","000","159J A 05100 000","MAYFAIR PH 2 RESUB 1","1B","Commercial","6/14/2024"
"D3 HENDERSONVILLE MAY LLC","EAST MAIN STREET  268","159J","A","052.00","000","159J A 05200 000","MAYFAIR PH 2 RESUB","2A","Commercial","4/1/2026"
"D3 HENDERSONVILLE MAY LLC C/O RYAN LLC","EAST MAIN STREET  264","159J","A","051.01","000","159J A 05101 000","MAYFAIR PH 2 RESUB","1A","Commercial","3/20/2026"
"D7 6 LLC C/O D7 3 LLC","GLENBROOK WAY  1023","144","","119.00","000","144    11900 000","GLENBROOK NORTH SEC","9","Commercial","3/13/2020"
"DALTON RONNIE L","LAURA STREET","113P","F","023.00","000","113P F 02300 000","CREEKVIEW SEC. 1","35","Commercial","12/12/2008"
"DAME ERIC A TR DAME DONNA TR","LAURA STREET","113P","F","024.00","000","113P F 02400 000","CREEKVIEW SEC. 1","0034","Commercial","9/6/2021"
"DAME ERIC A TR DAME DONNA TR","LAURA STREET","113P","F","025.00","000","113P F 02500 000","CREEKVIEW SEC. 1","0033","Commercial","9/6/2021"
"DANDO ROSA LLC","NASHVILLE PIKE  1123","126P","A","023.00","000","126P A 02300 000","GALLATIN PAYNE RESUB","1","Commercial","11/28/2022"
"DANIEL DAVID L TR DANIEL MARY J TR OF","31W HWY  2600","097E","A","001.00","000","097E A 00100 000","HIGHLAND EST SEC. 1","0008","Commercial","5/31/2018"
"DANIELS LARRY ETUX MITZI","ANDERSON STREET  447","126F","D","001.00","000","126F D 00100 000","","","Commercial","10/13/1998"
"DANNY WATKINS REVOCABLE LIVING TRUST","WATER AVENUE SOUTH  325","126C","P","004.00","000","126C P 00400 000","","","Commercial","3/31/2021"
"DANNY WATKINS REVOCABLE LIVING TRUST","WATER AVENUE SOUTH  909","126N","G","002.00","000","126N G 00200 000","","1","Commercial","7/28/2021"
"DANNY WATKINS REVOCABLE LIVING TRUST","NASHVILLE PIKE  2042","146","","034.00","000","146    03400 000","","","Commercial","3/31/2021"
"DANNY WATKINS REVOCABLE LIVING TRUST","EAST MAIN STREET  357","159K","A","020.02","000","159K A 02002 000","","","Commercial","3/31/2021"
"DANNY WATKINS REVOCABLE LIVING TRUST","EAST MAIN STREET  357","159K","A","020.02","001","159K A 02002 001","","","Commercial","3/31/2021"
"DANNY WATKINS RLT","MAPLE STREET  100","126F","L","013.00","000","126F L 01300 000","MAPLEWOOD","07-9","Commercial","3/31/2021"
"DANNY WATKINS RLT","WATER AVENUE SOUTH  584","126F","L","014.00","000","126F L 01400 000","MAPLEWOOD","03-6","Commercial","3/31/2021"
"DANNY WATKINS RLT","WATER AVENUE SOUTH  0","126F","L","015.00","000","126F L 01500 000","MAPLEWOOD","1-2","Commercial","3/31/2021"
"DANNY WATKINS RLT","MAPLE STREET  99","126K","D","016.00","000","126K D 01600 000","MAPLEWOOD S/D-RE-SUB","2","Commercial","3/31/2021"
"DANNY WATKINS RLT","MAPLE STREET  99","126K","D","017.00","000","126K D 01700 000","MAPLEWOOD S/D","IST","Commercial","3/31/2021"
"DAVID PIERCE FAMILY LP","NORTH BROADWAY  806","019E","A","004.00","000","019E A 00400 000","JACKSON PLACE RESUB 4","4B2","Commercial","8/15/2023"
"DAVID STACEY DAVID KATHRYN","OAK FOREST DRIVE  154","118","","006.00","001","118    00600 001","","R2","Commercial","11/1/2019"
"DAVID WILKINSON PROPERTIES LLC","JONES DRIVE  115","121P","B","004.03","000","121P B 00403 000","115 JONES DR","15","Commercial","7/30/2025"
"DAVIDOWITZ MARK E & CHERYL K DAVIS TRS DAVID LIVING TRUST","NASHVILLE PIKE  1109","126P","B","001.00","000","126P B 00100 000","SHANE INVESTMENT PRO","1","Commercial","12/22/2022"
"DAVIS CARL A DAVIS SHERRY A ETUX","COUNTRY CLUB DRIVE  100","159K","C","016.00","011","159K C 01600C011","CLUB PLACE OFFICE CO","F2 202","Commercial","1/10/2020"
"DAVIS DREW","LONG HOLLOW PIKE  610","126B","A","011.01","000","126B A 01101 000","DUNLAP JUNCTION","1","Commercial","8/18/2023"
"DAVIS GLEN DAVIS MARSHA ETUX","WEST MAIN STREET  200","159I","F","017.00","000","159I F 01700 000","","","Commercial","9/27/1999"
"DAVIS GREG","LOUISVILLE HWY  1221","121","","155.00","000","121    15500 000","","","Commercial","10/22/2008"
"DAVIS JEFFERY DAVIS ANDREA ETUX","JACKSON HEIGHTS ROAD  1094","099K","B","002.00","000","099K B 00200 000","JACKSON HEIGHTS","50","Commercial","8/31/2016"
"DAY DONALD N ETUX FELICIA C","JACKSON HEIGHTS ROAD  1015","099K","A","002.01","000","099K A 00201 000","","","Commercial","11/3/1992"
"DAY JOHN ROBERT JR ETUX LINDA WHEELEY","ACADEMY ROAD  0","052","","075.00","000","052    07500 000","","","Commercial","11/22/1976"
"DAY JOHN ROBERT JR ETUX LINDA WHEELEY","ACADEMY ROAD  1346","052","","075.01","000","052    07501 000","","","Commercial",""
"DCB STRATEGIC REALTY PARTNERS LLC","BRADLEY ROAD  1194","157","","023.01","001","157    02301 001","","","Commercial","1/22/2024"
"DCD INVESTMENT PROPERTIES LLC","MAPLE ROW BLVD  131","159O","D","021.00","003","159O D 02100C003","MAPLE ROW PROF BLDG-","102-102","Commercial","4/23/2024"
"DCD INVESTMENT PROPERTIES LLC","MAPLE ROW BLVD  131","159O","D","021.00","007","159O D 02100C007","MAPLE ROW PROF BLDG-","300-300","Commercial","4/23/2024"
"DEALMAKERS","MAIN STREET EAST  0","126D","A","006.00","000","126D A 00600 000","","","Commercial","8/2/2016"
"DEALMAKERS","MAIN STREET EAST  351","126D","A","007.00","000","126D A 00700 000","","","Commercial","8/2/2016"
"DEATHRIDGE CHARLES B ETUX JENNIFER S","WARD LANE  0","122","","025.02","001","122    02502 001","","","Commercial","5/15/2022"
"DEERING BILLY NOLAN JR","CLEARVIEW CIRCLE  110","159I","D","026.01","000","159I D 02601 000","NOKES HTS ADD 4 REVI","1","Commercial","4/11/2011"
"DEERING MICHAEL L & TINA A TRS DEERING FAMILY REVOCABLE LIVING TRUST","HARTSVILLE PIKE","112L","A","032.00","000","112L A 03200 000","SUNNYMEADE S/D SEC 1","152","Commercial","2/10/2025"
"DEFFENDALL CHARLES MARK TR DEFFENDALL PATRICIA R TR","SAUNDERSVILLE ROAD  174","145","","093.00","102","145    09300C102","","","Commercial","6/10/2016"
"DEFFENDALL CHARLES MARK TR DEFFENDALL PATRICIA R TR","SAUNDERSVILLE ROAD  174","145","","093.00","103","145    09300C103","","","Commercial","6/10/2016"
"DEFFENDALL CHARLES MARK TR DEFFENDALL PATRICIA R TR","SAUNDERSVILLE ROAD  174","145","","093.00","104","145    09300C104","","","Commercial","6/10/2016"
"DELKER THOMAS M","MUSIC MOUNTAIN ROAD  152","080","","020.00","002","080    02000 002","","","Commercial","10/26/2005"
"DELKER THOMAS M ETAL SBA COMM ATTN TAX DEPT C/O","MUSIC MOUNTAIN ROAD  152","080","","020.00","001","080    02000 001","","","Commercial","10/26/2005"
"DELTA INVESTMENT PT","SAUNDERSVILLE RD  117","145","","075.00","202","145    07500C202","INDIAN LAKE VILLAGE-","33","Commercial","9/9/2021"
"DEMOS PARTNERS LP ATTN JIM DEMOS","INDIAN LAKE BLVD  155","159J","A","040.00","000","159J A 04000 000","INDIAN LAKE SEC 9","13","Commercial","6/10/2004"
"DENHAM BLYTHE NASHVILLE PROPERTIES LLC c/o BETH HILEN C/O","BUSINESS PARK CIRCLE  3030","143J","F","011.00","000","143J F 01100 000","NORTHCREEK BUSINESS PARK SEC 12 RES 3","3A","Commercial","11/3/2017"
"DENNING G RICHARD ETUX TIMBERLY DENNING JERRY L","FAIRFIELD ROAD  635","023","","008.00","001","023    00800 001","","","Commercial",""
"DENNING LINDA C","MAIN STREET  111","033H","D","033.00","000","033H D 03300 000","","","Commercial","10/8/2021"
"DENNIS KEITHER","UPPER STATION CAMP CK  114","124","","003.12","001","124    00312 001","CREEKSHIRE WEST","2","Commercial","7/27/2006"
"DENTAL CONCEPTS 21ST CENTURY LLC","BUSINESS PARK CIRCLE  3050","143J","F","007.00","001","143J F 00700C001","NORTHCREEK BUSINESS PARK SEC 14 RES 11B","11B","Commercial","4/30/2007"
"DENTON ROGER D DENTON MARY E ETUX","31W HWY  1726","099","","023.04","001","099    02304 001","","","Commercial","12/1/2021"
"DEROSE PROPERTIES LLC","52W HWY  420","034L","A","020.02","000","034L A 02002 000","GUILFORD SUTTLE RESUB LOT2","1B-1A","Commercial","10/24/2025"
"DERRYBERRY JEFFERY MICHAEL TR DERRYBERRY JANICE JONES TR","LANE AVENUE  215","126C","C","024.00","000","126C C 02400 000","LANE","0016","Commercial","5/26/2015"
"DERRYBERRY MICHAEL J","WATER AVENUE NORTH","126C","B","025.00","000","126C B 02500 000","","","Commercial","9/15/1998"
"DERRYBERRY MICHAEL JEFFERY","WATER AVENUE NORTH  206","126C","B","023.00","000","126C B 02300 000","","","Commercial","9/15/2016"
"DERRYBERRY MICHAEL JEFFERY","WATER AVENUE NORTH  208","126C","B","024.00","000","126C B 02400 000","","","Commercial","9/15/2016"
"DERRYBERRYS HEAT & AIR INC","LANE AVENUE  210","126C","C","021.00","000","126C C 02100 000","LANE SUB.","11,PO14","Commercial","6/29/2017"
"DEY JAMES RAY TR JAMES DEY & SHIRLEY DEY REVOCABLE TRUST","SPRINGFIELD HWY  869","141","","027.00","001","141    02700 001","FITZPATRICK S/D","IST","Commercial","5/9/2023"
"DF HENDERSONVILLE SFR OWNER LLC","DRAKES CREEK ROAD  1816","138C","A","011.00","000","138C A 01100 000","DURHAM FARMS PH 3 SEC 28A","798","Commercial","9/22/2022"
"DF HENDERSONVILLE SFR OWNER LLC","DRAKES CREEK ROAD  1814","138C","A","012.00","000","138C A 01200 000","DURHAM FARMS PH 3 SEC 28A","797","Commercial","9/22/2022"
"DF HENDERSONVILLE SFR OWNER LLC","DRAKES CREEK ROAD  1812","138C","A","013.00","000","138C A 01300 000","DURHAM FARMS PH 3 SEC 28A","796","Commercial","9/22/2022"
"DF HENDERSONVILLE SFR OWNER LLC","DRAKES CREEK ROAD  1810","138C","A","014.00","000","138C A 01400 000","DURHAM FARMS PH 3 SEC 28A","795","Commercial","9/22/2022"
"DF HENDERSONVILLE SFR OWNER LLC","DRAKES CREEK ROAD  1808","138C","A","015.00","000","138C A 01500 000","DURHAM FARMS PH 3 SEC 28A","794","Commercial","9/22/2022"
"DF HENDERSONVILLE SFR OWNER LLC","DRAKES CREEK ROAD  1804","138C","A","016.00","000","138C A 01600 000","DURHAM FARMS PH 3 SEC 28A","793","Commercial","8/23/2022"
"DF HENDERSONVILLE SFR OWNER LLC","DRAKES CREEK ROAD  1802","138C","A","017.00","000","138C A 01700 000","DURHAM FARMS PH 3 SEC 28A","792","Commercial","8/23/2022"
"DF HENDERSONVILLE SFR OWNER LLC","DRAKES CREEK ROAD  1800","138C","A","018.00","000","138C A 01800 000","DURHAM FARMS PH 3 SEC 28A","791","Commercial","8/23/2022"
"DF HENDERSONVILLE SFR OWNER LLC","DRAKES CREEK ROAD  1798","138C","A","019.00","000","138C A 01900 000","DURHAM FARMS PH 3 SEC 28A","790","Commercial","8/23/2022"
"DF HENDERSONVILLE SFR OWNER LLC","DRAKES CREEK ROAD  1796","138C","A","020.00","000","138C A 02000 000","DURHAM FARMS PH 3 SEC 28A","789","Commercial","8/23/2022"
"DF HENDERSONVILLE SFR OWNER LLC","WESTCHESTER CIRCLE  932","138C","A","038.00","000","138C A 03800 000","DURHAM FARMS PH 3 SEC 28A","838","Commercial","5/24/2022"
"DF HENDERSONVILLE SFR OWNER LLC","WESTCHESTER CIRCLE  930","138C","A","039.00","000","138C A 03900 000","DURHAM FARMS PH 3 SEC 28A","837","Commercial","5/24/2022"
"DF HENDERSONVILLE SFR OWNER LLC","WESTCHESTER CIRCLE  928","138C","A","040.00","000","138C A 04000 000","DURHAM FARMS PH 3 SEC 28A","836","Commercial","5/24/2022"
"DF HENDERSONVILLE SFR OWNER LLC","WESTCHESTER CIRCLE  926","138C","A","041.00","000","138C A 04100 000","DURHAM FARMS PH 3 SEC 28A","835","Commercial","5/24/2022"
"DF HENDERSONVILLE SFR OWNER LLC","WESTCHESTER CIRCLE  924","138C","A","042.00","000","138C A 04200 000","DURHAM FARMS PH 3 SEC 28A","834","Commercial","5/24/2022"
"DF HENDERSONVILLE SFR OWNER LLC","WESTCHESTER CIRCLE  920","138C","A","043.00","000","138C A 04300 000","DURHAM FARMS PH 3 SEC 28A","833","Commercial","7/19/2022"
"DF HENDERSONVILLE SFR OWNER LLC","WESTCHESTER CIRCLE  918","138C","A","044.00","000","138C A 04400 000","DURHAM FARMS PH 3 SEC 28A","832","Commercial","7/19/2022"
"DF HENDERSONVILLE SFR OWNER LLC","WESTCHESTER CIRCLE  916","138C","A","045.00","000","138C A 04500 000","DURHAM FARMS PH 3 SEC 28A","831","Commercial","7/19/2022"
"DF HENDERSONVILLE SFR OWNER LLC","WESTCHESTER CIRCLE  914","138C","A","046.00","000","138C A 04600 000","DURHAM FARMS PH 3 SEC 28A","830","Commercial","7/19/2022"
"DF HENDERSONVILLE SFR OWNER LLC","WESTCHESTER CIRCLE  912","138C","A","047.00","000","138C A 04700 000","DURHAM FARMS PH 3 SEC 28A","829","Commercial","7/19/2022"
"DF HENDERSONVILLE SFR OWNER LLC","WESTCHESTER CIRCLE  904","138C","A","048.00","000","138C A 04800 000","DURHAM FARMS PH 3 SEC 28A","828","Commercial","8/23/2022"
"DF HENDERSONVILLE SFR OWNER LLC","WESTCHESTER CIRCLE  902","138C","A","049.00","000","138C A 04900 000","DURHAM FARMS PH 3 SEC 28A","827","Commercial","8/23/2022"
"DF HENDERSONVILLE SFR OWNER LLC","WESTCHESTER CIRCLE  900","138C","A","050.00","000","138C A 05000 000","DURHAM FARMS PH 3 SEC 28A","826","Commercial","8/23/2022"
"DF HENDERSONVILLE SFR OWNER LLC","WESTCHESTER CIRCLE  898","138C","A","051.00","000","138C A 05100 000","DURHAM FARMS PH 3 SEC 28A","825","Commercial","8/23/2022"
"DF HENDERSONVILLE SFR OWNER LLC","WESTCHESTER CIRCLE  896","138C","A","052.00","000","138C A 05200 000","DURHAM FARMS PH 3 SEC 28A","824","Commercial","8/23/2022"
"DF HENDERSONVILLE SFR OWNER LLC","WESTCHESTER CIRCLE  892","138C","A","053.00","000","138C A 05300 000","DURHAM FARMS PH 3 SEC 28A","823","Commercial","10/25/2022"
"DF HENDERSONVILLE SFR OWNER LLC","WESTCHESTER CIRCLE  890","138C","A","054.00","000","138C A 05400 000","DURHAM FARMS PH 3 SEC 28A","822","Commercial","10/25/2022"
"DF HENDERSONVILLE SFR OWNER LLC","WESTCHESTER CIRCLE  888","138C","A","055.00","000","138C A 05500 000","DURHAM FARMS PH 3 SEC 28A","821","Commercial","10/25/2022"
"DF HENDERSONVILLE SFR OWNER LLC","WESTCHESTER CIRCLE  886","138C","A","056.00","000","138C A 05600 000","DURHAM FARMS PH 3 SEC 28A","820","Commercial","10/25/2022"
"DF HENDERSONVILLE SFR OWNER LLC","WESTCHESTER CIRCLE  884","138C","A","057.00","000","138C A 05700 000","DURHAM FARMS PH 3 SEC 28A","819","Commercial","10/25/2022"
"DF HENDERSONVILLE SFR OWNER LLC","WESTCHESTER CIRCLE  880","138C","A","058.00","000","138C A 05800 000","DURHAM FARMS PH 3 SEC 28A","818","Commercial","10/25/2022"
"DF HENDERSONVILLE SFR OWNER LLC","WESTCHESTER CIRCLE  878","138C","A","059.00","000","138C A 05900 000","DURHAM FARMS PH 3 SEC 28A","817","Commercial","10/25/2022"
"DF HENDERSONVILLE SFR OWNER LLC","WESTCHESTER CIRCLE  876","138C","A","060.00","000","138C A 06000 000","DURHAM FARMS PH 3 SEC 28A","816","Commercial","10/25/2022"
"DF HENDERSONVILLE SFR OWNER LLC","WESTCHESTER CIRCLE  874","138C","A","061.00","000","138C A 06100 000","DURHAM FARMS PH 3 SEC 28A","815","Commercial","10/25/2022"
"DF HENDERSONVILLE SFR OWNER LLC","WESTCHESTER CIRCLE  872","138C","A","062.00","000","138C A 06200 000","DURHAM FARMS PH 3 SEC 28A","814","Commercial","10/25/2022"
"DF HENDERSONVILLE SFR OWNER LLC","WESTCHESTER CIRCLE  875","138C","B","001.00","000","138C B 00100 000","DURHAM FARMS PH 3 SEC 29","856","Commercial","7/19/2022"
"DF HENDERSONVILLE SFR OWNER LLC","WESTCHESTER CIRCLE  879","138C","B","002.00","000","138C B 00200 000","DURHAM FARMS PH 3 SEC 29","855","Commercial","7/19/2022"
"DF HENDERSONVILLE SFR OWNER LLC","WESTCHESTER CIRCLE  883","138C","B","003.00","000","138C B 00300 000","DURHAM FARMS PH 3 SEC 29","854","Commercial","5/24/2022"
"DF HENDERSONVILLE SFR OWNER LLC","WESTCHESTER CIRCLE  887","138C","B","004.00","000","138C B 00400 000","DURHAM FARMS PH 3 SEC 29","853","Commercial","5/24/2022"
"DF HENDERSONVILLE SFR OWNER LLC","WESTCHESTER CIRCLE  891","138C","B","005.00","000","138C B 00500 000","DURHAM FARMS PH 3 SEC 29","852","Commercial","5/24/2022"
"DF HENDERSONVILLE SFR OWNER LLC","WESTCHESTER CIRCLE  895","138C","B","006.00","000","138C B 00600 000","DURHAM FARMS PH 3 SEC 29","851","Commercial","5/24/2022"
"DF HENDERSONVILLE SFR OWNER LLC","WESTCHESTER CIRCLE  899","138C","B","007.00","000","138C B 00700 000","DURHAM FARMS PH 3 SEC 29","850","Commercial","5/24/2022"
"DF HENDERSONVILLE SFR OWNER LLC","WESTCHESTER CIRCLE  903","138C","B","008.00","000","138C B 00800 000","DURHAM FARMS PH 3 SEC 29","849","Commercial","5/24/2022"
"DF HENDERSONVILLE SFR OWNER LLC","WESTCHESTER CIRCLE  913","138C","B","009.00","000","138C B 00900 000","DURHAM FARMS PH 3 SEC 29","848","Commercial","5/24/2022"
"DF HENDERSONVILLE SFR OWNER LLC","WESTCHESTER CIRCLE  915","138C","B","010.00","000","138C B 01000 000","DURHAM FARMS PH 3 SEC 29","847","Commercial","5/24/2022"
"DF HENDERSONVILLE SFR OWNER LLC","WESTCHESTER CIRCLE  923","138C","B","013.00","000","138C B 01300 000","DURHAM FARMS PH 3 SEC 29","844","Commercial","3/30/2022"
"DF HENDERSONVILLE SFR OWNER LLC","WESTCHESTER CIRCLE  927","138C","B","014.00","000","138C B 01400 000","DURHAM FARMS PH 3 SEC 29","843","Commercial","3/30/2022"
"DF HENDERSONVILLE SFR OWNER LLC","STARRY NIGHT LANE  3051","138C","B","015.00","000","138C B 01500 000","DURHAM FARMS PH 3 SEC 29","870","Commercial","3/30/2022"
"DF HENDERSONVILLE SFR OWNER LLC","STARRY NIGHT LANE  3055","138C","B","016.00","000","138C B 01600 000","DURHAM FARMS PH 3 SEC 29","869","Commercial","3/30/2022"
"DF HENDERSONVILLE SFR OWNER LLC","STARRY NIGHT LANE  3059","138C","B","017.00","000","138C B 01700 000","DURHAM FARMS PH 3 SEC 29","868","Commercial","3/30/2022"
"DF HENDERSONVILLE SFR OWNER LLC","STARRY NIGHT LANE  3063","138C","B","018.00","000","138C B 01800 000","DURHAM FARMS PH 3 SEC 29","867","Commercial","3/30/2022"
"DF HENDERSONVILLE SFR OWNER LLC","STARRY NIGHT LANE  3067","138C","B","019.00","000","138C B 01900 000","DURHAM FARMS PH 3 SEC 29","866","Commercial","3/30/2022"
"DF HENDERSONVILLE SFR OWNER LLC","STARRY NIGHT LANE  3071","138C","B","020.00","000","138C B 02000 000","DURHAM FARMS PH 3 SEC 29","865","Commercial","3/30/2022"
"DF HENDERSONVILLE SFR OWNER LLC","STARRY NIGHT LANE  3075","138C","B","021.00","000","138C B 02100 000","DURHAM FARMS PH 3 SEC 29","864","Commercial","3/30/2022"
"DF HENDERSONVILLE SFR OWNER LLC","STARRY NIGHT LANE  3079","138C","B","022.00","000","138C B 02200 000","DURHAM FARMS PH 3 SEC 29","863","Commercial","3/30/2022"
"DF HENDERSONVILLE SFR OWNER LLC","STARRY NIGHT LANE  3089","138C","B","023.00","000","138C B 02300 000","DURHAM FARMS PH 3 SEC 29","862","Commercial","9/22/2022"
"DF HENDERSONVILLE SFR OWNER LLC","STARRY NIGHT LANE  3093","138C","B","024.00","000","138C B 02400 000","DURHAM FARMS PH 3 SEC 29","861","Commercial","9/22/2022"
"DF HENDERSONVILLE SFR OWNER LLC","STARRY NIGHT LANE  3097","138C","B","025.00","000","138C B 02500 000","DURHAM FARMS PH 3 SEC 29","860","Commercial","9/22/2022"
"DF HENDERSONVILLE SFR OWNER LLC","STARRY NIGHT LANE  3101","138C","B","026.00","000","138C B 02600 000","DURHAM FARMS PH 3 SEC 29","859","Commercial","9/22/2022"
"DF HENDERSONVILLE SFR OWNER LLC","STARRY NIGHT LANE  3105","138C","B","027.00","000","138C B 02700 000","DURHAM FARMS PH 3 SEC 29","858","Commercial","9/22/2022"
"DF HENDERSONVILLE SFR OWNER LLC","STARRY NIGHT LANE  3109","138C","B","028.00","000","138C B 02800 000","DURHAM FARMS PH 3 SEC 29","857","Commercial","9/22/2022"
"DF HENDERSONVILLE SFR OWNER LLC","STARRY NIGHT LANE  3047","138F","E","048.00","000","138F E 04800 000","DURHAM FARMS PH 2 SEC 26","622","Commercial","11/7/2021"
"DF HENDERSONVILLE SFR OWNER LLC","STARRY NIGHT LANE  3043","138F","E","049.00","000","138F E 04900 000","DURHAM FARMS PH 2 SEC 26","623","Commercial","11/7/2021"
"DF HENDERSONVILLE SFR OWNER LLC","STARRY NIGHT LANE  3039","138F","E","050.00","000","138F E 05000 000","DURHAM FARMS PH 2 SEC 26","624","Commercial","11/7/2021"
"DF HENDERSONVILLE SFR OWNER LLC","STARRY NIGHT LANE  3035","138F","E","051.00","000","138F E 05100 000","DURHAM FARMS PH 2 SEC 26","625","Commercial","11/7/2021"
"DF HENDERSONVILLE SFR OWNER LLC","STARRY NIGHT LANE  3015","138F","E","056.00","000","138F E 05600 000","DURHAM FARMS PH 2 SEC 26","630","Commercial","10/19/2021"
"DF HENDERSONVILLE SFR OWNER LLC","STARRY NIGHT LANE  3011","138F","E","057.00","000","138F E 05700 000","DURHAM FARMS PH 2 SEC 26","631","Commercial","10/19/2021"
"DF HENDERSONVILLE SFR OWNER LLC","STARRY NIGHT LANE  3007","138F","E","058.00","000","138F E 05800 000","DURHAM FARMS PH 2 SEC 26","632","Commercial","10/19/2021"
"DF HENDERSONVILLE SFR OWNER LLC","STARRY NIGHT LANE  3003","138F","E","059.00","000","138F E 05900 000","DURHAM FARMS PH 2 SEC 26","633","Commercial","10/19/2021"
"DF HENDERSONVILLE SFR OWNER LLC","WESTCHESTER CIRCLE  950","138F","E","074.00","000","138F E 07400 000","DURHAM FARMS PH 2 SEC 26","648","Commercial","11/7/2021"
"DF HENDERSONVILLE SFR OWNER LLC","WESTCHESTER CIRCLE  952","138F","E","075.00","000","138F E 07500 000","DURHAM FARMS PH 2 SEC 26","649","Commercial","11/7/2021"
"DF HENDERSONVILLE SFR OWNER LLC","WESTCHESTER CIRCLE  954","138F","E","076.00","000","138F E 07600 000","DURHAM FARMS PH 2 SEC 26","650","Commercial","11/7/2021"
"DF HENDERSONVILLE SFR OWNER LLC","WESTCHESTER CIRCLE  956","138F","E","077.00","000","138F E 07700 000","DURHAM FARMS PH 2 SEC 26","651","Commercial","11/7/2021"
"DF HENDERSONVILLE SFR OWNER LLC","WESTCHESTER CIRCLE  958","138F","E","078.00","000","138F E 07800 000","DURHAM FARMS PH 2 SEC 26","652","Commercial","11/7/2021"
"DF HENDERSONVILLE SFR OWNER LLC","WESTCHESTER CIRCLE  962","138F","E","079.00","000","138F E 07900 000","DURHAM FARMS PH 2 SEC 26","653","Commercial","10/19/2021"
"DF HENDERSONVILLE SFR OWNER LLC","WESTCHESTER CIRCLE  964","138F","E","080.00","000","138F E 08000 000","DURHAM FARMS PH 2 SEC 26","654","Commercial","10/19/2021"
"DF HENDERSONVILLE SFR OWNER LLC","WESTCHESTER CIRCLE  966","138F","E","081.00","000","138F E 08100 000","DURHAM FARMS PH 2 SEC 26","655","Commercial","10/19/2021"
"DF HENDERSONVILLE SFR OWNER LLC","WESTCHESTER CIRCLE  968","138F","E","082.00","000","138F E 08200 000","DURHAM FARMS PH 2 SEC 26","656","Commercial","10/19/2021"
"DF HENDERSONVILLE SFR OWNER LLC","WESTCHESTER CIRCLE  970","138F","E","083.00","000","138F E 08300 000","DURHAM FARMS PH 2 SEC 26","657","Commercial","10/19/2021"
"DF HENDERSONVILLE SFR OWNER LLC","WESTCHESTER CIRCLE  990","138F","E","091.00","000","138F E 09100 000","DURHAM FARMS PH 2 SEC 26","665","Commercial","7/27/2021"
"DF HENDERSONVILLE SFR OWNER LLC","DRAKES CREEK ROAD  1738","138F","E","108.00","000","138F E 10800 000","DURHAM FARMS PH 2 SEC 26","682","Commercial","10/19/2021"
"DF HENDERSONVILLE SFR OWNER LLC","DRAKES CREEK ROAD  1740","138F","E","109.00","000","138F E 10900 000","DURHAM FARMS PH 2 SEC 26","683","Commercial","10/19/2021"
"DF HENDERSONVILLE SFR OWNER LLC","DRAKES CREEK ROAD  1742","138F","E","110.00","000","138F E 11000 000","DURHAM FARMS PH 2 SEC 26","684","Commercial","10/19/2021"
"DF HENDERSONVILLE SFR OWNER LLC","DRAKES CREEK ROAD  1744","138F","E","111.00","000","138F E 11100 000","DURHAM FARMS PH 2 SEC 26","685","Commercial","10/19/2021"
"DF HENDERSONVILLE SFR OWNER LLC","DRAKES CREEK ROAD  1746","138F","E","112.00","000","138F E 11200 000","DURHAM FARMS PH 2 SEC 26","686","Commercial","10/19/2021"
"DF HENDERSONVILLE SFR OWNER LLC","DRAKES CREEK ROAD  1750","138F","E","113.00","000","138F E 11300 000","DURHAM FARMS PH 2 SEC 26","687","Commercial","11/7/2021"
"DF HENDERSONVILLE SFR OWNER LLC","DRAKES CREEK ROAD  1752","138F","E","114.00","000","138F E 11400 000","DURHAM FARMS PH 2 SEC 26","688","Commercial","11/7/2021"
"DF HENDERSONVILLE SFR OWNER LLC","DRAKES CREEK ROAD  1754","138F","E","115.00","000","138F E 11500 000","DURHAM FARMS PH 2 SEC 26","689","Commercial","11/7/2021"
"DF HENDERSONVILLE SFR OWNER LLC","DRAKES CREEK ROAD  1756","138F","E","116.00","000","138F E 11600 000","DURHAM FARMS PH 2 SEC 26","690","Commercial","11/7/2021"
"DF HENDERSONVILLE SFR OWNER LLC","DRAKES CREEK ROAD  1758","138F","E","117.00","000","138F E 11700 000","DURHAM FARMS PH 2 SEC 26","691","Commercial","11/7/2021"
"DF HENDERSONVILLE SFR OWNER LLC ATTN : SEAN P MALONEY","WESTCHESTER CIRCLE  978","138F","E","086.00","000","138F E 08600 000","DURHAM FARMS PH 2 SEC 26","660","Commercial","8/17/2021"
"DF HENDERSONVILLE SFR OWNER LLC ATTN : SEAN P MALONEY","DRAKES CREEK ROAD  1706","138F","E","095.00","000","138F E 09500 000","DURHAM FARMS PH 2 SEC 26","669","Commercial","7/27/2021"
"DF HENDERSONVILLE SFR OWNER LLC ATTN: SEAN P MALONEY","STARRY NIGHT LANE  3031","138F","E","052.00","000","138F E 05200 000","DURHAM FARMS PH 2 SEC 26","626","Commercial","10/19/2021"
"DF HENDERSONVILLE SFR OWNER LLC ATTN: SEAN P MALONEY","STARRY NIGHT LANE  3027","138F","E","053.00","000","138F E 05300 000","DURHAM FARMS PH 2 SEC 26","627","Commercial","10/19/2021"
"DF HENDERSONVILLE SFR OWNER LLC ATTN: SEAN P MALONEY","STARRY NIGHT LANE  3023","138F","E","054.00","000","138F E 05400 000","DURHAM FARMS PH 2 SEC 26","628","Commercial","10/19/2021"
"DF HENDERSONVILLE SFR OWNER LLC ATTN: SEAN P MALONEY","STARRY NIGHT LANE  3019","138F","E","055.00","000","138F E 05500 000","DURHAM FARMS PH 2 SEC 26","629","Commercial","10/19/2021"
"DF HENDERSONVILLE SFR OWNER LLC ATTN: SEAN P MALONEY","WESTCHESTER CIRCLE  993","138F","E","060.00","000","138F E 06000 000","DURHAM FARMS PH 2 SEC 26","634","Commercial","7/27/2021"
"DF HENDERSONVILLE SFR OWNER LLC ATTN: SEAN P MALONEY","WESTCHESTER CIRCLE  989","138F","E","061.00","000","138F E 06100 000","DURHAM FARMS PH 2 SEC 26","635","Commercial","7/27/2021"
"DF HENDERSONVILLE SFR OWNER LLC ATTN: SEAN P MALONEY","WESTCHESTER CIRCLE  985","138F","E","062.00","000","138F E 06200 000","DURHAM FARMS PH 2 SEC 26","636","Commercial","7/27/2021"
"DF HENDERSONVILLE SFR OWNER LLC ATTN: SEAN P MALONEY","WESTCHESTER CIRCLE  979","138F","E","063.00","000","138F E 06300 000","DURHAM FARMS PH 2 SEC 26","637","Commercial","7/27/2021"
"DF HENDERSONVILLE SFR OWNER LLC ATTN: SEAN P MALONEY","WESTCHESTER CIRCLE  975","138F","E","064.00","000","138F E 06400 000","DURHAM FARMS PH 2 SEC 26","638","Commercial","7/27/2021"
"DF HENDERSONVILLE SFR OWNER LLC ATTN: SEAN P MALONEY","WESTCHESTER CIRCLE  969","138F","E","065.00","000","138F E 06500 000","DURHAM FARMS PH 2 SEC 26","639","Commercial","7/27/2021"
"DF HENDERSONVILLE SFR OWNER LLC ATTN: SEAN P MALONEY","WESTCHESTER CIRCLE  965","138F","E","066.00","000","138F E 06600 000","DURHAM FARMS PH 2 SEC 26","640","Commercial","7/27/2021"
"DF HENDERSONVILLE SFR OWNER LLC ATTN: SEAN P MALONEY","WESTCHESTER CIRCLE  961","138F","E","067.00","000","138F E 06700 000","DURHAM FARMS PH 2 SEC 26","641","Commercial","7/27/2021"
"DF HENDERSONVILLE SFR OWNER LLC ATTN: SEAN P MALONEY","WESTCHESTER CIRCLE  955","138F","E","068.00","000","138F E 06800 000","DURHAM FARMS PH 2 SEC 26","642","Commercial","8/17/2021"
"DF HENDERSONVILLE SFR OWNER LLC ATTN: SEAN P MALONEY","WESTCHESTER CIRCLE  951","138F","E","069.00","000","138F E 06900 000","DURHAM FARMS PH 2 SEC 26","643","Commercial","8/17/2021"
"DF HENDERSONVILLE SFR OWNER LLC ATTN: SEAN P MALONEY","WESTCHESTER CIRCLE  943","138F","E","070.00","000","138F E 07000 000","DURHAM FARMS PH 2 SEC 26","644","Commercial","8/17/2021"
"DF HENDERSONVILLE SFR OWNER LLC ATTN: SEAN P MALONEY","WESTCHESTER CIRCLE  939","138F","E","071.00","000","138F E 07100 000","DURHAM FARMS PH 2 SEC 26","645","Commercial","8/17/2021"
"DF HENDERSONVILLE SFR OWNER LLC ATTN: SEAN P MALONEY","WESTCHESTER CIRCLE  935","138F","E","072.00","000","138F E 07200 000","DURHAM FARMS PH 2 SEC 26","646","Commercial","9/21/2021"
"DF HENDERSONVILLE SFR OWNER LLC ATTN: SEAN P MALONEY","WESTCHESTER CIRCLE  931","138F","E","073.00","000","138F E 07300 000","DURHAM FARMS PH 2 SEC 26","647","Commercial","9/21/2021"
"DF HENDERSONVILLE SFR OWNER LLC ATTN: SEAN P MALONEY","WESTCHESTER CIRCLE  976","138F","E","085.00","000","138F E 08500 000","DURHAM FARMS PH 2 SEC 26","659","Commercial","8/17/2021"
"DF HENDERSONVILLE SFR OWNER LLC ATTN: SEAN P MALONEY","WESTCHESTER CIRCLE  980","138F","E","087.00","000","138F E 08700 000","DURHAM FARMS PH 2 SEC 26","661","Commercial","8/17/2021"
"DF HENDERSONVILLE SFR OWNER LLC ATTN: SEAN P MALONEY","WESTCHESTER CIRCLE  982","138F","E","088.00","000","138F E 08800 000","DURHAM FARMS PH 2 SEC 26","662","Commercial","8/17/2021"
"DF HENDERSONVILLE SFR OWNER LLC ATTN: SEAN P MALONEY","WESTCHESTER CIRCLE  986","138F","E","089.00","000","138F E 08900 000","DURHAM FARMS PH 2 SEC 26","663","Commercial","7/27/2021"
"DF HENDERSONVILLE SFR OWNER LLC ATTN: SEAN P MALONEY","WESTCHESTER CIRCLE  988","138F","E","090.00","000","138F E 09000 000","DURHAM FARMS PH 2 SEC 26","664","Commercial","7/27/2021"
"DF HENDERSONVILLE SFR OWNER LLC ATTN: SEAN P MALONEY","WESTCHESTER CIRCLE  992","138F","E","092.00","000","138F E 09200 000","DURHAM FARMS PH 2 SEC 26","666","Commercial","7/27/2021"
"DF HENDERSONVILLE SFR OWNER LLC ATTN: SEAN P MALONEY","WESTCHESTER CIRCLE  994","138F","E","093.00","000","138F E 09300 000","DURHAM FARMS PH 2 SEC 26","667","Commercial","7/27/2021"
"DF HENDERSONVILLE SFR OWNER LLC ATTN: SEAN P MALONEY","DRAKES CREEK ROAD  1704","138F","E","094.00","000","138F E 09400 000","DURHAM FARMS PH 2 SEC 26","668","Commercial","7/27/2021"
"DF HENDERSONVILLE SFR OWNER LLC ATTN: SEAN P MALONEY","DRAKES CREEK ROAD  1708","138F","E","096.00","000","138F E 09600 000","DURHAM FARMS PH 2 SEC 26","670","Commercial","7/27/2021"
"DF HENDERSONVILLE SFR OWNER LLC ATTN: SEAN P MALONEY","DRAKES CREEK ROAD  1710","138F","E","097.00","000","138F E 09700 000","DURHAM FARMS PH 2 SEC 26","671","Commercial","7/27/2021"
"DF HENDERSONVILLE SFR OWNER LLC ATTN: SEAN P MALONEY","DRAKES CREEK ROAD  1714","138F","E","098.00","000","138F E 09800 000","DURHAM FARMS PH 2 SEC 26","672","Commercial","8/17/2021"
"DF HENDERSONVILLE SFR OWNER LLC ATTN: SEAN P MALONEY","DRAKES CREEK ROAD  1716","138F","E","099.00","000","138F E 09900 000","DURHAM FARMS PH 2 SEC 26","673","Commercial","8/17/2021"
"DF HENDERSONVILLE SFR OWNER LLC ATTN: SEAN P MALONEY","DRAKES CREEK ROAD  1718","138F","E","100.00","000","138F E 10000 000","DURHAM FARMS PH 2 SEC 26","674","Commercial","8/17/2021"
"DF HENDERSONVILLE SFR OWNER LLC ATTN: SEAN P MALONEY","DRAKES CREEK ROAD  1720","138F","E","101.00","000","138F E 10100 000","DURHAM FARMS PH 2 SEC 26","675","Commercial","8/17/2021"
"DF HENDERSONVILLE SFR OWNER LLC ATTN: SEAN P MALONEY","DRAKES CREEK ROAD  1722","138F","E","102.00","000","138F E 10200 000","DURHAM FARMS PH 2 SEC 26","676","Commercial","8/17/2021"
"DF HENDERSONVILLE SFR OWNER LLC ATTN: SEAN P MALONEY","DRAKES CREEK ROAD  1726","138F","E","103.00","000","138F E 10300 000","DURHAM FARMS PH 2 SEC 26","677","Commercial","9/21/2021"
"DF HENDERSONVILLE SFR OWNER LLC ATTN: SEAN P MALONEY","DRAKES CREEK ROAD  1728","138F","E","104.00","000","138F E 10400 000","DURHAM FARMS PH 2 SEC 26","678","Commercial","9/21/2021"
"DF HENDERSONVILLE SFR OWNER LLC ATTN: SEAN P MALONEY","DRAKES CREEK ROAD  1730","138F","E","105.00","000","138F E 10500 000","DURHAM FARMS PH 2 SEC 26","679","Commercial","9/21/2021"
"DF HENDERSONVILLE SFR OWNER LLC ATTN: SEAN P MALONEY","DRAKES CREEK ROAD  1732","138F","E","106.00","000","138F E 10600 000","DURHAM FARMS PH 2 SEC 26","680","Commercial","9/21/2021"
"DF HENDERSONVILLE SFR OWNER LLC ATTN: SEAN P MALONEY","DRAKES CREEK ROAD  1734","138F","E","107.00","000","138F E 10700 000","DURHAM FARMS PH 2 SEC 26","681","Commercial","9/21/2021"
"DF HENDERSONVILLE SFR OWNER LLC C/O PCCP LLC","DRAKES CREEK ROAD  1840","138C","A","001.00","000","138C A 00100 000","DURHAM FARMS PH 3 SEC 28A","808","Commercial","11/15/2022"
"DF HENDERSONVILLE SFR OWNER LLC C/O PCCP LLC","DRAKES CREEK ROAD  1838","138C","A","002.00","000","138C A 00200 000","DURHAM FARMS PH 3 SEC 28A","807","Commercial","11/15/2022"
"DF HENDERSONVILLE SFR OWNER LLC C/O PCCP LLC","DRAKES CREEK ROAD  1836","138C","A","003.00","000","138C A 00300 000","DURHAM FARMS PH 3 SEC 28A","806","Commercial","11/15/2022"
"DF HENDERSONVILLE SFR OWNER LLC C/O PCCP LLC","DRAKES CREEK ROAD  1834","138C","A","004.00","000","138C A 00400 000","DURHAM FARMS PH 3 SEC 28A","805","Commercial","11/15/2022"
"DF HENDERSONVILLE SFR OWNER LLC C/O PCCP LLC","DRAKES CREEK ROAD  1832","138C","A","005.00","000","138C A 00500 000","DURHAM FARMS PH 3 SEC 28A","804","Commercial","11/15/2022"
"DF HENDERSONVILLE SFR OWNER LLC C/O PCCP LLC","DRAKES CREEK ROAD  1828","138C","A","006.00","000","138C A 00600 000","DURHAM FARMS PH 3 SEC 28A","803","Commercial","11/15/2022"
"DF HENDERSONVILLE SFR OWNER LLC C/O PCCP LLC","DRAKES CREEK ROAD  1826","138C","A","007.00","000","138C A 00700 000","DURHAM FARMS PH 3 SEC 28A","802","Commercial","11/15/2022"
"DF HENDERSONVILLE SFR OWNER LLC C/O PCCP LLC","DRAKES CREEK ROAD  1824","138C","A","008.00","000","138C A 00800 000","DURHAM FARMS PH 3 SEC 28A","801","Commercial","11/15/2022"
"DF HENDERSONVILLE SFR OWNER LLC C/O PCCP LLC","DRAKES CREEK ROAD  1822","138C","A","009.00","000","138C A 00900 000","DURHAM FARMS PH 3 SEC 28A","800","Commercial","11/15/2022"
"DF HENDERSONVILLE SFR OWNER LLC C/O PCCP LLC","DRAKES CREEK ROAD  1820","138C","A","010.00","000","138C A 01000 000","DURHAM FARMS PH 3 SEC 28A","799","Commercial","11/15/2022"
"DF HENDERSONVILLE SFR OWNER LLC C/O PCCP LLC","DRAKES CREEK ROAD  1768","138C","A","030.00","000","138C A 03000 000","DURHAM FARMS PH 3 SEC 28A","779","Commercial","11/29/2022"
"DF HENDERSONVILLE SFR OWNER LLC C/O PCCP LLC","DRAKES CREEK ROAD  1766","138C","A","031.00","000","138C A 03100 000","DURHAM FARMS PH 3 SEC 28A","778","Commercial","11/29/2022"
"DF HENDERSONVILLE SFR OWNER LLC C/O PCCP LLC","DRAKES CREEK ROAD  1764","138C","A","032.00","000","138C A 03200 000","DURHAM FARMS PH 3 SEC 28A","777","Commercial","11/29/2022"
"DF HENDERSONVILLE SFR OWNER LLC C/O PCCP LLC","DRAKES CREEK ROAD  1762","138C","A","033.00","000","138C A 03300 000","DURHAM FARMS PH 3 SEC 28A","776","Commercial","11/29/2022"
"DF HENDERSONVILLE SFR OWNER LLC C/O PCCP LLC","WESTCHESTER CIRCLE  942","138C","A","034.00","000","138C A 03400 000","DURHAM FARMS PH 3 SEC 28A","842","Commercial","11/29/2022"
"DF HENDERSONVILLE SFR OWNER LLC C/O PCCP LLC","WESTCHESTER CIRCLE  940","138C","A","035.00","000","138C A 03500 000","DURHAM FARMS PH 3 SEC 28A","841","Commercial","11/29/2022"
"DF HENDERSONVILLE SFR OWNER LLC C/O PCCP LLC","WESTCHESTER CIRCLE  938","138C","A","036.00","000","138C A 03600 000","DURHAM FARMS PH 3 SEC 28A","840","Commercial","11/29/2022"
"DF HENDERSONVILLE SFR OWNER LLC C/O PCCP LLC","WESTCHESTER CIRCLE  936","138C","A","037.00","000","138C A 03700 000","DURHAM FARMS PH 3 SEC 28A","839","Commercial","11/29/2022"
"DF HENDERSONVILLE SFR OWNER LLC C/O PCCP LLC","WESTCHESTER CIRCLE  868","138C","A","063.00","000","138C A 06300 000","DURHAM FARMS PH 3 SEC 28A","813","Commercial","11/15/2022"
"DF HENDERSONVILLE SFR OWNER LLC C/O PCCP LLC","WESTCHESTER CIRCLE  866","138C","A","064.00","000","138C A 06400 000","DURHAM FARMS PH 3 SEC 28A","812","Commercial","11/15/2022"
"DF HENDERSONVILLE SFR OWNER LLC C/O PCCP LLC","WESTCHESTER CIRCLE  864","138C","A","065.00","000","138C A 06500 000","DURHAM FARMS PH 3 SEC 28A","811","Commercial","11/15/2022"
"DF HENDERSONVILLE SFR OWNER LLC C/O PCCP LLC","WESTCHESTER CIRCLE  862","138C","A","066.00","000","138C A 06600 000","DURHAM FARMS PH 3 SEC 28A","810","Commercial","11/15/2022"
"DF HENDERSONVILLE SFR OWNER LLC C/O PCCP LLC","WESTCHESTER CIRCLE  860","138C","A","067.00","000","138C A 06700 000","DURHAM FARMS PH 3 SEC 28A","809","Commercial","11/15/2022"
"DF HENDERSONVILLE SFR OWNER LLC C/O PCCP LLC","WESTCHESTER CIRCLE  919","138C","B","011.00","000","138C B 01100 000","DURHAM FARMS PH 3 SEC 29","846","Commercial","11/29/2022"
"DF HENDERSONVILLE SFR OWNER LLC C/O PCCP LLC","WESTCHESTER CIRCLE  921","138C","B","012.00","000","138C B 01200 000","DURHAM FARMS PH 3 SEC 29","845","Commercial","11/29/2022"
"DF HENDERSONVILLE SFR OWNER LLC CO PCCP LLC","DRAKES CREEK ROAD  1790","138C","A","021.00","000","138C A 02100 000","DURHAM FARMS PH 3 SEC 28A","788","Commercial","6/29/2022"
"DF HENDERSONVILLE SFR OWNER LLC CO PCCP LLC","DRAKES CREEK ROAD  1788","138C","A","022.00","000","138C A 02200 000","DURHAM FARMS PH 3 SEC 28A","787","Commercial","6/29/2022"
"DF HENDERSONVILLE SFR OWNER LLC CO PCCP LLC","DRAKES CREEK ROAD  1786","138C","A","023.00","000","138C A 02300 000","DURHAM FARMS PH 3 SEC 28A","786","Commercial","6/29/2022"
"DF HENDERSONVILLE SFR OWNER LLC CO PCCP LLC","DRAKES CREEK ROAD  1784","138C","A","024.00","000","138C A 02400 000","DURHAM FARMS PH 3 SEC 28A","785","Commercial","6/29/2022"
"DF HENDERSONVILLE SFR OWNER LLC CO PCCP LLC","DRAKES CREEK ROAD  1782","138C","A","025.00","000","138C A 02500 000","DURHAM FARMS PH 3 SEC 28A","784","Commercial","6/29/2022"
"DF HENDERSONVILLE SFR OWNER LLC CO PCCP LLC","DRAKES CREEK ROAD  1778","138C","A","026.00","000","138C A 02600 000","DURHAM FARMS PH 3 SEC 28A","783","Commercial","6/29/2022"
"DF HENDERSONVILLE SFR OWNER LLC CO PCCP LLC","DRAKES CREEK ROAD  1776","138C","A","027.00","000","138C A 02700 000","DURHAM FARMS PH 3 SEC 28A","782","Commercial","6/29/2022"
"DF HENDERSONVILLE SFR OWNER LLC CO PCCP LLC","DRAKES CREEK ROAD  1774","138C","A","028.00","000","138C A 02800 000","DURHAM FARMS PH 3 SEC 28A","781","Commercial","6/29/2022"
"DF HENDERSONVILLE SFR OWNER LLC CO PCCP LLC","DRAKES CREEK ROAD  1772","138C","A","029.00","000","138C A 02900 000","DURHAM FARMS PH 3 SEC 28A","780","Commercial","6/29/2022"
"DF HENDERSONVILLE SFR OWNER LLC STTN: SEAN P MALONEY","WESTCHESTER CIRCLE  974","138F","E","084.00","000","138F E 08400 000","DURHAM FARMS PH 2 SEC 26","658","Commercial","8/17/2021"
"DHAN LAXMI INC","WATER AVENUE SOUTH  1344","135","","023.01","000","135    02301 000","109 WINES & LIQUORS","1","Commercial","10/30/2019"
"DHILLON HARBHAJAN DHILLON KULDIP ETUX","NASHVILLE PIKE  1325","136","","039.00","000","136    03900 000","LOWES HOME CENTERS I","4","Commercial","11/4/2010"
"DHILLON HARBHAJAN ETUX KULDIP","NASHVILLE PIKE  1315","136","","040.00","000","136    04000 000","LOWES HOME CENTERS I","5","Commercial","11/4/2010"
"DIBENEDETTO SAL","MAIN STREET  112","033H","D","020.00","000","033H D 02000 000","","","Commercial","3/11/2026"
"DILEO HOLDINGS LLC","WATER AVENUE SOUTH  1434","135","","101.04","000","135    10104 000","WOODARD HEIRS","R3","Commercial","8/24/2022"
"DILLBERG KENNETH J & RACHAEL R TRS DILLERG FAMILY TRUST UDT","WILLIAMSON ROAD  1415","120","","004.03","000","120    00403 000","TIM LASSITER RESUB","3","Commercial","8/18/2023"
"DILLON JAMES DILLON JAMES ETUX MELANIE MELANIE ETUX","WATER AVENUE NORTH  207","126C","C","003.00","000","126C C 00300 000","","","Commercial","3/16/2015"
"DIRTWORKZ","BIG STATION CAMP BLVD  334","124J","B","002.00","000","124J B 00200 000","NEWMAN DOWNS PH 2","48","Commercial","12/1/2014"
"DIRTWORKZ LLC","231S HWY  1825","085","","040.03","000","085    04003 000","SHAWNEE HOMES","0001","Commercial","6/6/2025"
"DIRTWORKZ LLC","SCOTT ROAD  1026","088","","010.09","000","088    01009 000","QUINTIN CHOATE PROP","1","Commercial","8/14/2023"
"DIRTWORKZ LLC","HARTSVILLE PIKE  2812","110","","081.00","000","110    08100 000","CHARLES CARTER PROP","1","Commercial","9/2/2020"
"DIRTWORKZ LLC","HARTSVILLE PIKE  2808","110","","082.00","000","110    08200 000","CHARLES CARTER PROP","2","Commercial","9/2/2020"
"DIRTWORKZ LLC","BIG STATION CAMP BLVD  330","124J","B","001.00","000","124J B 00100 000","NEWMAN DOWNS PH 2","49","Commercial","5/22/2015"
"DIRTWORKZ LLC","BIG STATION CAMP BLVD  342","124J","B","004.00","000","124J B 00400 000","NEWMAN DOWNS PH 2","46","Commercial","5/31/2022"
"DIRTWORKZ LLC","BIG STATION CAMP BLVD  346","124J","B","005.00","000","124J B 00500 000","NEWMAN DOWNS PH 2","45","Commercial","3/6/2017"
"DIRTWORKZ LLC","BIG STATION CAMP BLVD  350","124J","B","006.00","000","124J B 00600 000","NEWMAN DOWNS PH 2","44","Commercial","12/1/2014"
"DIRTWORKZ LLC","BIG STATION CAMP BLVD  354","124J","B","007.00","000","124J B 00700 000","NEWMAN DOWNS PH 2","43","Commercial","11/19/2014"
"DIRTWORKZ LLC","BIG STATION CAMP BLVD  358","124J","B","008.00","000","124J B 00800 000","NEWMAN DOWNS PH 2","42","Commercial","8/19/2014"
"DIRTWORKZ LLC","BIG STATION CAMP BLVD  362","124J","B","009.00","000","124J B 00900 000","NEWMAN DOWNS PH 2","41","Commercial","6/25/2015"
"DIRTWORKZ LLC","BIG STATION CAMP BLVD  366","124J","B","010.00","000","124J B 01000 000","NEWMAN DOWNS PH 2","40","Commercial","9/25/2015"
"DIRTWORKZ LLC","BIG STATION CAMP BLVD  370","124J","B","011.00","000","124J B 01100 000","NEWMAN DOWNS PH 2","39","Commercial","9/25/2015"
"DIRTWORKZ LLC","BIG STATION CAMP BLVD  374","124J","B","012.00","000","124J B 01200 000","NEWMAN DOWNS PH 2","38","Commercial","9/25/2015"
"DISCOVER TN REALTY LLC","MORRISON STREET  169","126F","E","022.00","000","126F E 02200 000","DOUGLAS","0001","Commercial","11/5/2021"
"DISCOVER TN REALTY LLC","MORRISON STREET  165","126F","E","023.00","000","126F E 02300 000","DOUGLAS","0002","Commercial","11/5/2021"
"DISCOVER TN REALTY LLC","MORRISON STREET  159","126F","E","024.00","000","126F E 02400 000","DOUGLAS","3","Commercial","11/5/2021"
"DISCOVER TN REALTY LLC","MALONE DRIVE  311","127A","A","015.00","000","127A A 01500 000","GREEN ACRES NO. 1","01-3","Commercial","8/5/2026"
"DIXON BRANDON","NEW SHACKLE ISLAND RD  160","160L","F","029.00","000","160L F 02900 000","","","Commercial","8/3/2005"
"DLG RE LLC","HARTSVILLE PIKE  590","113M","E","021.00","000","113M E 02100 000","SCHAMBERGER & ALLEN","LIST","Commercial","4/20/2010"
"DLT LLC","31W HWY  3812","075","","021.05","000","075    02105 000","DELTON WEBB FARM","","Commercial","8/15/2025"
"DLT LLC","LOUISE DRIVE  101","077N","B","002.00","000","077N B 00200 000","KNOLLWOOD SUB SEC 1","2","Commercial","8/15/2025"
"DOBSON FRANCINE D","WALTON FERRY ROAD  216","163D","F","007.00","000","163D F 00700 000","","","Commercial","10/16/2002"
"DOHERTY KRISTY ETVIR TODD DOHERTY","EAST MAIN STREET  379","159K","A","020.05","000","159K A 02005 000","WOODLAWN EAST COMM P","3","Commercial","9/22/2023"
"DOLGENCORP INC #2310 DOLLAR GENERAL TAX DEPT C/O","52W HWY  414","034L","A","020.00","000","034L A 02000 000","GUILFORD SUTTLE RESU","2B-2B","Commercial","6/6/2002"
"DONG WEN YANG BING YAO","MAIN STREET WEST  223","126C","H","004.01","000","126C H 00401 000","KING & QUEEN SUB","","Commercial","2/27/2018"
"DONLEY PROP LLC GARROTT PROP LLC","MAPLE STREET  0","126G","B","021.02","000","126G B 02102 000","WADE TRUST","2","Commercial","12/30/2021"
"DONOVAN ENTERPRISES INC","BROADWAY SOUTH  208","033H","H","029.00","000","033H H 02900 000","","","Commercial","10/10/2023"
"DOORS HOLDING 2025 1 LLC","FIELDSTONE DRIVE  419","096H","C","008.00","000","096H C 00800 000","GREYSTONE","99","Commercial","4/24/2025"
"DOORS HOLDINGS 2025 1 LLC","BEXLEY WAY  184","096H","E","022.00","000","096H E 02200 000","","277","Commercial","6/24/2025"
"DOORS HOLDINGS 2025 1 LLC","DEER PATH  576","126O","F","032.00","000","126O F 03200 000","FOXFIRE SEC 4","74","Commercial","4/18/2025"
"DOORS HOLDINGS 2025 1 LLC","MCKAIN XING  147","137G","E","030.00","000","137G E 03000 000","SAUNDERSVILLE STATION PH 7 SEC 2","543","Commercial","9/17/2025"
"DOORS HOLDINGS 2025 1 LLC","HOMESTEAD PLACE WEST  119","144N","A","018.00","000","144N A 01800 000","HOMESTEAD PLACE PHAS","67","Commercial","4/22/2025"
"DOORS HOLDINGS 2025 2 LLC","KINGWOOD LANE  520","096F","G","006.00","000","096F G 00600 000","SPRINGBROOK RESERVE PH3","6","Commercial","12/17/2025"
"DOORS HOLDINGS 2025 2 LLC","KINGWOOD LANE  544","096F","G","012.00","000","096F G 01200 000","SPRINGBROOK RESERVE PH3","12","Commercial","12/17/2025"
"DOORS HOLDINGS 2025-2 LLC","WENTWORTH DRIVE  1372","114J","H","008.00","000","114J H 00800 000","RESERVE PH3","10","Commercial","10/7/2025"
"DORIAN FUND 1 HENDERSONVILLE LLC","WEST MAIN STREET  580","160N","C","028.00","000","160N C 02800 000","CORONADO CENTER SEC","3","Commercial","1/9/2025"
"DORLEY MARY CHRISTINE DORLEY MOMOLU S","PARK AVENUE EAST  156","126F","J","010.00","000","126F J 01000 000","SUNSET VIEW","0012","Commercial","3/17/2022"
"DORRIS DAVIS RAY DORRIS ANNA LORRE ETUX","LONGLEAF DRIVE  1233","112","","017.08","001","112    01708 001","DAVID BRADLEY EST-GA","2","Commercial",""
"DORRIS DAVIS RAY DORRIS ANNA LORRE ETUX","FACTORY STREET  124","126F","G","022.00","000","126F G 02200 000","RAY DORRIS SUB","1","Commercial","6/13/2006"
"DORRIS DAVIS RAY DORRIS ANNA LORRE ETUX","WATER AVENUE SOUTH  574","126F","L","001.02","000","126F L 00102 000","FITZGERALD SUB","1","Commercial","6/13/2006"
"DORRIS HENRY C ETUX ANNE S CROWN CASTLE SOUTH C/O","WILLIAMSON ROAD  1030","141","","006.05","000","141    00605 000","","","Commercial","9/5/2012"
"DORRIS KYLE WAYNE","SOUTH BROADWAY  621","033P","A","008.00","000","033P A 00800 000","KYLE DORRIS","1","Commercial","3/25/2010"
"DORSEY TOMMY GLENN","OLD SHACKLE ISLAND RD  145","160M","B","029.00","000","160M B 02900 000","","","Commercial","2/24/2026"
"DOSHI MINAKSHI","JACKSON ST W 149","113K","K","021.00","000","113K K 02100 000","WALLACE","IST","Commercial","4/10/2018"
"DOUBLE OAK PROPERTIES LLC","BUSINESS COURT  101","160N","C","039.04","000","160N C 03904 000","H'VILLE BUSINESS PK","7","Commercial","9/29/2025"
"DOUBLE STAR INC","LONG HOLLOW PIKE  600","126B","A","012.00","000","126B A 01200 000","","","Commercial","5/30/2019"
"DOUBLE STAR INC","NASHVILLE PIKE  1333","136","","038.00","000","136    03800 000","LOWES HOME CENTERS I","3","Commercial","8/27/2018"
"DOUBLE STAR INC","NEW SHACKLE ISLAND RD  79","160N","C","039.02","000","160N C 03902 000","HENDERSONVILLE PARK","1","Commercial","5/30/2019"
"DOUDS MULLIGAN LLC","HILLS DALE DRIVE  113","160A","C","010.00","000","160A C 01000 000","TWIN VALLEY","51","Commercial","9/12/2014"
"DOVIE HOLDINGS LLC","GREENLEA BLVD  1760","125","","019.12","000","125    01912 000","PRIMROSE SCHOOL","1","Commercial","6/8/2023"
"DOWD PROPERTIES LLC","GINGERWOOD LANE  391","138G","J","061.00","000","138G J 06100 000","DURHAM FARMS PH 2 SEC 27","1377","Commercial","10/24/2022"
"DOWD PROPERTIES LLC - TODD","GOLDEN MEADOW LANE  464","138G","J","046.00","000","138G J 04600 000","DURHAM FARMS PH 2 SEC 27","1362","Commercial","11/22/2022"
"DOWELL'S RENTERPRISE LLC","PERROLEE STREET  420","113M","A","004.01","000","113M A 00401 000","WESTLAND HEIGHTS ADDITION","4+5","Commercial","10/13/2020"
"DOWELLS RENTERPISE LLC","ROGERS ROAD  759","127A","E","027.00","000","127A E 02700 000","EASTMEADE","15","Commercial","7/29/2022"
"DOWELLS RENTERPRISE LLC","OLD DOUGLAS RD  455","104","","089.00","000","104    08900 000","","","Commercial","12/22/2016"
"DOWELLS RENTERPRISE LLC","ALPHA DRIVE  154","112B","A","021.00","000","112B A 02100 000","EASTWOOD ESTATES","20","Commercial","12/22/2016"
"DOWELLS RENTERPRISE LLC","ALPHA DRIVE  152","112B","A","022.00","000","112B A 02200 000","EASTWOOD ESTATES","21","Commercial","7/17/2019"
"DOWELLS RENTERPRISE LLC","WINDING WAY CIRCLE  1501","112E","B","041.00","000","112E B 04100 000","SUNNYMEADE SEC. 5","54","Commercial","12/3/2020"
"DOWELLS RENTERPRISE LLC","RIDGEWOOD COURT EAST  1503","112L","A","013.00","000","112L A 01300 000","SUNNYMEADE S/D SEC 1","133","Commercial","2/5/2021"
"DOWELLS RENTERPRISE LLC","CARSON STREET  503","113J","D","002.00","000","113J D 00200 000","CLEARVIEW HTS. NO. 4","42-44","Commercial","12/29/2022"
"DOWELLS RENTERPRISE LLC","CARSON STREET  507","113J","D","003.00","000","113J D 00300 000","CLEARVIEW HTS. NO. 4","IST","Commercial","2/4/2022"
"DOWELLS RENTERPRISE LLC","ANTHONY STREET  662","113J","D","036.00","000","113J D 03600 000","CLEARVIEW HTS. NO. 4","47-50","Commercial","12/29/2022"
"DOWELLS RENTERPRISE LLC","ANTHONY STREET  518","113J","G","023.00","000","113J G 02300 000","CLEARVIEW HTS. NO. 1","IST","Commercial","6/21/2022"
"DOWELLS RENTERPRISE LLC","TROUSDALE AVENUE  231","126A","D","003.00","000","126A D 00300 000","MEADOWBROOK ADD. 1","0016","Commercial","12/22/2016"
"DOWELLS RENTERPRISE LLC","RED RIVER ROAD  657","126B","A","016.00","000","126B A 01600 000","","","Commercial","8/26/2020"
"DOWELLS RENTERPRISE LLC","JOHNSON STREET  840","126N","A","007.00","000","126N A 00700 000","HALEWOOD EST. ADD. 3","0043","Commercial","11/16/2018"
"DOWELLS RENTERPRISE LLC","ROGERS ROAD  805","127A","E","025.00","000","127A E 02500 000","EAST MEADE S/D","0013","Commercial","10/18/2019"
"DOWELLS RENTERSPRISE LLC","EDGEWOOD DRIVE  1178","135D","E","022.00","000","135D E 02200 000","SPRINGBROOK SEC 2 RES 27-54","36","Commercial","10/25/2021"
"DOWELLS RENTERSPRISE LLC","EDGEWOOD DRIVE  1175","135D","E","039.00","000","135D E 03900 000","SPRINGBROOK SEC 2 RES 27-54","35","Commercial","10/25/2021"
"DOWLAND JAMES A & GWEN B TR RBGD FAMILY TRUST","NASHVILLE PIKE  663","126G","C","011.00","000","126G C 01100 000","LACKEY ADD","4-6","Commercial","5/28/2024"
"DOWLAND JAMES A & GWEN B TRS OF RBDG FT","CREEKSIDE COURT","113P","G","025.00","000","113P G 02500 000","CREEKVIEW SEC 1","67","Commercial","10/31/2025"
"DOWLAND JAMES A & GWEN B TRS OF RBDG FT","WALNUT CREST DR  154","126A","F","032.00","000","126A F 03200 000","CREEKVIEW SEC 1","32","Commercial","10/31/2025"
"DOWLING CRAIG","KASPER WAY  500","141M","A","002.00","000","141M A 00200 000","MANSKER IND PARK SEC","4","Commercial","12/30/2022"
"DOWNEY JAMES MICHAEL DOWNEY LAUREN ETUX","BOILING SPRINGS ROAD  481","059","","083.00","001","059    08300 001","DOWNEY SPRINGS SUB","1","Commercial","6/29/2022"
"DOX PROPERTIES LLC","109N HWY  1056","113","","035.01","000","113    03501 000","R TERRY S/D-TERRY S/","1A-3","Commercial","10/20/2025"
"DRAKE PLAZA PARTNERSHIP WILLIAM C BOYERS C/O","WEST MAIN STREET","163D","C","012.00","000","163D C 01200 000","","","Commercial","3/7/1996"
"DRAKES CREEK HOLDINGS LLC","CHEROKEE ROAD 130 EXT  0","159I","D","027.00","001","159I D 02700 001","MARTINS OAK","","Commercial","6/24/2019"
"DRAKES CREEK HOLDINGS LLC","EAST MAIN STREET  162","159I","D","028.00","000","159I D 02800 000","MARTINS OAK SEC 1-MA","1-1","Commercial","6/24/2019"
"DRAKES CREEK HOLDINGS LLC","EAST MAIN STREET  164","159I","D","029.00","000","159I D 02900 000","164 EAST MAIN ST","","Commercial","6/24/2019"
"DRAKES CREEK HOLDINGS LLC","EAST MAIN STREET  166","159I","D","030.00","000","159I D 03000 000","MARTINS OAK SEC II","1","Commercial","6/24/2019"
"DRAKES CREEK PARTNERS LLC","NEW SHACKLE ISLAND RD  231","160E","G","001.00","000","160E G 00100 000","","","Commercial","7/22/2024"
"DRAKEWOOD ASSOCIATES L P JCH PROPERTY MANAGEMENT C/O","52E HWY  501","033","","078.03","000","033    07803 000","JCH DEVELOPMENT CO I","","Commercial","3/26/1990"
"DRIFTWOOD LLC","CURTIS CROSS ROADS  116","170M","E","019.00","000","170M E 01900 000","DRIFTWOOD MH PARK","","Commercial","5/31/2013"
"DT RETAIL PROPERTIES LLC","WEST MAIN STREET  180","159I","F","018.00","000","159I F 01800 000","","","Commercial","12/8/2015"
"DUENSING MATTHEW ESQ TR MCNAUGHTEN JOY LAMBERSON","VOLUNTEER DRIVE 126-128  0","159I","B","031.02","000","159I B 03102 000","OAKVALE INDUSTRIAL PARK","6-7","Commercial","3/31/2009"
"DUFFY BRIAN R FENSTERMACHER JAQUELINE","MALLARD DRIVE  115","160O","A","011.00","000","160O A 01100 000","FOREST RETREAT","8","Commercial","7/12/2022"
"DUGGER KEITH YOUNG LAURA & CHRIS DUGGER","MIDTOWN COURT  108","160M","A","006.06","000","160M A 00606 000","MIDTOWN CENTER SEC.-","0008","Commercial","5/31/2018"
"DUKE ROBERT S","WEST MAIN STREET","161","","045.00","000","161    04500 000","","","Commercial","11/21/2003"
"DUMITRESCU FLORIN DUMITRESCU GINA ETUX","MORRISON STREET  266","126F","D","006.00","000","126F D 00600 000","","","Commercial","1/22/2015"
"DUNCAN PROPERTIES LLC","LOUISVILLE HWY  1267","121","","145.00","000","121    14500 000","","","Commercial","4/30/2026"
"DUNCAN PROPERTIES LLC","VOLUNTEER DRIVE 132 A&B  132","159I","B","031.00","000","159I B 03100 000","OAKVALE INDUSTRIAL PARK","9","Commercial","7/1/2015"
"DUNHAM MARK T DUNHAM MEREDITH I ETUX","TRICIA AVENUE  3120","044F","B","002.00","000","044F B 00200 000","","","Commercial","7/22/2021"
"DUNLAP & KYLE TIRE CO INC","HANCOCK STREET  380","126J","B","014.00","000","126J B 01400 000","SOUTHWEST DEVELOPERS","19","Commercial","3/3/1999"
"DUNLAP STEVEN C DUNLAP JENNIFER RENEE ETUX","LONG HOLLOW PIKE  604","126B","A","011.00","000","126B A 01100 000","DUNLAP JUNCTION","2","Commercial","6/9/2015"
"DUNN TERESA","EASTLAND STREET WEST  427","113O","L","004.00","000","113O L 00400 000","RANDOLPH SUB","0007","Commercial","9/19/2016"
"DUNN TERRY LEE TAMELA LEE","NORTH BROADWAY  449","033A","B","008.01","000","033A B 00801 000","CHAMBERLAIN PROPERTI","2","Commercial","4/5/2001"
"DURHAM EARL RAY ETUX SHIRLEY R","BROADWAY EAST  1416","112H","A","032.00","000","112H A 03200 000","GALLATIN MALL","IST","Commercial","4/24/1986"
"DURHAM JAMES RODNEY III ETUX DEBBIE 3-D CORPORATION","WEST MAIN STREET  313","163D","C","015.04","000","163D C 01504 000","DAVIS MAXWELL SEC 2","3B","Commercial","8/25/2020"
"DURHAM JAMES RODNEY III ETUX DEBBIE 3-D CORPORATION","WEST MAIN STREET  311","163D","C","015.05","000","163D C 01505 000","DAVIS MAXWELL SEC 1","3A","Commercial","8/25/2020"
"DUROCHER RICHARD D","SOUTH BROADWAY  605","033P","A","010.00","000","033P A 01000 000","","","Commercial","1/3/2020"
"DYER FAMILY TRUST 2024","KATHY CIRCLE  714","126P","D","027.00","000","126P D 02700 000","JACOB HEIGHTS","20","Commercial","5/11/2026"
"DYER FAMILY TRUST 2024","CAIRO ROAD  1614","127","","044.01","000","127    04401 000","ROBERT L DYER ETUX","1","Commercial","5/11/2026"
"E PHILLIPS INVESTMENTS LLC","LESA DRIVE  0","163E","B","006.00","000","163E B 00600 000","FERGUSSON ACRES","27","Commercial","5/29/2019"
"E PHILLIPS INVESTMENTS LLC","LESA DRIVE  0","163E","B","007.00","000","163E B 00700 000","FERGUSSON ACRES","26","Commercial","5/29/2019"
"E2 PROPERTIES LLC","NORTH BROADWAY  421","033A","B","015.00","000","033A B 01500 000","GARY KELLY PROP","1","Commercial","9/3/2024"
"EAGLE HOMES LLC","HANCOCK STREET  234","126J","B","002.00","000","126J B 00200 000","SOUTHWEST DEVELOPERS","2","Commercial","11/12/2021"
"EALEY GARY","ROCKLAND ROAD  339","160","","052.02","004","160    05202C004","WESLEY PROPERTY","","Commercial","7/12/1989"
"EALEY GARY ETUX MICHELE K","LOUISE DRIVE  204","160O","D","006.01","000","160O D 00601 000","OLD HICKORY HEATING","1-1A","Commercial","9/24/2009"
"EATHERLY J D","CANFIELD PLACE  114","160M","C","023.00","000","160M C 02300 000","HENDERSONVILLE COURT","","Commercial","8/4/1998"
"EBENEZER CONSTRUCTION LLC","SIDEVIEW ROAD  142","090","","022.03","000","090    02203 000","","","Commercial","9/24/2020"
"EDMONDS MICHAEL C EDMONDS SHERRIE L ETUX","BLAKEMORE AVENUE NORTH  337","113O","K","010.00","000","113O K 01000 000","VERTRESS TERRACE","IST","Commercial","12/21/2006"
"EDMONTON STATE BANK","EAST MAIN STREET  721","146","","066.02","000","146    06602 000","WINSTON HILLS PH 7","3","Commercial","3/9/2023"
"EDMONTON STATE BANK ATTN: SUZANNA FISHER","BROADWAY WEST  250","126C","A","001.00","000","126C A 00100 000","ESB SUBDIVISION","1","Commercial","1/31/2025"
"EDMONTON STATE BANK ATTN: SUZANNA FISHER","BROWNS LANE  780","136","","012.00","000","136    01200 000","","1","Commercial","12/30/2014"
"EDMONTON STATE BANK ATTN: SUZANNA FISHER","INDIAN LAKE BLVD  255","145","","070.05","000","145    07005 000","INDIAN LAKE VILLAGE","22","Commercial","9/30/2008"
"EDWARD ALAN BRADY LLC","BRILEY LANE  385","015","","031.00","000","015    03100 000","385 BRILEY LANE PROP.","1","Commercial","6/16/2023"
"EDWARD ALAN BRADY LLC","WEST MARKET STREET  503","033H","F","024.00","000","033H F 02400 000","","","Commercial","6/22/2021"
"EDWARD ALAN BRADY LLC","SOUTH RUSSELL STREET  1267","039","","016.00","000","039    01600 000","","","Commercial","6/30/1998"
"EDWARD ALAN BRADY LLC","SOUTH RUSSELL STREET  1263","039","","016.01","000","039    01601 000","","","Commercial","3/22/2023"
"EDWARD ALAN BRADY LLC","SOUTH BROADWAY  817","039B","A","016.00","000","039B A 01600 000","817 S BROADWAY PROPERTY","1","Commercial","7/21/2026"
"EDWARD ALAN BRADY LLC","SOUTH BROADWAY  815","039B","A","017.00","000","039B A 01700 000","","","Commercial","7/21/2026"
"EDWARD ALAN BRADY LLC","KEYTOWN ROAD  585","060","","035.06","000","060    03506 000","KADEN ESTATES","1","Commercial","12/8/2023"
"EDWARDS JAMES W","EAST MAIN STREET  177","164A","C","013.00","005","164A C 01300C005","HAZEL PATH SEC 2","2 UNIT 5","Commercial","5/13/2010"
"EDWARDS JAMES W","EAST MAIN STREET  177","164A","C","013.00","006","164A C 01300C006","HAZEL PATH SEC 2","2 UNIT 6","Commercial","5/13/2010"
"EDWARDS MICHAEL W","EAST MAIN STREET  177","164A","C","013.00","002","164A C 01300C002","HAZEL PATH SUB SEC 2","2 UNIT 2","Commercial","5/1/1996"
"EDWARDS MICHAEL W","EAST MAIN STREET  177","164A","C","013.00","003","164A C 01300C003","HAZEL PATH SUB SEC 2","2 UNIT 3","Commercial","5/1/1996"
"EEG INVESTING LLC","FRANCES STREET  125","112I","A","018.00","000","112I A 01800 000","SUNSET PARK","IST","Commercial","6/7/2023"
"EFC WINDSONG LLC","MAHARRIS DRIVE PVT  207","135C","E","009.00","000","135C E 00900 000","WINDSONG","9","Commercial","6/23/2022"
"EL SALTO INC","BONITA PKWY  108","159K","A","023.02","000","159K A 02302 000","MAPLES COMMERCIAL LOT 6","6","Commercial","12/27/2023"
"ELAM COMPANY THE","WEST MAIN STREET  333","163D","B","018.00","000","163D B 01800 000","","","Commercial","2/11/2002"
"ELBERSON KATHLEEN DAWN","ANDERSON LANE  159","159N","G","016.00","000","159N G 01600 000","LARUE HEIGHTS SEC 2","16","Commercial","4/5/2016"
"ELLIOTT PROPERTY HOLDINGS LLC","INNOVATION WAY  217","160M","A","005.06","000","160M A 00506 000","HENDERSONVILLE BUSINESS PARK RESUB","11","Commercial","12/1/2025"
"ELLIS LEWIS G ETUX ELLIS CATHIE","ANDERSON LANE  183","159N","G","005.00","000","159N G 00500 000","LARUE HEIGHTS","5","Commercial","8/2/1993"
"ELLIS TRUITT CLAYTON TR TCE 2025 EXEMPT IR TR & BRENT PENNINGTON","INDIAN LAKE ROAD  133","159O","D","032.00","000","159O D 03200 000","MAPLE ROW BLVD.","32","Commercial","3/1/2025"
"ELSTEN THOMAS J JR ELSTEN THOMAS J III","POWELL DRIVE  127","163D","B","025.00","000","163D B 02500 000","C L POWELL","11,PO10","Commercial","3/23/2018"
"ELSTON GROUP LLC","DRAKES CREEK ROAD  1613","138G","D","035.00","000","138G D 03500 000","DURHAM PH 1 SEC 19","164","Commercial","6/27/2024"
"ELTITI GHENWA","31W HWY  2790","097","","003.00","000","097    00300 000","","","Commercial","12/28/2023"
"ELTITI GHENWA MOHAMMED","BROADWAY SOUTH  113","033H","G","013.00","000","033H G 01300 000","","","Commercial","12/29/2023"
"ELY RANDALL K & RONALD P COLCOL JR","HARLAN AVENUE  120","163D","C","023.00","000","163D C 02300 000","WHEELER ADDN RESUB 11-13","1","Commercial","1/12/2023"
"EM 383 INVESTMENT LLC","EAST MAIN STREET  383","159K","A","020.00","000","159K A 02000 000","WOODLAWN EAST COMM P","1&2","Commercial","10/5/2018"
"EMANUEL HOME SALE LLC","BONITA AVENUE  225","126N","E","034.00","000","126N E 03400 000","LONGVIEW ESTATE 2ND ADDN","LIST","Commercial","12/18/2023"
"EMANUEL HOME SALE LLC","ROCKWOOD TERRACE  126","135A","G","005.00","000","135A G 00500 000","ROCKWOOD TERRACE","5","Commercial","10/16/2024"
"EMANUEL HOME SALE LLC","ROBERTA DRIVE  226","171D","B","031.00","000","171D B 03100 000","DELRAY PARK ESTATES","64","Commercial","7/6/2023"
"EMERALD OASIS LANDSCAPE & IRRIGATION LLC","HANCOCK STREET  307","126O","D","001.01","000","126O D 00101 000","SOUTHWEST DEV PR REP","6B","Commercial","8/2/2023"
"EMEZI JAMIKE & VINCENT RODRIGUEZ","ANDERSON LANE  179","159N","G","003.00","000","159N G 00300 000","LARUE HEIGHTS","3","Commercial","7/14/2023"
"EMPIRE ENTERPRISES LLC & EQUITY TRUST CO FBO CHRISTIAN & KELLY JANUSIEWICZ","NEW SHACKLE ISLAND RD  71","160N","C","030.00","000","160N C 03000 000","","","Commercial","7/11/2025"
"ENBRIGHT CREDIT UNION","INDIAN LAKE BLVD  270","145","","078.03","000","145    07803 000","INDIAN LAKE VILLAGE-","12-12","Commercial","2/13/2019"
"ENGLAND BILLY ETUX JANET","VULCO DRIVE 171A-B  0","170M","C","003.00","000","170M C 00300 000","LAKESIDE PARK SEC 4","120","Commercial","6/30/2026"
"ENGLAND BILLY ETUX JANET ENGLAND","INGRID WAY","159H","A","020.00","000","159H A 02000 000","COLONIAL ACRES SEC 3","163","Commercial","11/25/2002"
"ENGLAND JEANETTE LYRENE","ACADEMY ROAD  3017","072","","003.13","001","072    00313 001","","","Commercial","8/11/1994"
"EPIC AGENCY LLC","SAUNDERSVILLE RD  117","145","","075.00","203","145    07500C203","INDIAN LAKE VILLAGE-","33","Commercial","2/13/2026"
"EQRT 1500 SHOALS LP C/O FIVE RADNOR CORP CTR","SHOALS WAY  1500","018","","015.02","000","018    01502 000","","","Commercial","8/6/2024"
"EQUITY TRUST CO CUST FBO CHARLES COX IRA","WALTON FERRY ROAD  218","163D","F","006.00","000","163D F 00600 000","","","Commercial","7/26/2013"
"ERC PROPERTIES LLC","CENTER POINT ROAD  1041","160","","002.02","000","160    00202 000","","","Commercial","5/24/2024"
"ERHARD ZACHARY ALAN ERHARD KYNDLE SUE ETUX","MAIN STREET WEST  517","126G","B","016.00","000","126G B 01600 000","OAK GROVE FARMS COMBINE 3 LOTS","1","Commercial","12/23/2020"
"ERLEWINE CRAIG D ERLEWINE DOREEN E ETUX","ELLETA STREET  115","126K","G","005.00","000","126K G 00500 000","LONGVIEW ESTATES A","7","Commercial","1/10/2017"
"ERLEWINE CRAIG D ERLEWINE DOREEN E ETUX","ELLETA STREET  117","126K","G","006.00","000","126K G 00600 000","LONGVIEW ESTATES A","8","Commercial","2/4/2016"
"ERNST HOSPITALITY CORP","VILLAGE GREEN XING  980","126I","A","026.00","000","126I A 02600 000","VILLAGE GREEN CROSSI","1A-1A","Commercial","1/4/2001"
"ERNST HOSPITALITY CORPORATION","SAUNDERSVILLE ROAD  111","145","","086.00","000","145    08600 000","INDIAN LAKE VILLAGE","3","Commercial","6/30/2008"
"ERNST WESTERN CORPORATION","EAST MAIN STREET  744","146","","060.00","000","146    06000 000","ERNST WESTERN CORP","1","Commercial","11/4/1994"
"ESPELETA FERDINAND RONALD H BICE JR CO-TRS","HUNT CLUB BLVD  1525","146F","A","004.00","003","146F A 00400C003","HUNT CLUB SEC 2","4","Commercial","8/15/2011"
"ESPINOSA-ORIHUELA PATRICIA CRUZ IVAN","BLYTHE AVENUE  701","113K","A","011.00","000","113K A 01100 000","CLASSIC BROADCASTING","1A-1","Commercial","9/9/2022"
"ETLINGER FRANK C ETUX SHERYL A","WATER AVENUE SOUTH  1100","135C","C","001.00","000","135C C 00100 000","LONGVIEW ESTATE ADD 3","1,PO2","Commercial","8/16/2000"
"EVANS JO H","MAIN STREET EAST  420","113M","J","012.00","000","113M J 01200 000","WOODSON TERRACE","1","Commercial","1/21/2026"
"EVANS JO H","SHIVEL DRIVE  115","163D","C","025.00","000","163D C 02500 000","SHIVEL ADDN TO HENDERSONVILLE","LIST","Commercial","10/16/2014"
"EVANS JOHN B","MAPLE STREET  105","160M","A","020.00","000","160M A 02000 000","JOHN B EVANS SUB","1","Commercial","6/10/2026"
"EVERCORE PROPERTIES LLC","PORTLAND BOULEVARD  354","033B","B","027.00","000","033B B 02700 000","SMITH-HAYES S/D, SEC","IST","Commercial","2/1/2017"
"EVERCORE PROPERTIES LLC","STRAWBERRY STREET  206","033I","D","020.01","000","033I D 02001 000","KING-PURYEAR","1-2","Commercial","2/1/2017"
"EVERCORE PROPERTIES LLC","STRAWBERRY STREET  206","033I","D","020.02","000","033I D 02002 000","KING","2","Commercial","2/1/2017"
"EVERCORE PROPERTIES LLC","DEMOSS STREET  714","113J","E","001.00","000","113J E 00100 000","CLEARVIEW HTS. NO. 4","IST","Commercial","4/29/2015"
"EVERCORE PROPERTIES LLC","CHAMBERS STREET  516","113J","G","030.00","000","113J G 03000 000","CLEARVIEW HTS. NO. 2","39-44","Commercial","12/31/2015"
"EVERCORE PROPERTIES LLC","NORTHVIEW AVENUE  723","113K","D","008.00","000","113K D 00800 000","LANGFORD HGTS #1 SEC","IST","Commercial","4/29/2015"
"EVERCORE PROPERTIES LLC","BLAKEMORE AVENUE NORTH  214","126B","B","011.00","000","126B B 01100 000","","","Commercial","9/29/2021"
"EVERCORE PROPERTIES LLC","BLAKEMORE AVENUE NORTH  222","126B","B","013.00","000","126B B 01300 000","","","Commercial","10/1/2021"
"EVERCORE PROPERTIES LLC","TRINA STREET  403","126K","N","010.00","000","126K N 01000 000","URBANDALE ADD NO 5","0009","Commercial","12/15/2022"
"EVERCORE PROPERTIES LLC","CARDEN STREET  111","159I","C","013.00","000","159I C 01300 000","OAKVALE SEC 2","126","Commercial","4/29/2015"
"EVERCORE PROPERTIES LLC","HUNTERS TRAIL  112","159I","F","007.01","000","159I F 00701 000","NOKES HEIGHTS ADDN #2","97-98","Commercial","6/12/2015"
"EVERCORE PROPERTIES LLC","PEBBLE CREEK DRIVE  113","160E","B","056.00","000","160E B 05600 000","PEBBLE CREEK ESTS","7","Commercial","4/29/2015"
"EVERCORE PROPERTIES LLC","ROCKLAND ROAD  232","163C","A","009.00","000","163C A 00900 000","","","Commercial","4/29/2015"
"EVERCORE PROPERTIES LLC","WOODYSIDE DRIVE  110","164P","E","008.00","000","164P E 00800 000","SUNRISE ESTATES","76","Commercial","7/7/2016"
"EVERCORE PROPERTIES LLC ATTN: CARLOS Y REYES","WESTLAND AVENUE NORTH  126","113M","J","017.00","000","113M J 01700 000","","","Commercial","1/13/2023"
"EVERETTE DANNY L AARON CHADICK JR","NORTH RUSSELL STREET  132","033A","D","005.00","000","033A D 00500 000","","","Commercial","12/16/1994"
"EVERETTE DANNY LEE","NORTH RUSSELL STREET  126","033A","D","003.00","000","033A D 00300 000","","","Commercial","1/15/1988"
"EXAMINER COURT HOLDINGS LLC","EXAMINER COURT  1","126I","A","019.00","000","126I A 01900 000","SUMNER HALL SEC III","IST","Commercial","9/15/2025"
"EXCHANGERIGHT NET LEASED PORTFOLIO 28 LLC","SAUNDERSVILLE ROAD  0","145","","071.02","000","145    07102 000","INDIAN LAKE VILLAGE PH 5","24","Commercial","11/19/2024"
"EXECUTIVE HOUSE LLC","BLEDSOE STREET EAST  550","126D","C","005.00","000","126D C 00500 000","SUMNER REGIONAL MEDI","1C","Commercial","12/29/2020"
"EXTRA SPACE PROPERTIES TWO LLC C/O DELOITTE","WALTON FERRY ROAD  134","163D","C","002.00","000","163D C 00200 000","","","Commercial","9/27/2024"
"EYECARE REAL ESTATE LLC","WEST MAIN STREET  386","160M","A","013.00","000","160M A 01300 000","","","Commercial","7/6/2018"
"F & G SHIRAZ LLC","BROADWAY WEST  134","126C","A","016.00","000","126C A 01600 000","BROOKS RENTAL CO INC","3-LIST","Commercial","1/26/2018"
"F & P ENTERPRISES LLC","WEST MARKET STREET  604","034E","B","019.01","000","034E B 01901 000","THOMAS JONES PROP","","Commercial","8/28/2008"
"F&M BANK","INDIAN LAKE BLVD  221","159B","C","003.00","000","159B C 00300 000","INDIAN LAKE SEC 13","21","Commercial","4/11/2024"
"F&S REAL ESTATE HOLDING CO LLC","MAPLE ROW BOULEVARD  120","159O","D","013.00","000","159O D 01300 000","MAPLE ROW BLVD.","13","Commercial","7/7/2017"
"FALCON LAND LLC & DEVILLE LAND LLC","MAPLE DR N 179","159J","A","054.00","000","159J A 05400 000","SHOLODGE TRACT B SUBDIVISION","1","Commercial","10/2/2025"
"FANN STEPHEN D","GRAY STREET WEST  110","113K","K","005.00","000","113K K 00500 000","420 NORTH WATER MH P","","Commercial","6/18/2025"
"FANN STEPHEN DWIGHT","25E HWY  2325","111","","015.00","000","111    01500 000","","","Commercial","12/3/2010"
"FANN STEPHEN DWIGHT","MAIN STREET WEST  312","126G","A","026.00","000","126G A 02600 000","STRIP CENTER/MIRACLE","","Commercial","12/12/2015"
"FANN STEVE","KEMP ROAD  489","112L","A","030.00","000","112L A 03000 000","SUNNYMEADE S/D SEC 1","150","Commercial","7/25/2012"
"FANN STEVE D","31E HWY  3901","067","","002.01","000","067    00201 000","","","Commercial","10/5/2020"
"FARAGALLA BASANT","WATER AVENUE SOUTH  617","126F","K","003.00","000","126F K 00300 000","","","Commercial","7/8/2025"
"FARMER STEPHEN D","BLEDSOE DRIVE  107","164G","D","004.00","000","164G D 00400 000","SARAH BERRY ANNEX 4 SEC 2","56","Commercial","4/28/2015"
"FARMERS BANK","LOUISVILLE HWY  1250","121","","063.00","000","121    06300 000","FARMERS BANK","1","Commercial","9/5/2003"
"FARMERS BANK ATTN ANDY NASH","INDIAN LAKE BLVD  197","159J","A","049.00","000","159J A 04900 000","INDIAN LAKE SEC 14","28","Commercial","4/15/2025"
"FARMERS BANK OF PORTLAND","VILLAGE DRIVE  120","033P","A","011.00","000","033P A 01100 000","","","Commercial","7/23/2008"
"FARMERS BANK THE","VILLAGE DRIVE  121","033P","A","013.01","000","033P A 01301 000","LARRY & WANDA COLLIN","1","Commercial","6/1/2015"
"FARMERS CO-OP OF SUMNER CO","N OLD 109 HWY  1144","104","","094.00","000","104    09400 000","COBBS LANE SUB-REVIS","2","Commercial","7/2/1969"
"FASTER HORSES","EASTOVER STREET  324","113F","A","027.00","000","113F A 02700 000","LANGFORD HGTS #2","03-5","Commercial","5/15/2023"
"FASTER HORSES","CREEKSIDE COURT","113P","G","026.00","000","113P G 02600 000","CREEKVIEW SEC. 1","66","Commercial","5/15/2023"
"FASTER HORSES","DONNA DRIVE  303","163L","C","026.00","000","163L C 02600 000","HICKORY VILLAGE SEC 1","42","Commercial","8/4/2023"
"FASTER HORSES GP","LASSITER DRIVE  2004","120K","B","019.00","000","120K B 01900 000","NORTH POINTE PHASE I","94","Commercial","2/24/2026"
"FCPT HOLDINGS LLC","INDIAN LAKE BLVD  310","145","","077.00","000","145    07700 000","INDIAN LAKE VILLAGE-","8-8","Commercial","8/8/2018"
"FCPT HOLDINGS LLC % BRINKER INTL C/O","VILLAGE GREEN DRIVE  600","126I","A","027.00","000","126I A 02700 000","VILLAGE GREEN CROSSI","1A-1","Commercial","8/8/2018"
"FEDORCHEK PAUL GILBERT TR FEDORCHEK NICOLE DIRUHI TR","LOWES PLAZA  120","159J","A","038.00","000","159J A 03800 000","INDIAN LAKE CENTER PH 4 RES 5B","5B","Commercial","6/29/2021"
"FELDER ANDREW","SAUNDERSVILLE ROAD  174","145","","093.00","401","145    09300C401","","","Commercial","1/27/2016"
"FENGATE TOWERS US I, LLC","52E HWY  3811","029","","060.00","001","029    06000 001","","","Commercial","7/18/2016"
"FENNELL PATRICK S ETUX VICKI D","BROADWAY EAST  1368","112H","A","007.00","000","112H A 00700 000","GALLATIN MALL","5-7","Commercial","6/18/1997"
"FENNELL PATRICK SHAWN ETUX VICKIE DENENE","COTTON STREET","112H","B","031.00","000","112H B 03100 000","COUNTRY CLUB MALL","6","Commercial","3/4/1996"
"FENNELL PATRICK SHAWN FENNELL VICKI D ETUX","BROADWAY EAST  1380","112H","A","012.00","000","112H A 01200 000","GALLATIN MALL","IST","Commercial","11/3/2022"
"FENNELL SHAWN ETUX VICKI","COTTON STREET","112H","B","032.00","000","112H B 03200 000","COUNTRY CLUB MALL","6-10","Commercial","1/17/2003"
"FENNELL SHAWN ETUX VICKI","COTTON STREET","112H","B","033.00","000","112H B 03300 000","COUNTRY CLUB MALL","1-5","Commercial","1/17/2003"
"FENNELL SHAWN ETUX VICKI","31E HWY","112H","B","034.00","000","112H B 03400 000","COUNTRY CLUB MALL","3-LIST","Commercial","1/17/2003"
"FENNELL SHAWN ETUX VICKI","31E HWY","112H","B","036.00","000","112H B 03600 000","COUNTRY CLUB MALL RE","5-LIST","Commercial","1/17/2003"
"FENNELL SHAWN ETUX VICKIE","31E HWY","112H","B","035.00","000","112H B 03500 000","COUNTRY CLUB MALL","4","Commercial","1/17/2003"
"FERRARI EMILY FERRARI TIMOTHY ETVIR","MASON STREET  109","019P","A","005.00","000","019P A 00500 000","EVERGREEN SUB HWY 52","189","Commercial","2/23/2022"
"FERRARI EMILY FERRARI TIMOTHY ETVIR","MASON STREET  112","019P","A","021.00","000","019P A 02100 000","EVERGREEN SUB HWY 52","205","Commercial","2/23/2022"
"FERRELL BRENT FERRELL TAYLOR ETUX","SAUNDERSVILLE ROAD  174","145","","093.00","404","145    09300C404","","","Commercial","4/28/2022"
"FERRELL ROGER D & DEBORAH K FERRELL","SUMNER HALL DRIVE  382","126I","A","010.00","000","126I A 01000 000","SUMNER HALL","2","Commercial","8/16/2012"
"FFT","TULIP CIRCLE  616","112P","A","025.00","000","112P A 02500 000","GREEN ACRES NO 2","1-3","Commercial","4/2/2015"
"FFT","SAVELY DRIVE  262","160F","K","025.00","000","160F K 02500 000","HILLWOOD 4-C PT.II S","90","Commercial","9/22/2015"
"FFT","CRESTMONT DRIVE  113","160K","F","033.00","000","160K F 03300 000","CEDARBROOK TERRACE S","0076","Commercial","11/6/2015"
"FFT JOHN FRIEDMANN C/O","CENTER DRIVE  516","112P","C","032.00","000","112P C 03200 000","GREEN ACRES NO 2","IST","Commercial","5/2/2016"
"FFT JOHN H FRIEDMANN SR C/O","JACKSON STREET EAST  135","113K","G","019.00","000","113K G 01900 000","","","Commercial","6/27/2016"
"FGL INVESTMENTS","ROCKLAND ROAD  339","160","","052.02","003","160    05202C003","WESLEY PROPERTY","2","Commercial","7/11/2013"
"FIELDS GEOFFREY ETUX MARY ALICE","WATER AVENUE SOUTH  1279","135","","020.06","000","135    02006 000","GILLIAM PROP RESUB 1 AND 2","1","Commercial","6/10/2024"
"FIFTH THIRD BANK MD10ATA1","NASHVILLE PIKE  1131","126P","A","025.00","000","126P A 02500 000","WOODLAWN EST NO 2-WO","15-LIST","Commercial","6/11/2004"
"FIFTH THIRD BANK ML#10ATA1","EAST MAIN STREET  380","159J","A","035.00","000","159J A 03500 000","INDIAN LAKE CENTER PH 4 RES 2,3","2A","Commercial","6/11/2004"
"FIFTH THIRD BANK NA MD 10ATA1 CORP FAC","GLENBROOK WAY  1044","144","","103.02","000","144    10302 000","GLENBROOK NORTH SEC","15","Commercial","6/18/2004"
"FINLANDIANV LLC","RAINEAR LANE  140","104","","028.01","001","104    02801 001","","","Commercial","12/14/2021"
"FINLANDIANV LLC","RAINEAR LANE  140","104","","028.01","002","104    02801 002","","","Commercial","12/14/2021"
"FINNELL DENNIS L","NUBIA ROAD  524","005","","024.02","001","005    02402T001","","8","Commercial","11/28/2018"
"FINNEY ANDREW","DOUGLAS LANE  102","104","","002.03","000","104    00203 000","JAMES L MCCORMICK PR","4","Commercial","10/7/2020"
"FINNEY ANDREW L","HARTSVILLE PIKE  532","113M","E","015.00","000","113M E 01500 000","","","Commercial","1/3/2012"
"FINNEY ANDREW L","GREENLEA BLVD  879","136","","018.09","000","136    01809 000","GREENSBORO VILLAGE","1","Commercial","9/9/2016"
"FIREFIGHTERS FIRST FEDERAL CREDIT UNION C/O DIXIE ABRAMIAN","SAUNDERSVILLE ROAD  190","145","","093.02","000","145    09302 000","INDIAN LAKE VILLAGE PH.8 SEC.B RESUB","52","Commercial","6/5/2024"
"FIREFLY PROPERTIES LLC","ROCKLAND ROAD  339","160","","052.02","002","160    05202C002","WESLEY PROPERTY","2","Commercial","1/6/2020"
"FIREMARK LEGACY LLC","MOUNT VERNON ROAD  350","068","","132.00","000","068    13200 000","BRUSHY FORK","4B","Commercial","6/23/2026"
"FIREMARK LEGACY LLC","MOUNT VERNON ROAD  352","068","","132.01","000","068    13201 000","BRUSHY FORK","4A","Commercial","6/23/2026"
"FIRM 1 LLC","LOCUST AVENUE NORTH  126","126C","G","021.01","000","126C G 02101 000","TOWN CREEK RESUB","2","Commercial","5/31/2018"
"FIRST STATE PROPERTIES INC","NASHVILLE PIKE  1135","126P","A","001.00","000","126P A 00100 000","BEL-AIR SEC 1","1","Commercial","2/20/2026"
"FIRST STATE PROPERTIES INC","EAST MAIN STREET  291","159J","A","015.00","000","159J A 01500 000","MAPLE ROW ESTATES SEC 1 REV LT 4","4","Commercial","2/20/2026"
"FIRST TENNESSEE BANK","NASHVILLE PIKE  668","126G","A","002.01","000","126G A 00201 000","ALVIN FORD PROPERTY","1","Commercial","4/10/2019"
"FIRST TENNESSEE BANK #4565 C/O ACCT DEPT","31W HWY  2916","077P","A","008.02","000","077P A 00802 000","ALFRED N CARMAN JR P","","Commercial","5/22/1997"
"FIRST TENNESSEE BANK NAT CORP TAX DEPT R0809","INDIAN LAKE BLVD  216","159B","B","005.00","000","159B B 00500 000","INDIAN LAKE MARKET PH 1 REV","DR","Commercial","4/2/2007"
"FISHBURN CHADWICK L FISHBURN CYNTHIA R ETUX","AUSTIN PEAY HWY  5120","044F","C","009.02","000","044F C 00902 000","","","Commercial","7/7/2020"
"FISHER MICHAEL","109N HWY OLD  1207","104","","062.00","001","104    06200 001","","","Commercial","6/28/2013"
"FITCH DAVID H","BALES STREET  1032","126M","C","011.00","000","126M C 01100 000","","","Commercial","3/5/2021"
"FITCH DAVID H","BALES STREET  1028","126M","C","012.00","000","126M C 01200 000","","","Commercial","3/5/2021"
"FITE JAMES P","LAUDERDALE COURT  0","160O","C","018.00","000","160O C 01800 000","","","Commercial","6/21/2007"
"FITE JEFFREY WAIN & JASON DUANE FITE & JAMES P FITE","WEST MAIN STREET  829","160O","C","010.00","000","160O C 01000 000","","","Commercial","10/10/2000"
"FITZPATRICK BRENNON A TR FITZPATRICK ELIZABETH T TR","INNOVATION WAY  0","160M","A","005.04","000","160M A 00504 000","","1","Commercial","1/17/2018"
"FKH SFR L LP C/O FIRSTKEY HOMES","LAURELWOOD DRIVE  1025","114J","G","012.00","000","114J G 01200 000","RESERVE PH 2","73","Commercial","7/18/2022"
"FKH SFR L LP C/O FIRSTKEY HOMES","SMOKY MOUNTAINS DRIVE  641","148I","A","040.00","000","148I A 04000 000","CUMBERLAND PLACE N SEC 2","108","Commercial","7/13/2022"
"FKH SFR N LP FIRST KEY HOMES LLC","ODIE RAY STREET  159","112H","B","078.00","000","112H B 07800 000","RAY ESTATES  SEC 2","13","Commercial","5/23/2023"
"FKH SFR N LP FIRST KEY HOMES LLC","BAY HILL DRIVE  339","112J","C","004.00","000","112J C 00400 000","WOODLANDS SEC 2","36","Commercial","5/23/2023"
"FKH SFR PROPCO G LP C/O FIRSTKEY HOMES","HIGHLAND DRIVE  807","096H","A","018.00","000","096H A 01800 000","NORTHWOODS PHASE 7 S","141","Commercial","8/7/2021"
"FKH SFR PROPCO G LP C/O FIRSTKEY HOMES","TELAVERA DRIVE  187","096I","A","023.00","000","096I A 02300 000","","284","Commercial","8/11/2021"
"FKH SFR PROPCO G LP C/O FIRSTKEY HOMES","TIMBERLAKE DRIVE  179","160F","H","009.00","000","160F H 00900 000","ROLLINGBROOK TERRACE","27","Commercial","6/11/2021"
"FKH SFR PROPCO G LP FKH SFR PROPCO G LP C/O FIRSTKEY HOMES","WILDWOOD STREET  1011","099F","D","008.00","000","099F D 00800 000","POPLAR RIDGE S/D","85","Commercial","8/3/2021"
"FKH SFR PROPCO H L P C/O FIRSTKEY HOMES","BEXLEY WAY  175","096H","E","008.00","000","096H E 00800 000","","247","Commercial","9/13/2021"
"FKH SFR PROPCO H L P C/O FIRSTKEY HOMES","ALBRIGHT LANE  391","134","","014.07","000","134    01407 000","HIDDEN COVE ESTATES","18","Commercial","10/21/2021"
"FKH SFR PROPCO H L P C/O FIRSTKEY HOMES","WESSINGTON PLACE  159","159A","G","013.00","000","159A G 01300 000","COLONIAL ACRES SEC 4","23","Commercial","10/15/2021"
"FKH SFR PROPCO H LP","HILLWOOD DRIVE  123","144M","A","013.00","000","144M A 01300 000","HILLWOOD ESTS SEC II","18","Commercial","9/14/2021"
"FKH SFR PROPCO H LP C/O FIRSTKEY HOMES","TELAVERA DRIVE  286","096G","C","005.00","000","096G C 00500 000","","75","Commercial","9/17/2021"
"FKH SFR PROPCO H LP C/O FIRSTKEY HOMES","HAWKINS AVENUE  121","126N","J","019.00","000","126N J 01900 000","HALEWOOD EST.","PO19+20","Commercial","10/27/2021"
"FKH SFR PROPCO H LP C/O FIRSTKEY HOMES","MESA VERDE PLACE  831","148I","C","015.00","000","148I C 01500 000","","151","Commercial","9/28/2021"
"FKH SFR PROPCO H LP C/O FIRSTKEY HOMES","MELANIE DRIVE  119","170M","D","023.00","000","170M D 02300 000","DELRAY PARK ESTATES","134","Commercial","10/18/2021"
"FKH SFR PROPCO H LP C/O FIRSTKEY HOMES","ROBERTA DRIVE  193","170M","F","001.00","000","170M F 00100 000","DELRAY PARK ESTATES","137","Commercial","11/1/2021"
"FKH SFR PROPCO I L P C/O FIRSTKEY HOMES","PITTMAN DRIVE  1019","124O","A","106.00","000","124O A 10600 000","STONE CREEK PH 3","106","Commercial","11/16/2021"
"FKH SFR PROPCO I LP C/O FIRSTKEY HOMES","HAMPSHIRE WAY  123","096H","F","002.00","000","096H F 00200 000","SUMMERLIN SUB PH6","205","Commercial","12/27/2021"
"FKH SFR PROPCO I LP C/O FIRSTKEY HOMES","LOLA LANE  361","096K","A","015.00","000","096K A 01500 000","","15","Commercial","1/13/2022"
"FKH SFR PROPCO I LP C/O FIRSTKEY HOMES","MARBLE COURT  448","112O","B","012.00","000","112O B 01200 000","STONEHEDGE SEC 4","82","Commercial","11/30/2021"
"FKH SFR PROPCO I LP C/O FIRSTKEY HOMES","GRASSY GLEN DRIVE  253","114L","C","009.00","000","114L C 00900 000","","1029","Commercial","3/28/2022"
"FKH SFR PROPCO I LP C/O FIRSTKEY HOMES","HARPER DEAN WAY  1072","127G","B","016.00","000","127G B 01600 000","","63","Commercial","11/19/2021"
"FKH SFR PROPCO I LP C/O FIRSTKEY HOMES","GLEN OAK COURT WEST  107","159A","L","016.00","000","159A L 01600 000","ROSEWOOD","16","Commercial","2/9/2022"
"FKH SFR PROPCO I LP C/O FIRSTKEY HOMES","CLUBHOUSE BAY  109","159E","B","031.00","000","159E B 03100 000","CLUBHOUSE BAY","3","Commercial","12/22/2021"
"FKH SFR PROPCO I LP C/O FIRSTKEY HOMES","CLUBHOUSE BAY  113","159E","B","032.00","000","159E B 03200 000","CLUBHOUSE BAY","4","Commercial","11/30/2021"
"FKH SFR PROPCO J L P C/O FIRSTKEY HOMES","LA VIEW ROAD  128","164D","C","013.00","000","164D C 01300 000","WATER VIEW SEC 13","26","Commercial","4/13/2022"
"FKH SFR PROPCO J LP C/O FIRSTKEY HOMES","LOLA LANE  357","096K","A","014.00","000","096K A 01400 000","","14","Commercial","3/11/2022"
"FKH SFR PROPCO J LP C/O FIRSTKEY HOMES","WESTGATE DRIVE  1130","135G","D","051.00","000","135G D 05100 000","PATTERSON FARMS PH 2","100","Commercial","4/28/2022"
"FKH SFR PROPCO J LP C/O FIRSTKEY HOMES","HAZELWOOD DRIVE  118","170M","G","012.00","000","170M G 01200 000","DELRAY PARK ESTATES","94","Commercial","3/3/2022"
"FKH SFR PROPCO K L P C/O FIRSTKEY HOMES","VALCOUR COURT  102","137J","D","025.00","000","137J D 02500 000","SAUNDERSVILLE STATION PH 6","519","Commercial","6/2/2022"
"FKH SFR PROPCO K LP C/O FIRSTKEY HOMES","GOODMAN DRIVE  399","114K","H","004.00","000","114K H 00400 000","","6","Commercial","6/23/2022"
"FKH SFR PROPCO K LP C/O FIRSTKEY HOMES","ROSY DALE DRIVE  413","114L","C","029.00","000","114L C 02900 000","","1079","Commercial","6/15/2022"
"FKH SFR Q LP","EARLINE DRIVE  110","172A","C","017.01","000","172A C 01701 000","","","Commercial","8/20/2025"
"FL RE NASHVILLE HOLDINGS LLC","LOUISVILLE HWY  1041","140","","077.00","000","140    07700 000","","","Commercial","11/7/2024"
"FL RE NASHVILLE HOLDINGS LLC","LOUISVILLE HWY  1039","140","","077.02","000","140    07702 000","JOE NEELY PROP","0001","Commercial","11/7/2024"
"FL RE NASHVILLE HOLDINGS LLC","31W HWY  0","140","","077.03","000","140    07703 000","","","Commercial","11/7/2024"
"FL RE NASHVILLE HOLDINGS LLC","LOUISVILLE HWY  1037","141","","059.01","000","141    05901 000","JOSEPH T. NEELY PROP","1","Commercial","11/7/2024"
"FL RE NASHVILLE HOLDINGS LLC","31W HWY  0","141","","059.04","000","141    05904 000","JOSEPH T. NEELY PROP","2","Commercial","11/7/2024"
"FLANARY LORRIN BRIAN ETVIR FLANARY SUSAN RENEE ETUX","WALTON FERRY ROAD  122","163D","C","007.00","000","163D C 00700 000","WHEELER ADDITION","2-3","Commercial","6/26/2023"
"FLEETWOOD ALBIE ETUX JIMMYE","MEADOWVIEW DRIVE  1167","135D","E","018.00","000","135D E 01800 000","SPRINGBROOK SEC 2 RES 55-56,81-82","59","Commercial","6/1/1999"
"FLEMING ERIC","NUBIA ROAD  453","005","","040.00","001","005    04000T001","","9","Commercial","8/5/2021"
"FLESERIU VICTOR ETUX DELIA","TOWNSHIP DRIVE  131","160D","C","012.00","000","160D C 01200 000","TOWN AND COUNTRY EST","0088","Commercial","11/20/1995"
"FLESERIU VICTOR ETUX DELIA","BOSTRING DRIVE  107","160D","F","004.00","000","160D F 00400 000","TOWN AND COUNTRY EST","0004","Commercial","8/5/1998"
"FLESERIU VICTOR ETUX DELIA","BOSTRING DRIVE  109","160D","F","005.00","000","160D F 00500 000","TOWN AND COUNTRY EST","0005","Commercial","8/5/1998"
"FLESERIU VICTOR ETUX DELIA","BOSTRING DRIVE  111","160D","F","006.00","000","160D F 00600 000","TOWN AND COUNTRY EST","0006","Commercial","8/5/1998"
"FLOOR & DECOR OUTLETS OF AMERICA INC ATTN: SENIOR VICE PRESIDENT OF REAL ESTA","INDIAN LAKE BLVD  184","159J","A","021.21","000","159J A 02121 000","INDIAN LAKE SEC 18 + RECOMB","1","Commercial","7/11/2023"
"FLORES FERNANDO ETUX ANA MARIA","31E HWY  5424","044","","110.01","000","044    11001 000","","","Commercial","9/3/2008"
"FLORES WALTER ISRRAEL PINEDA","WESSINGTON PLACE  145","159A","H","012.00","000","159A H 01200 000","COLONIAL ACRES SEC 3","198","Commercial","8/1/2022"
"FLYNN STACY L","BRUSH HILL COURT  121","135L","E","018.00","000","135L E 01800 000","BRUSH HILL","18","Commercial","12/13/2006"
"FNP LLC","DRAKES CREEK ROAD  1660","138","","014.01","000","138    01401 000","DURHAM FARMS RESUB PH2 SEC24 LOTCA2","CA2","Commercial","6/2/2021"
"FNP LLC C/O FOX RIVER SVC","31E HWY  2129","146","","116.00","000","146    11600 000","SAVANNAH MARKETPLACE PH 4","6","Commercial","9/16/2020"
"FOGOLIN ENTERPRISES LLC","WILDCAT RUN  311","114D","A","004.00","000","114D A 00400 000","TWIN EAGLES PH 8","237","Commercial","6/21/2024"
"FOGOLIN ENTERPRISES LLC","BELMONT CIRCLE  121","159E","D","006.00","000","159E D 00600 000","BLUEGRASS LANDING VILLAS RESUB 6","6A","Commercial","6/21/2024"
"FOOD AND FUEL INC RAM NARAYAN LLC C/O","CURTIS CROSS ROADS  150","170M","H","005.00","000","170M H 00500 000","","","Commercial","10/12/1999"
"FORD JOY HUMPHRES","SUNSET DRIVE  151","163G","A","007.00","000","163G A 00700 000","","","Commercial","2/26/2001"
"FORT PROPERTIES V LLC","ANDERSON LANE  120","159J","B","009.00","000","159J B 00900 000","","","Commercial","1/31/2020"
"FORTNER PAULA SMITH TR 108 BUSINESS COURT TRUST","BUSINESS COURT  108","160N","C","039.07","000","160N C 03907 000","H'VILLE BUSINESS PK","4","Commercial","8/13/2025"
"FOSTER MICHAEL L ETUX DOROTHY S","WATER AVENUE SOUTH  463","126F","E","002.00","000","126F E 00200 000","","","Commercial","3/8/1993"
"FOUNTAIN HEAD HOLDINGS LLC","WOODS ROAD  332","016F","A","006.00","000","016F A 00600 000","COUNTY LINE SUBDIVISION LOTS 1-6","6","Commercial","10/1/2025"
"FOUNTAIN HEAD HOLDINGS LLC","WOODS ROAD  334","016F","A","007.00","000","016F A 00700 000","COUNTY LINE SUBDIVISION LOTS 1-6","5","Commercial","10/1/2025"
"FOUNTAIN HEAD HOLDINGS LLC","SOUTH RUSSELL STREET  101","033G","F","019.00","000","033G F 01900 000","FRED WHITE BUSINESS","2","Commercial","12/29/2020"
"FOUNTAIN HEAD HOLDINGS LLC","MAIN STREET  118","033H","D","023.00","000","033H D 02300 000","","","Commercial","3/19/2021"
"FOUNTAIN HEAD HOLDINGS LLC","MAIN STREET  0","033H","D","024.00","000","033H D 02400 000","","","Commercial","3/19/2021"
"FOUNTAIN HEAD HOLDINGS LLC","SOUTH BROADWAY  706","033O","A","003.00","000","033O A 00300 000","COUNTRY CLUB EST","14","Commercial","6/12/2026"
"FOUNTAIN HEAD HOLDINGS LLC","SOUTH BROADWAY  0","033O","A","004.00","000","033O A 00400 000","COUNTRY CLUB ESTATES","13","Commercial","6/12/2026"
"FOUR LITTLE INDIANS LLC","SAUNDERSVILLE ROAD  475","145","","044.08","000","145    04408 000","","55","Commercial","10/11/2016"
"FOUR T`S","ANDERSON LANE  145","159K","A","021.01","000","159K A 02101 000","LATHAM PROP-LARUE HE","1-22","Commercial","6/14/2017"
"FOUTCH RICKEY DWAYNE ETUX BARBARA IHRIG","BROADWAY EAST  399","113N","C","036.00","000","113N C 03600 000","REPLAT HWY 31E COM T","2","Commercial","6/10/1999"
"FOWLER S BENJAMIN III MARY F CARTER C/O","BRITTAN STREET","159E","B","015.00","000","159E B 01500 000","","","Commercial","3/6/1998"
"FOX GEORGIA MAY TR FOX RONNIE C TR OF","COMMONS DRIVE  607","126J","C","011.00","000","126J C 01100 000","COMMONS","1K","Commercial","10/10/2019"
"FOX JOSEPH","BUSINESS PARK CIRCLE  3050","143J","F","007.00","005","143J F 00700C005","NORTHCREEK BUSINESS PARK SEC 14 RES 11B","11B","Commercial","7/3/2006"
"FOXLAND CROSSING LLC","FOXLAND BLVD  1391","147","","005.00","000","147    00500 000","","","Commercial","10/28/2012"
"FOXLAND CROSSINGS LLC","FOXLAND BLVD  1391","136","","027.04","000","136    02704 000","","","Commercial","2/5/2015"
"FR PRESTON PARK LLC","LIFFORD LN  1001","125M","A","107.00","000","125M A 10700 000","GARDENS AT PRESTON PARK","201","Commercial","11/29/2022"
"FR PRESTON PARK LLC","LIFFORD LN  1001","125M","A","108.00","000","125M A 10800 000","GARDENS AT PRESTON PARK","202","Commercial","11/29/2022"
"FR PRESTON PARK LLC","LIFFORD LN  1001","125M","A","109.00","000","125M A 10900 000","GARDENS AT PRESTON PARK","203","Commercial","11/29/2022"
"FR PRESTON PARK LLC","LIFFORD LN  1001","125M","A","110.00","000","125M A 11000 000","GARDENS AT PRESTON PARK","204","Commercial","11/29/2022"
"FR PRESTON PARK LLC","LIFFORD LN  1001","125M","A","111.00","000","125M A 11100 000","GARDENS AT PRESTON PARK","205","Commercial","11/29/2022"
"FR PRESTON PARK LLC","LIFFORD LN  1001","125M","A","112.00","000","125M A 11200 000","GARDENS AT PRESTON PARK","206","Commercial","11/29/2022"
"FR PRESTON PARK LLC","LIFFORD LN  1001","125M","A","113.00","000","125M A 11300 000","GARDENS AT PRESTON PARK","207","Commercial","11/29/2022"
"FR PRESTON PARK LLC","LIFFORD LN  1001","125M","A","114.00","000","125M A 11400 000","GARDENS AT PRESTON PARK","208","Commercial","11/29/2022"
"FR PRESTON PARK LLC","LIFFORD LN  1001","125M","A","115.00","000","125M A 11500 000","GARDENS AT PRESTON PARK","209","Commercial","11/29/2022"
"FR PRESTON PARK LLC","LIFFORD LN  1001","125M","A","116.00","000","125M A 11600 000","GARDENS AT PRESTON PARK","210","Commercial","11/29/2022"
"FR PRESTON PARK LLC","LIFFORD LN  1001","125M","A","117.00","000","125M A 11700 000","GARDENS AT PRESTON PARK","211","Commercial","11/29/2022"
"FR PRESTON PARK LLC","LIFFORD LN  1001","125M","A","118.00","000","125M A 11800 000","GARDENS AT PRESTON PARK","212","Commercial","11/29/2022"
"FR PRESTON PARK LLC","LIFFORD LN  1001","125M","A","119.00","000","125M A 11900 000","GARDENS AT PRESTON PARK","401","Commercial","11/29/2022"
"FR PRESTON PARK LLC","LIFFORD LN  1001","125M","A","120.00","000","125M A 12000 000","GARDENS AT PRESTON PARK","402","Commercial","11/29/2022"
"FR PRESTON PARK LLC","LIFFORD LN  1001","125M","A","121.00","000","125M A 12100 000","GARDENS AT PRESTON PARK","403","Commercial","11/29/2022"
"FR PRESTON PARK LLC","LIFFORD LN  1001","125M","A","122.00","000","125M A 12200 000","GARDENS AT PRESTON PARK","404","Commercial","11/29/2022"
"FR PRESTON PARK LLC","LIFFORD LN  1001","125M","A","123.00","000","125M A 12300 000","GARDENS AT PRESTON PARK","405","Commercial","11/29/2022"
"FR PRESTON PARK LLC","LIFFORD LN  1001","125M","A","124.00","000","125M A 12400 000","GARDENS AT PRESTON PARK","406","Commercial","11/29/2022"
"FR PRESTON PARK LLC","LIFFORD LN  1001","125M","A","125.00","000","125M A 12500 000","GARDENS AT PRESTON PARK","407","Commercial","11/29/2022"
"FR PRESTON PARK LLC","LIFFORD LN  1001","125M","A","126.00","000","125M A 12600 000","GARDENS AT PRESTON PARK","408","Commercial","11/29/2022"
"FR PRESTON PARK LLC","LIFFORD LN  1001","125M","A","127.00","000","125M A 12700 000","GARDENS AT PRESTON PARK","409","Commercial","11/29/2022"
"FR PRESTON PARK LLC","LIFFORD LN  1001","125M","A","128.00","000","125M A 12800 000","GARDENS AT PRESTON PARK","410","Commercial","11/29/2022"
"FR PRESTON PARK LLC","LIFFORD LN  1001","125M","A","129.00","000","125M A 12900 000","GARDENS AT PRESTON PARK","311","Commercial","11/29/2022"
"FR PRESTON PARK LLC","LIFFORD LN  1001","125M","A","130.00","000","125M A 13000 000","GARDENS AT PRESTON PARK","310","Commercial","11/29/2022"
"FR PRESTON PARK LLC","LIFFORD LN  1001","125M","A","131.00","000","125M A 13100 000","GARDENS AT PRESTON PARK","309","Commercial","11/29/2022"
"FR PRESTON PARK LLC","LIFFORD LN  1001","125M","A","132.00","000","125M A 13200 000","GARDENS AT PRESTON PARK","308","Commercial","11/29/2022"
"FR PRESTON PARK LLC","LIFFORD LN  1001","125M","A","133.00","000","125M A 13300 000","GARDENS AT PRESTON PARK","307","Commercial","11/29/2022"
"FR PRESTON PARK LLC","LIFFORD LN  1001","125M","A","134.00","000","125M A 13400 000","GARDENS AT PRESTON PARK","306","Commercial","11/29/2022"
"FR PRESTON PARK LLC","LIFFORD LN  1001","125M","A","135.00","000","125M A 13500 000","GARDENS AT PRESTON PARK","305","Commercial","11/29/2022"
"FR PRESTON PARK LLC","LIFFORD LN  1001","125M","A","136.00","000","125M A 13600 000","GARDENS AT PRESTON PARK","304","Commercial","11/29/2022"
"FR PRESTON PARK LLC","LIFFORD LN  1001","125M","A","137.00","000","125M A 13700 000","GARDENS AT PRESTON PARK","303","Commercial","11/29/2022"
"FR PRESTON PARK LLC","LIFFORD LN  1001","125M","A","138.00","000","125M A 13800 000","GARDENS AT PRESTON PARK","302","Commercial","11/29/2022"
"FR PRESTON PARK LLC","LIFFORD LN  1001","125M","A","139.00","000","125M A 13900 000","GARDENS AT PRESTON PARK","301","Commercial","11/29/2022"
"FR PRESTON PARK LLC","LIFFORD LN  1001","125M","A","140.00","000","125M A 14000 000","GARDENS AT PRESTON PARK","112","Commercial","11/29/2022"
"FR PRESTON PARK LLC","LIFFORD LN  1001","125M","A","141.00","000","125M A 14100 000","GARDENS AT PRESTON PARK","111","Commercial","11/29/2022"
"FR PRESTON PARK LLC","LIFFORD LN  1001","125M","A","142.00","000","125M A 14200 000","GARDENS AT PRESTON PARK","110","Commercial","11/29/2022"
"FR PRESTON PARK LLC","LIFFORD LN  1001","125M","A","143.00","000","125M A 14300 000","GARDENS AT PRESTON PARK","109","Commercial","11/29/2022"
"FR PRESTON PARK LLC","LIFFORD LN  1001","125M","A","144.00","000","125M A 14400 000","GARDENS AT PRESTON PARK","108","Commercial","11/29/2022"
"FR PRESTON PARK LLC","LIFFORD LN  1001","125M","A","145.00","000","125M A 14500 000","GARDENS AT PRESTON PARK","107","Commercial","11/29/2022"
"FR PRESTON PARK LLC","LIFFORD LN  1001","125M","A","146.00","000","125M A 14600 000","GARDENS AT PRESTON PARK","106","Commercial","11/29/2022"
"FR PRESTON PARK LLC","LIFFORD LN  1001","125M","A","147.00","000","125M A 14700 000","GARDENS AT PRESTON PARK","105","Commercial","11/29/2022"
"FR PRESTON PARK LLC","LIFFORD LN  1001","125M","A","148.00","000","125M A 14800 000","GARDENS AT PRESTON PARK","104","Commercial","11/29/2022"
"FR PRESTON PARK LLC","LIFFORD LN  1001","125M","A","149.00","000","125M A 14900 000","GARDENS AT PRESTON PARK","103","Commercial","11/29/2022"
"FR PRESTON PARK LLC","LIFFORD LN  1001","125M","A","150.00","000","125M A 15000 000","GARDENS AT PRESTON PARK","102","Commercial","11/29/2022"
"FR PRESTON PARK LLC","LIFFORD LN  1001","125M","A","151.00","000","125M A 15100 000","GARDENS AT PRESTON PARK","101","Commercial","11/29/2022"
"FRAZIER CHRISTOPHER GRAHAM","STEAM PLANT ROAD  323","126D","C","011.00","000","126D C 01100 000","RAMSEY PLACE","IST","Commercial","1/16/2020"
"FREDRICKSON AMY WILSON RONALD O","FLAT RIDGE ROAD  155","118","","047.01","001","118    04701 001","","","Commercial","1/29/2020"
"FREE HILL PROPERTIES LLC","WOODS FERRY ROAD  1021","126M","A","018.00","000","126M A 01800 000","M M FORD ADD","7","Commercial","3/25/2022"
"FREE HILL PROPERTIES LLC","WOODS FERRY ROAD  1023","126M","A","019.00","000","126M A 01900 000","M M FORD ADD","IST","Commercial","3/25/2022"
"FREEDLE JOHNNIE DENTON %FREEDLE JOHNNIE","MAIN STREET  103","033H","D","036.00","000","033H D 03600 000","","","Commercial","6/13/2018"
"FREEDLE JOHNNIE DENTON %FREEDLE JOSEPH B C/O","NORTH RUSSELL STREET  111","033G","A","015.00","000","033G A 01500 000","","","Commercial","6/13/2018"
"FREEDLE JOSEPH ETUX AMANDA","MAIN STREET  106","033H","D","018.00","000","033H D 01800 000","","","Commercial","6/12/2025"
"FREEGARD PARTNERS X","TULIP POPLAR DRIVE  1172","126I","A","003.00","000","126I A 00300 000","REVISED FINNEY STORAGE SUB","1","Commercial","5/29/2024"
"FREEHILL PROPERTY LLC","FREE HILL ROAD  117","160O","C","024.00","000","160O C 02400 000","","","Commercial","12/31/2025"
"FREEHILL PROPERTY LLC","FREE HILL ROAD  0","160O","C","024.01","000","160O C 02401 000","","","Commercial","12/31/2025"
"FREO PROGRESS LLC","BRADFORD CIRCLE  159","159K","E","009.00","000","159K E 00900 000","BRADFORD SHADE","11","Commercial","4/20/2026"
"FREO PROGRESS LLC","POLK COURT  102","170L","E","057.00","000","170L E 05700 000","WALTON TRACE PH 4","87","Commercial","4/20/2026"
"FRICON TERRI","DEBRA DRIVE  504","143N","A","012.00","000","143N A 01200 000","PAGE HEIGHTS SEC 4","161","Commercial","9/22/2014"
"FRICON TERRI","DEBRA DRIVE  506","143N","A","013.00","000","143N A 01300 000","PAGE HEIGHTS SEC 4","162","Commercial","9/22/2014"
"FRIZZELL & FRIZZELL ATTY AT LAW PLLC","MAPLE ROW BLVD  131","159O","D","021.00","008","159O D 02100C008","MAPLE ROW PROF BLDG-","301-301","Commercial","6/11/2008"
"FROST FAMILY REALTY GP FROST G ROBERT","INDIAN LAKE BLVD  254","145","","095.00","000","145    09500 000","INDIAN LAKE VILLAGE-","40","Commercial","7/18/2019"
"FU TOMMY LONG LLC","SLATERS CREEK ROAD  1128","121H","A","004.01","000","121H A 00401 000","DUSTEN LASSITER","2","Commercial","6/15/2023"
"FUENTES MIGUEL","MAIN STREET EAST  300","113N","E","021.01","000","113N E 02101 000","","","Commercial","2/6/2004"
"FUENTES MIGUEL","MAIN STREET WEST  512","126G","A","014.00","000","126G A 01400 000","","","Commercial","2/4/2004"
"FUENTES MIGUEL","MAIN STREET WEST  0","126G","A","015.00","000","126G A 01500 000","","","Commercial","2/4/2004"
"FUQUA PAUL L","SOUTH BROADWAY  805","039B","A","022.00","000","039B A 02200 000","","","Commercial","6/15/2006"
"FUTBOL5 INVESTMENT GROUP LLC C/O FERNANDO CROSA","INNOVATION WAY  240","160M","A","005.02","000","160M A 00502 000","","8","Commercial","5/9/2024"
"FUTURE PLANS LLC","52W HWY  252","033I","A","019.00","000","033I A 01900 000","PURYEAR SD","IST","Commercial","8/16/2017"
"FXL VINTAGE HOLDINGS LLC","NASHVILLE PIKE  1921","136","","027.01","000","136    02701 000","VINTAGE AT FOXLAND","3","Commercial","3/1/2023"
"FYR SFR BORROWER LLC","BUSH AVENUE  112","126N","F","013.00","000","126N F 01300 000","LONGVIEW EST. ADD. 2","10, 12PO","Commercial","2/18/2026"
"G & B PROPERTIES","RED RIVER ROAD  0","126B","E","001.00","000","126B E 00100 000","","","Commercial","10/15/2016"
"G & B PROPERTIES","RED RIVER ROAD  375","126B","E","002.00","000","126B E 00200 000","","","Commercial","9/6/2019"
"G & B PROPERTIES","RED RIVER ROAD  0","126B","E","003.00","000","126B E 00300 000","","","Commercial","10/15/2016"
"G & B PROPERTIES","RED RIVER ROAD  0","126B","E","003.01","000","126B E 00301 000","","","Commercial","10/15/2016"
"G & B PROPERTIES","RED RIVER ROAD  0","126B","E","004.00","000","126B E 00400 000","","","Commercial","11/20/2018"
"G SQUARED ENTERPRISES LLC","HUNT CLUB BLVD  1501","146F","A","001.00","000","146F A 00100 000","HUNT CLUB SEC 2","1","Commercial","6/25/2020"
"G'FRANCISCO MICHAEL DOMINICK TR MICHAEL DOMINICK AND CHARLENE G'FRANCISO","31E HWY  6460","064","","066.01","000","064    06601 000","F H BOZE SUB RESUB L","2D","Commercial","8/31/2021"
"G`FRANCISCO MICHAEL G`FRANCISCO CHARLENE MARY","WATER AVENUE NORTH  118","126C","G","007.00","000","126C G 00700 000","","","Commercial","7/1/2016"
"G`FRANCISCO MICHAEL G`FRANCISCO CHARLENE MARY","WATER AVENUE NORTH  118","126C","G","008.00","000","126C G 00800 000","","","Commercial","7/1/2016"
"GABERS JOSEPH GABERS ALYX ETUX","SHIVEL DRIVE  203","163D","F","019.00","000","163D F 01900 000","SHIVEL ADDN TO HENDERSONVILLE","LIST","Commercial","6/27/2014"
"GABRIEL PROPERTIES LLC","MAYFAIR BLVD  1001","159J","A","043.00","000","159J A 04300 000","MAYFAIR PH 1 REV 1","G","Commercial","8/22/2025"
"GAFFNEY STEPHAN A","BELVEDERE DRIVE NORTH  180","125M","A","022.00","011","125M A 02200C011","SUMNER CROSSINGS CON","11","Commercial","3/15/2007"
"GAINES HOME BUILDING CORP","HAZEL PATH DRIVE  102","164A","C","016.00","002","164A C 01600C002","HAZEL PATH SEC 2","4","Commercial","12/20/1984"
"GALGANO RICHARD G TR RICHARD G GALGANO TRUST","WEST MARKET STREET  502","034E","B","014.00","000","034E B 01400 000","MARKET STREET PLAZA-","2-1","Commercial","10/10/2022"
"GALGANO RICHARD G TR RICHARD G GALGANO TRUST","WEST MARKET STREET  0","034E","B","014.01","000","034E B 01401 000","MARKET STREET PLAZA","1","Commercial","10/10/2022"
"GALGANO RICHARD G TR RICHARD G GALGANO TRUST","SANDYE AVENUE  115","034E","B","014.06","000","034E B 01406 000","MARKET STREET PLAZA","6","Commercial","10/10/2022"
"GALLATIN 1724 LLC","NASHVILLE PIKE  1724","136","","045.04","000","136    04504 000","KENNESAW WEST COMM","12","Commercial","10/7/2022"
"GALLATIN COUNTRY CLUB","MAIN STREET EAST  1501","112","","025.00","000","112    02500 000","","","Commercial","8/26/1948"
"GALLATIN DEVELOPMENT CO LBMC FINANCIAL MANAGEMENT C/O","BROADWAY WEST  0","126C","A","003.00","000","126C A 00300 000","TOWN CREEK RE DEV.","IST","Commercial","10/7/1980"
"GALLATIN ELKS LODGE #2547","AIRPORT ROAD  242","112","","017.04","000","112    01704 000","GALLATIN INDUSTRIAL-","3","Commercial","5/1/1990"
"GALLATIN GOLF LLC","BROWNS LANE  0","136","","019.04","000","136    01904 000","","","Commercial","2/28/2011"
"GALLATIN GOLF LLC","PLANTATION BLVD  981","147C","A","001.02","000","147C A 00102 000","LAST PLANTATION PH 1","124","Commercial","2/28/2011"
"GALLATIN GOLF LLC","PLANTATION BLVD  0","147C","B","047.00","001","147C B 04700 001","","","Commercial","2/28/2011"
"GALLATIN GOLF LLC","BROWNS LANE  1190","147C","B","048.00","000","147C B 04800 000","LAST PLANTATION","1","Commercial","2/28/2011"
"GALLATIN LEASED HOUSING ASSOC I","WATER AVENUE NORTH  614","113K","K","015.00","000","113K K 01500 000","FOX DEN APTS","1","Commercial","11/20/2015"
"GALLATIN LEASED HOUSING ASSOC I LP","SAM HOUSTON CIRCLE  125","113C","A","001.00","000","113C A 00100 000","VILLAGES OF GALLATIN","1-1","Commercial","4/19/2016"
"GALLATIN LEASED HOUSING ASSOC I LP","SAM HOUSTON CIRCLE  1001","113C","A","039.00","000","113C A 03900 000","VILLAGES OF GALLATIN","","Commercial","4/19/2016"
"GALLATIN LEASED HOUSING ASSOCIATES II","AIRPORT ROAD  1590","126","","010.00","000","126    01000 000","CHAPEL RIDGE APTS","1","Commercial","8/16/2022"
"GALLATIN MEMORY GARDENS LLC","NASHVILLE PIKE  584","126G","A","008.00","000","126G A 00800 000","","1","Commercial","10/31/2019"
"GALLATIN MULTIFAMILY PART BROOKSIDE PROPERTIES C/O","GREEN WAVE DRIVE  625","126G","C","024.00","000","126G C 02400 000","","","Commercial","6/22/2007"
"GALLATIN PARK APARTMENTS LLC","ALBERT GALLATIN AVENUE E 271","113","","026.10","000","113    02610 000","RAMSEY & BEATY HWY 3","3-3","Commercial","12/20/2010"
"GALLATIN PROPERTY LLC","WATER AVENUE NORTH  438","113K","K","006.00","000","113K K 00600 000","GALLATIN HEALTH CARE","","Commercial","6/30/2016"
"GALLATIN REAL ESTATE PARTNERS","NASHVILLE PIKE  1630","136","","046.03","000","136    04603 000","KENNESAW FARMS RESUB PH1 LTS 8+9","8","Commercial","12/31/2019"
"GALLATIN TN #2 REALTY COOPER MCAFEE RAYNOR","BELVEDERE DRIVE NORTH  172","125M","A","022.01","000","125M A 02201 000","SHOPS AT VILLAGE GRE","1-1","Commercial","12/19/2018"
"GALLATIN TOWER LP","FRANKLIN STREET EAST  0","126C","C","011.00","000","126C C 01100 000","","","Commercial","12/14/2023"
"GALLATIN VILLAGE GREEN PROPERTIES KP6 LL","VILLAGE GREEN CROSSIN  1008","126I","A","023.00","000","126I A 02300 000","LITTLESTONE APTS OF VILLAGE GREEN","1","Commercial","12/1/2021"
"GALLERANI ARTHUR B TR GALLERANI WENDY V TR","SAUNDERSVILLE ROAD  174","145","","093.00","101","145    09300C101","","","Commercial","4/6/2017"
"GALVIN INVESTMENTS LLC","DOLPHUS DRIVE  102","170D","B","009.00","000","170D B 00900 000","PANORAMA HARBOR SEC 3","123","Commercial","2/22/2023"
"GAMA MANAGEMENT INC C/O JM PATEL","SANDERS FERRY ROAD  111","164A","A","028.00","000","164A A 02800 000","","","Commercial","12/13/2005"
"GAMA MANAGEMENT INC C/O JM PATEL","SANDERS FERRY ROAD  109","164A","A","028.00","001","164A A 02800 001","","","Commercial","12/13/2005"
"GAMBLE VICKY S CO TR PARRIS PAUL A III CO TR","SPRINGFIELD HWY  847","142","","007.00","000","142    00700 000","FITZPATRICK","0022","Commercial","9/14/2017"
"GAMBRELL JACKIE RAY ETUX ZOE ANN","76 HWY  3706","074","","031.00","001","074    03100 001","","","Commercial",""
"GAMBRELL JACKIE RAY ETUX ZOE ANN","25W HWY  3201","074","","039.01","000","074    03901 000","","","Commercial","5/22/2001"
"GAMMON NOBLE ETUX BARBARA","WILLIS BRANCH ROAD  0","143","","047.01","001","143    04701 001","","","Commercial",""
"GAP INC TAX DEPT/PROP TAXES C/O","GAP BLVD 1-300 & 900 ENTPS  0","125","","039.00","001","125    03900 001","","","Commercial","9/23/2003"
"GARCIA FELIPE","MAGNOLIA SPRINGS RD  1076","016","","002.00","000","016    00200 000","","","Commercial","2/8/2018"
"GARCIA FELIPE","MAIN STREET  115","033H","D","032.00","000","033H D 03200 000","","","Commercial","1/8/2021"
"GARCIA FELIPE ARTHUR MACIAS","MAIN STREET  125","033H","D","028.00","000","033H D 02800 000","","","Commercial","12/1/2009"
"GARCIA FELIPE MACIAS ARTHUR","MAIN STREET  123","033H","D","029.00","000","033H D 02900 000","","","Commercial","1/17/2014"
"GARCIA FRANKLIN MINERVA A URENA HIDALDO","ACADEMY ROAD  3150","059","","117.00","001","059    11700 001","","","Commercial","11/16/2011"
"GARCIA IRMA & RAMON GARCIA","MEMORY LANE  971","136","","014.00","000","136    01400 000","WOODS COMMMONS SEC 1","1A 1B","Commercial","11/28/2023"
"GARDNER ROBERT GEORGE","VOLUNTEER DRIVE  138","159I","B","030.03","000","159I B 03003 000","OAKVALE INDUSTRIAL PARK","12","Commercial","7/17/2002"
"GARRETT APRIL M GARRETT BRANDON RAY ETVIR","CREEKSIDE COURT","113P","G","031.00","000","113P G 03100 000","CREEKVIEW SEC 1","61","Commercial","6/27/2016"
"GARRETT W NELSON ETUX GARRETT BELINDA G","31W HWY  2412","097E","B","010.00","000","097E B 01000 000","HIGHLAND EST SEC 1","0004","Commercial","9/11/2001"
"GARRISON CINDY REAVER","DOROTHY DRIVE  605","143O","A","023.00","000","143O A 02300 000","PAGE HEIGHTS SEC 2","98","Commercial","1/15/2026"
"GARRISON TERRY A","31E HWY  5200","045","","067.00","000","045    06700 000","","","Commercial","9/25/2012"
"GARROTT PROPERTIES LLC","FRANKLIN STREET EAST  300","113N","E","016.01","000","113N E 01601 000","","","Commercial","6/18/2019"
"GATEWAY APARTMENTS OF MURFREESBORO LLC","DAVIS DRIVE  624","126P","A","021.00","000","126P A 02100 000","GALLATIN PAYNE RESUB","3","Commercial","10/11/2022"
"GATEWAY APARTMENTS OF MURFREESBORO LLC","NASHVILLE PIKE  1115","126P","A","022.00","000","126P A 02200 000","GALLATIN PAYNE RESUB","2","Commercial","10/11/2022"
"GATLIN DON GATLIN DORA L ETUX","31W HWY  0","097","","003.05","000","097    00305 000","","1B","Commercial","4/10/2019"
"GATNA LLC","WATER AVENUE SOUTH  482","126F","F","001.00","000","126F F 00100 000","","","Commercial","12/30/2010"
"GATNA LLC","CLINE AVENUE  124","159I","A","003.00","000","159I A 00300 000","OAKVALE SEC 2","24","Commercial","12/30/2010"
"GATNA LLC","BONITA PARK WAY  408","164F","E","016.00","000","164F E 01600 000","CUMBERLAND PLACE SEC 5","82","Commercial","12/30/2010"
"GAUGHAN MIKE J ETUX LINDY","INDIAN LAKE BLVD  131","159J","A","030.00","004","159J A 03000C004","ABGK CONDOMINIUMS","200","Commercial","8/13/1999"
"GAUTSCH THOMAS L","HARTSVILLE PIKE  570","113M","E","019.00","000","113M E 01900 000","SCHAMBERGER & ALLEN","LIST","Commercial","12/17/2010"
"GAYLA COURT COTTAGES LLC C/O GIORGIO BERTUOL","GAYLA COURT  100","019M","B","001.00","000","019M B 00100 000","AUSBROOKS SUBD","1","Commercial","3/13/2024"
"GAYLA COURT COTTAGES LLC C/O GIORGIO BERTUOL","GAYLA COURT  102","019M","B","002.00","000","019M B 00200 000","AUSBROOKS SUBD","2","Commercial","4/1/2026"
"GAYLA COURT COTTAGES LLC C/O GIORGIO BERTUOL","GAYLA COURT  104","019M","B","003.00","000","019M B 00300 000","AUSBROOKS SUBD","3","Commercial","3/13/2024"
"GAYLA COURT COTTAGES LLC C/O GIORGIO BERTUOL","GAYLA COURT  106","019M","B","004.00","000","019M B 00400 000","AUSBROOKS SUBD","4","Commercial","3/13/2024"
"GAYLA COURT COTTAGES LLC C/O GIORGIO BERTUOL","GAYLA COURT  110","019M","B","006.00","000","019M B 00600 000","AUSBROOKS SUBD","6","Commercial","3/13/2024"
"GAYLA COURT COTTAGES LLC C/O GIORGIO BERTUOL","GAYLA COURT  115","019M","B","007.00","000","019M B 00700 000","AUSBROOKS SUBD","7","Commercial","3/13/2024"
"GAYLA COURT COTTAGES LLC C/O GIORGIO BERTUOL","GAYLA COURT  113","019M","B","008.00","000","019M B 00800 000","AUSBROOKS SUBD","8","Commercial","3/13/2024"
"GAYLA COURT COTTAGES LLC C/O GIORGIO BERTUOL","GAYLA COURT  111","019M","B","009.00","000","019M B 00900 000","AUSBROOKS SUBD","9","Commercial","3/13/2024"
"GAYLA COURT COTTAGES LLC C/O GIORGIO BERTUOL","GAYLA COURT  109","019M","B","010.00","000","019M B 01000 000","AUSBROOKS SUBD","10","Commercial","3/13/2024"
"GAYLA COURT COTTAGES LLC C/O GIORGIO BERTUOL","GAYLA COURT  107","019M","B","011.00","000","019M B 01100 000","AUSBROOKS SUBD","11","Commercial","3/13/2024"
"GAYLA COURT COTTAGES LLC C/O GIORGIO BERTUOL","GAYLA COURT  105","019M","B","012.00","000","019M B 01200 000","AUSBROOKS SUBD","12","Commercial","3/13/2024"
"GAYLA COURT COTTAGES LLC C/O GIORGIO BERTUOL","GAYLA COURT  103","019M","B","013.00","000","019M B 01300 000","AUSBROOKS SUBD","13","Commercial","3/13/2024"
"GB PROPERTY MANAGEMENT INC","LOUISVILLE HWY  1193","121P","B","012.00","000","121P B 01200 000","BINGHAM PROPERTY RES","1","Commercial","3/28/2005"
"GBN PARTNERS","GLENBROOK WAY  1002","144","","104.04","000","144    10404 000","","2","Commercial","8/5/2019"
"GBN PARTNERS","GLENBROOK WAY  1006","144","","104.06","000","144    10406 000","GLENBROOK N RETAIL RESUB LT1","1","Commercial","8/5/2019"
"GC-WALNUT CREST LLC","LAURA STREET PVT  1000","126A","H","001.00","000","126A H 00100 000","WALNUT CREST TOWNHOMES FINAL PLAT","1","Commercial","6/16/2023"
"GC-WALNUT CREST LLC","LAURA STREET PVT  1004","126A","H","002.00","000","126A H 00200 000","WALNUT CREST TOWNHOMES FINAL PLAT","2","Commercial","6/16/2023"
"GC-WALNUT CREST LLC","LAURA STREET PVT  1008","126A","H","003.00","000","126A H 00300 000","WALNUT CREST TOWNHOMES FINAL PLAT","3","Commercial","6/16/2023"
"GC-WALNUT CREST LLC","LAURA STREET PVT  1012","126A","H","004.00","000","126A H 00400 000","WALNUT CREST TOWNHOMES FINAL PLAT","4","Commercial","6/16/2023"
"GC-WALNUT CREST LLC","LAURA STREET PVT  4052","126A","H","070.00","000","126A H 07000 000","WALNUT CREST TOWNHOMES FINAL PLAT","70","Commercial","6/16/2023"
"GC-WALNUT CREST LLC","LAURA STREET PVT  2097","126A","H","098.00","000","126A H 09800 000","WALNUT CREST TOWNHOMES FINAL PLAT","98","Commercial","6/16/2023"
"GC-WALNUT CREST LLC C/O GHERTNER AND CO","LAURA STREET PVT  3040","126A","H","037.00","000","126A H 03700 000","WALNUT CREST TOWNHOMES FINAL PLAT","37","Commercial","6/16/2023"
"GC-WALNUT CREST LLC C/O GHERTNER AND CO","LAURA STREET PVT  3044","126A","H","038.00","000","126A H 03800 000","WALNUT CREST TOWNHOMES FINAL PLAT","38","Commercial","6/16/2023"
"GC-WALNUT CREST LLC C/O GHERTNER AND CO","LAURA STREET PVT  3048","126A","H","039.00","000","126A H 03900 000","WALNUT CREST TOWNHOMES FINAL PLAT","39","Commercial","6/16/2023"
"GC-WALNUT CREST LLC C/O GHERTNER AND CO","LAURA STREET PVT  3052","126A","H","040.00","000","126A H 04000 000","WALNUT CREST TOWNHOMES FINAL PLAT","40","Commercial","6/16/2023"
"GC-WALNUT CREST LLC C/O GHERTNER AND CO","LAURA STREET PVT  3060","126A","H","041.00","000","126A H 04100 000","WALNUT CREST TOWNHOMES FINAL PLAT","41","Commercial","6/16/2023"
"GC-WALNUT CREST LLC C/O GHERTNER AND CO","LAURA STREET PVT  3064","126A","H","042.00","000","126A H 04200 000","WALNUT CREST TOWNHOMES FINAL PLAT","42","Commercial","6/16/2023"
"GC-WALNUT CREST LLC C/O GHERTNER AND CO","LAURA STREET PVT  3072","126A","H","043.00","000","126A H 04300 000","WALNUT CREST TOWNHOMES FINAL PLAT","43","Commercial","6/16/2023"
"GC-WALNUT CREST LLC C/O GHERTNER AND CO","LAURA STREET PVT  3076","126A","H","044.00","000","126A H 04400 000","WALNUT CREST TOWNHOMES FINAL PLAT","44","Commercial","6/16/2023"
"GC-WALNUT CREST LLC C/O GHERTNER AND CO","LAURA STREET PVT  3084","126A","H","045.00","000","126A H 04500 000","WALNUT CREST TOWNHOMES FINAL PLAT","45","Commercial","6/16/2023"
"GC-WALNUT CREST LLC C/O GHERTNER AND CO","LAURA STREET PVT  3088","126A","H","046.00","000","126A H 04600 000","WALNUT CREST TOWNHOMES FINAL PLAT","46","Commercial","6/16/2023"
"GC-WALNUT CREST LLC C/O GHERTNER AND CO","LAURA STREET PVT  3092","126A","H","047.00","000","126A H 04700 000","WALNUT CREST TOWNHOMES FINAL PLAT","47","Commercial","6/16/2023"
"GC-WALNUT CREST LLC C/O GHERTNER AND CO","LAURA STREET PVT  3096","126A","H","048.00","000","126A H 04800 000","WALNUT CREST TOWNHOMES FINAL PLAT","48","Commercial","6/16/2023"
"GC-WALNUT CREST LLC C/O GHERTNER AND CO","LAURA STREET PVT  3108","126A","H","049.00","000","126A H 04900 000","WALNUT CREST TOWNHOMES FINAL PLAT","49","Commercial","6/16/2023"
"GC-WALNUT CREST LLC C/O GHERTNER AND CO","LAURA STREET PVT  3112","126A","H","050.00","000","126A H 05000 000","WALNUT CREST TOWNHOMES FINAL PLAT","50","Commercial","6/16/2023"
"GC-WALNUT CREST LLC C/O GHERTNER AND CO","LAURA STREET PVT  3116","126A","H","051.00","000","126A H 05100 000","WALNUT CREST TOWNHOMES FINAL PLAT","51","Commercial","6/16/2023"
"GC-WALNUT CREST LLC C/O GHERTNER AND CO","LAURA STREET PVT  3120","126A","H","052.00","000","126A H 05200 000","WALNUT CREST TOWNHOMES FINAL PLAT","52","Commercial","6/16/2023"
"GC-WALNUT CREST LLC C/O GHERTNER AND CO","LAURA STREET PVT  3128","126A","H","053.00","000","126A H 05300 000","WALNUT CREST TOWNHOMES FINAL PLAT","53","Commercial","6/16/2023"
"GC-WALNUT CREST LLC C/O GHERTNER AND CO","LAURA STREET PVT  3132","126A","H","054.00","000","126A H 05400 000","WALNUT CREST TOWNHOMES FINAL PLAT","54","Commercial","6/16/2023"
"GC-WALNUT CREST LLC C/O GHERTNER AND CO","LAURA STREET PVT  3136","126A","H","055.00","000","126A H 05500 000","WALNUT CREST TOWNHOMES FINAL PLAT","55","Commercial","6/16/2023"
"GC-WALNUT CREST LLC C/O GHERTNER AND CO","LAURA STREET PVT  3140","126A","H","056.00","000","126A H 05600 000","WALNUT CREST TOWNHOMES FINAL PLAT","56","Commercial","6/16/2023"
"GC-WALNUT CREST LLC C/O GHERTNER AND CO","LAURA STREET PVT  3148","126A","H","057.00","000","126A H 05700 000","WALNUT CREST TOWNHOMES FINAL PLAT","57","Commercial","6/16/2023"
"GC-WALNUT CREST LLC C/O GHERTNER AND CO","LAURA STREET PVT  3152","126A","H","058.00","000","126A H 05800 000","WALNUT CREST TOWNHOMES FINAL PLAT","58","Commercial","6/16/2023"
"GC-WALNUT CREST LLC C/O GHERTNER AND CO","LAURA STREET PVT  3160","126A","H","059.00","000","126A H 05900 000","WALNUT CREST TOWNHOMES FINAL PLAT","59","Commercial","6/16/2023"
"GC-WALNUT CREST LLC C/O GHERTNER AND CO","LAURA STREET PVT  3164","126A","H","060.00","000","126A H 06000 000","WALNUT CREST TOWNHOMES FINAL PLAT","60","Commercial","6/16/2023"
"GC-WALNUT CREST LLC C/O GHERTNER AND CO","LAURA STREET PVT  4000","126A","H","061.00","000","126A H 06100 000","WALNUT CREST TOWNHOMES FINAL PLAT","61","Commercial","6/16/2023"
"GC-WALNUT CREST LLC C/O GHERTNER AND CO","LAURA STREET PVT  4004","126A","H","062.00","000","126A H 06200 000","WALNUT CREST TOWNHOMES FINAL PLAT","62","Commercial","6/16/2023"
"GC-WALNUT CREST LLC C/O GHERTNER AND CO","LAURA STREET PVT  4012","126A","H","063.00","000","126A H 06300 000","WALNUT CREST TOWNHOMES FINAL PLAT","63","Commercial","6/16/2023"
"GC-WALNUT CREST LLC C/O GHERTNER AND CO","LAURA STREET PVT  4016","126A","H","064.00","000","126A H 06400 000","WALNUT CREST TOWNHOMES FINAL PLAT","64","Commercial","6/16/2023"
"GC-WALNUT CREST LLC C/O GHERTNER AND CO","LAURA STREET PVT  4024","126A","H","065.00","000","126A H 06500 000","WALNUT CREST TOWNHOMES FINAL PLAT","65","Commercial","6/16/2023"
"GC-WALNUT CREST LLC C/O GHERTNER AND CO","LAURA STREET PVT  4028","126A","H","066.00","000","126A H 06600 000","WALNUT CREST TOWNHOMES FINAL PLAT","66","Commercial","6/16/2023"
"GC-WALNUT CREST LLC C/O GHERTNER AND CO","LAURA STREET PVT  4036","126A","H","067.00","000","126A H 06700 000","WALNUT CREST TOWNHOMES FINAL PLAT","67","Commercial","6/16/2023"
"GC-WALNUT CREST LLC C/O GHERTNER AND CO","LAURA STREET PVT  4040","126A","H","068.00","000","126A H 06800 000","WALNUT CREST TOWNHOMES FINAL PLAT","68","Commercial","6/16/2023"
"GC-WALNUT CREST LLC C/O GHERTNER AND CO","LAURA STREET PVT  4048","126A","H","069.00","000","126A H 06900 000","WALNUT CREST TOWNHOMES FINAL PLAT","69","Commercial","6/16/2023"
"GC-WALNUT CREST LLC C/O GHERTNER AND CO","LAURA STREET PVT  4060","126A","H","071.00","000","126A H 07100 000","WALNUT CREST TOWNHOMES FINAL PLAT","71","Commercial","6/16/2023"
"GC-WALNUT CREST LLC C/O GHERTNER AND CO","LAURA STREET PVT  4064","126A","H","072.00","000","126A H 07200 000","WALNUT CREST TOWNHOMES FINAL PLAT","72","Commercial","6/16/2023"
"GC-WALNUT CREST LLC C/O GHERTNER AND CO","LAURA STREET PVT  4072","126A","H","073.00","000","126A H 07300 000","WALNUT CREST TOWNHOMES FINAL PLAT","73","Commercial","6/16/2023"
"GC-WALNUT CREST LLC C/O GHERTNER AND CO","LAURA STREET PVT  4076","126A","H","074.00","000","126A H 07400 000","WALNUT CREST TOWNHOMES FINAL PLAT","74","Commercial","6/16/2023"
"GC-WALNUT CREST LLC C/O GHERTNER AND CO","LAURA STREET PVT  4084","126A","H","075.00","000","126A H 07500 000","WALNUT CREST TOWNHOMES FINAL PLAT","75","Commercial","6/16/2023"
"GC-WALNUT CREST LLC C/O GHERTNER AND CO","LAURA STREET PVT  4088","126A","H","076.00","000","126A H 07600 000","WALNUT CREST TOWNHOMES FINAL PLAT","76","Commercial","6/16/2023"
"GC-WALNUT CREST LLC C/O GHERTNER AND CO","LAURA STREET PVT  4096","126A","H","077.00","000","126A H 07700 000","WALNUT CREST TOWNHOMES FINAL PLAT","77","Commercial","6/16/2023"
"GC-WALNUT CREST LLC C/O GHERTNER AND CO","LAURA STREET PVT  4100","126A","H","078.00","000","126A H 07800 000","WALNUT CREST TOWNHOMES FINAL PLAT","78","Commercial","6/16/2023"
"GC-WALNUT CREST LLC C/O GHERTNER AND CO","LAURA STREET PVT  1005","126A","H","079.00","000","126A H 07900 000","WALNUT CREST TOWNHOMES FINAL PLAT","79","Commercial","6/16/2023"
"GC-WALNUT CREST LLC C/O GHERTNER AND CO","LAURA STREET PVT  1009","126A","H","080.00","000","126A H 08000 000","WALNUT CREST TOWNHOMES FINAL PLAT","80","Commercial","6/16/2023"
"GC-WALNUT CREST LLC C/O GHERTNER AND CO","LAURA STREET PVT  1013","126A","H","081.00","000","126A H 08100 000","WALNUT CREST TOWNHOMES FINAL PLAT","81","Commercial","6/16/2023"
"GC-WALNUT CREST LLC C/O GHERTNER AND CO","LAURA STREET PVT  1017","126A","H","082.00","000","126A H 08200 000","WALNUT CREST TOWNHOMES FINAL PLAT","82","Commercial","6/16/2023"
"GC-WALNUT CREST LLC C/O GHERTNER AND CO","LAURA STREET PVT  2041","126A","H","087.00","000","126A H 08700 000","WALNUT CREST TOWNHOMES FINAL PLAT","87","Commercial","6/16/2023"
"GC-WALNUT CREST LLC C/O GHERTNER AND CO","LAURA STREET PVT  2045","126A","H","088.00","000","126A H 08800 000","WALNUT CREST TOWNHOMES FINAL PLAT","88","Commercial","6/16/2023"
"GC-WALNUT CREST LLC C/O GHERTNER AND CO","LAURA STREET PVT  2049","126A","H","089.00","000","126A H 08900 000","WALNUT CREST TOWNHOMES FINAL PLAT","89","Commercial","6/16/2023"
"GC-WALNUT CREST LLC C/O GHERTNER AND CO","LAURA STREET PVT  2053","126A","H","090.00","000","126A H 09000 000","WALNUT CREST TOWNHOMES FINAL PLAT","90","Commercial","6/16/2023"
"GC-WALNUT CREST LLC C/O GHERTNER AND CO","LAURA STREET PVT  2061","126A","H","091.00","000","126A H 09100 000","WALNUT CREST TOWNHOMES FINAL PLAT","91","Commercial","6/16/2023"
"GC-WALNUT CREST LLC C/O GHERTNER AND CO","LAURA STREET PVT  2065","126A","H","092.00","000","126A H 09200 000","WALNUT CREST TOWNHOMES FINAL PLAT","92","Commercial","6/16/2023"
"GC-WALNUT CREST LLC C/O GHERTNER AND CO","LAURA STREET PVT  2069","126A","H","093.00","000","126A H 09300 000","WALNUT CREST TOWNHOMES FINAL PLAT","93","Commercial","6/16/2023"
"GC-WALNUT CREST LLC C/O GHERTNER AND CO","LAURA STREET PVT  2073","126A","H","094.00","000","126A H 09400 000","WALNUT CREST TOWNHOMES FINAL PLAT","94","Commercial","6/16/2023"
"GC-WALNUT CREST LLC C/O GHERTNER AND CO","LAURA STREET PVT  2085","126A","H","095.00","000","126A H 09500 000","WALNUT CREST TOWNHOMES FINAL PLAT","95","Commercial","6/16/2023"
"GC-WALNUT CREST LLC C/O GHERTNER AND CO","LAURA STREET PVT  2089","126A","H","096.00","000","126A H 09600 000","WALNUT CREST TOWNHOMES FINAL PLAT","96","Commercial","6/16/2023"
"GC-WALNUT CREST LLC C/O GHERTNER AND CO","LAURA STREET PVT  2093","126A","H","097.00","000","126A H 09700 000","WALNUT CREST TOWNHOMES FINAL PLAT","97","Commercial","6/16/2023"
"GC-WALNUT CREST LLC C/O GHERTNER AND CO","LAURA STREET PVT  3021","126A","H","101.00","000","126A H 10100 000","WALNUT CREST TOWNHOMES FINAL PLAT","101","Commercial","6/16/2023"
"GC-WALNUT CREST LLC C/O GHERTNER AND CO","LAURA STREET PVT  3025","126A","H","102.00","000","126A H 10200 000","WALNUT CREST TOWNHOMES FINAL PLAT","102","Commercial","6/16/2023"
"GC-WALNUT CREST LLC C/O GHERTNER AND CO","LAURA STREET PVT  3029","126A","H","103.00","000","126A H 10300 000","WALNUT CREST TOWNHOMES FINAL PLAT","103","Commercial","6/16/2023"
"GC-WALNUT CREST LLC C/O GHERTNER AND CO","LAURA STREET PVT  3033","126A","H","104.00","000","126A H 10400 000","WALNUT CREST TOWNHOMES FINAL PLAT","104","Commercial","6/16/2023"
"GC-WALNUT CREST LLC C/O GHERTNER AND CO","LAURA STREET PVT  3073","126A","H","105.00","000","126A H 10500 000","WALNUT CREST TOWNHOMES FINAL PLAT","105","Commercial","6/16/2023"
"GC-WALNUT CREST LLC C/O GHERTNER AND CO","LAURA STREET PVT  3077","126A","H","106.00","000","126A H 10600 000","WALNUT CREST TOWNHOMES FINAL PLAT","106","Commercial","6/16/2023"
"GC-WALNUT CREST LLC C/O GHERTNER AND CO","LAURA STREET PVT  3081","126A","H","107.00","000","126A H 10700 000","WALNUT CREST TOWNHOMES FINAL PLAT","107","Commercial","6/16/2023"
"GC-WALNUT CREST LLC C/O GHERTNER AND CO","LAURA STREET PVT  3129","126A","H","109.00","000","126A H 10900 000","WALNUT CREST TOWNHOMES FINAL PLAT","109","Commercial","6/16/2023"
"GC-WALNUT CREST LLC C/O GHERTNER AND CO","LAURA STREET PVT  3133","126A","H","110.00","000","126A H 11000 000","WALNUT CREST TOWNHOMES FINAL PLAT","110","Commercial","6/16/2023"
"GC-WALNUT CREST LLC C/O GHERTNER AND CO","LAURA STREET PVT  3137","126A","H","111.00","000","126A H 11100 000","WALNUT CREST TOWNHOMES FINAL PLAT","111","Commercial","6/16/2023"
"GC-WALNUT CREST LLC C/O GHERTNER AND CO","LAURA STREET PVT  3141","126A","H","112.00","000","126A H 11200 000","WALNUT CREST TOWNHOMES FINAL PLAT","112","Commercial","6/16/2023"
"GC-WALNUT CREST LLC C/O GHERTNER AND CO","LAURA STREET PVT  3149","126A","H","113.00","000","126A H 11300 000","WALNUT CREST TOWNHOMES FINAL PLAT","113","Commercial","6/16/2023"
"GC-WALNUT CREST LLC C/O GHERTNER AND CO","LAURA STREET PVT  3153","126A","H","114.00","000","126A H 11400 000","WALNUT CREST TOWNHOMES FINAL PLAT","114","Commercial","6/16/2023"
"GC-WALNUT CREST LLC C/O GHERTNER AND CO","LAURA STREET PVT  3157","126A","H","115.00","000","126A H 11500 000","WALNUT CREST TOWNHOMES FINAL PLAT","115","Commercial","6/16/2023"
"GC-WALNUT CREST LLC C/O GHERTNER AND CO","LAURA STREET PVT  3161","126A","H","116.00","000","126A H 11600 000","WALNUT CREST TOWNHOMES FINAL PLAT","116","Commercial","6/16/2023"
"GC-WALNUT CREST LLC C/O GHERTNER AND CO","LAURA STREET PVT  4001","126A","H","117.00","000","126A H 11700 000","WALNUT CREST TOWNHOMES FINAL PLAT","117","Commercial","6/16/2023"
"GC-WALNUT CREST LLC C/O GHERTNER AND CO","LAURA STREET PVT  4005","126A","H","118.00","000","126A H 11800 000","WALNUT CREST TOWNHOMES FINAL PLAT","118","Commercial","6/16/2023"
"GC-WALNUT CREST LLC C/O GHERTNER AND CO","LAURA STREET PVT  4009","126A","H","119.00","000","126A H 11900 000","WALNUT CREST TOWNHOMES FINAL PLAT","119","Commercial","6/16/2023"
"GC-WALNUT CREST LLC C/O GHERTNER AND CO","LAURA STREET PVT  4013","126A","H","120.00","000","126A H 12000 000","WALNUT CREST TOWNHOMES FINAL PLAT","120","Commercial","6/16/2023"
"GC-WALNUT CREST LLC C/O GHERTNER AND CO","LAURA STREET PVT  4019","126A","H","121.00","000","126A H 12100 000","WALNUT CREST TOWNHOMES FINAL PLAT","121","Commercial","6/16/2023"
"GC-WALNUT CREST LLC C/O GHERTNER AND CO","LAURA STREET PVT  4023","126A","H","122.00","000","126A H 12200 000","WALNUT CREST TOWNHOMES FINAL PLAT","122","Commercial","6/16/2023"
"GC-WALNUT CREST LLC C/O GHERTNER AND CO","LAURA STREET PVT  4027","126A","H","123.00","000","126A H 12300 000","WALNUT CREST TOWNHOMES FINAL PLAT","123","Commercial","6/16/2023"
"GC-WALNUT CREST LLC C/O GHERTNER AND CO","LAURA STREET PVT  4031","126A","H","124.00","000","126A H 12400 000","WALNUT CREST TOWNHOMES FINAL PLAT","124","Commercial","6/16/2023"
"GC-WALNUT CREST LLC C/O GHERTNER AND CO","LAURA STREET PVT  4039","126A","H","125.00","000","126A H 12500 000","WALNUT CREST TOWNHOMES FINAL PLAT","125","Commercial","6/16/2023"
"GC-WALNUT CREST LLC C/O GHERTNER AND CO","LAURA STREET PVT  4043","126A","H","126.00","000","126A H 12600 000","WALNUT CREST TOWNHOMES FINAL PLAT","126","Commercial","6/16/2023"
"GC-WALNUT CREST LLC C/O GHERTNER AND CO","LAURA STREET PVT  4047","126A","H","127.00","000","126A H 12700 000","WALNUT CREST TOWNHOMES FINAL PLAT","127","Commercial","6/16/2023"
"GC-WALNUT CREST LLC C/O GHERTNER AND CO","LAURA STREET PVT  4051","126A","H","128.00","000","126A H 12800 000","WALNUT CREST TOWNHOMES FINAL PLAT","128","Commercial","6/16/2023"
"GC-WALNUT CREST LLC C/O GHERTNER AND CO","SWEETGUM PVT ST  717","126A","H","129.00","000","126A H 12900 000","WALNUT CREST TOWNHOMES FINAL PLAT","129","Commercial","6/16/2023"
"GC-WALNUT CREST LLC C/O GHERTNER AND CO","SWEETGUM PVT ST  721","126A","H","130.00","000","126A H 13000 000","WALNUT CREST TOWNHOMES FINAL PLAT","130","Commercial","6/16/2023"
"GC-WALNUT CREST LLC C/O GHERTNER AND CO","SWEETGUM PVT ST  725","126A","H","131.00","000","126A H 13100 000","WALNUT CREST TOWNHOMES FINAL PLAT","131","Commercial","6/16/2023"
"GC-WALNUT CREST LLC C/O GHERTNER AND CO","SWEETGUM PVT ST  729","126A","H","132.00","000","126A H 13200 000","WALNUT CREST TOWNHOMES FINAL PLAT","132","Commercial","6/16/2023"
"GC-WALNUT CREST LLC C/O GHERTNER AND CO","SWEETGUM PVT ST  737","126A","H","133.00","000","126A H 13300 000","WALNUT CREST TOWNHOMES FINAL PLAT","133","Commercial","6/16/2023"
"GC-WALNUT CREST LLC C/O GHERTNER AND CO","SWEETGUM PVT ST  741","126A","H","134.00","000","126A H 13400 000","WALNUT CREST TOWNHOMES FINAL PLAT","134","Commercial","6/16/2023"
"GC-WALNUT CREST LLC C/O GHERTNER AND CO","SWEETGUM PVT ST  745","126A","H","135.00","000","126A H 13500 000","WALNUT CREST TOWNHOMES FINAL PLAT","135","Commercial","6/16/2023"
"GC-WALNUT CREST LLC C/O GHERTNER AND CO","SWEETGUM PVT ST  749","126A","H","136.00","000","126A H 13600 000","WALNUT CREST TOWNHOMES FINAL PLAT","136","Commercial","6/16/2023"
"GC-WALNUT CREST LLC C/O GHERTNER AND CO","SWEETGUM PVT ST  765","126A","H","137.00","000","126A H 13700 000","WALNUT CREST TOWNHOMES FINAL PLAT","137","Commercial","6/16/2023"
"GC-WALNUT CREST LLC C/O GHERTNER AND CO","SWEETGUM PVT ST  769","126A","H","138.00","000","126A H 13800 000","WALNUT CREST TOWNHOMES FINAL PLAT","138","Commercial","6/16/2023"
"GC-WALNUT CREST LLC C/O GHERTNER AND CO","SWEETGUM PVT ST  776","126A","H","139.00","000","126A H 13900 000","WALNUT CREST TOWNHOMES FINAL PLAT","139","Commercial","6/16/2023"
"GC-WALNUT CREST LLC C/O GHERTNER AND CO","SWEETGUM PVT ST  772","126A","H","140.00","000","126A H 14000 000","WALNUT CREST TOWNHOMES FINAL PLAT","140","Commercial","6/16/2023"
"GC-WALNUT CREST LLC C/O GHERTNER AND CO","SWEETGUM PVT ST  768","126A","H","141.00","000","126A H 14100 000","WALNUT CREST TOWNHOMES FINAL PLAT","141","Commercial","6/16/2023"
"GC-WALNUT CREST LLC C/O GHERTNER AND CO","SWEETGUM PVT ST  764","126A","H","142.00","000","126A H 14200 000","WALNUT CREST TOWNHOMES FINAL PLAT","142","Commercial","6/16/2023"
"GC-WALNUT CREST LLC C/O GHERTNER AND CO","SWEETGUM PVT ST  752","126A","H","143.00","000","126A H 14300 000","WALNUT CREST TOWNHOMES FINAL PLAT","143","Commercial","6/16/2023"
"GC-WALNUT CREST LLC C/O GHERTNER AND CO","SWEETGUM PVT ST  748","126A","H","144.00","000","126A H 14400 000","WALNUT CREST TOWNHOMES FINAL PLAT","144","Commercial","6/16/2023"
"GC-WALNUT CREST LLC C/O GHERTNER AND CO","SWEETGUM PVT ST  744","126A","H","145.00","000","126A H 14500 000","WALNUT CREST TOWNHOMES FINAL PLAT","145","Commercial","6/16/2023"
"GC-WALNUT CREST LLC C/O GHERTNER AND CO","SWEETGUM PVT ST  740","126A","H","146.00","000","126A H 14600 000","WALNUT CREST TOWNHOMES FINAL PLAT","146","Commercial","6/16/2023"
"GC-WALNUT CREST LLC C/O GHERTNER AND CO","SWEETGUM PVT ST  732","126A","H","147.00","000","126A H 14700 000","WALNUT CREST TOWNHOMES FINAL PLAT","147","Commercial","6/16/2023"
"GC-WALNUT CREST LLC C/O GHERTNER AND CO","SWEETGUM PVT ST  728","126A","H","148.00","000","126A H 14800 000","WALNUT CREST TOWNHOMES FINAL PLAT","148","Commercial","6/16/2023"
"GC-WALNUT CREST LLC C/O GHERTNER AND CO","SWEETGUM PVT ST  724","126A","H","149.00","000","126A H 14900 000","WALNUT CREST TOWNHOMES FINAL PLAT","149","Commercial","6/16/2023"
"GC-WALNUT CREST LLC C/O GHERTNER AND CO","SWEETGUM PVT ST  720","126A","H","150.00","000","126A H 15000 000","WALNUT CREST TOWNHOMES FINAL PLAT","150","Commercial","6/16/2023"
"GENTRY MARSHA JOSEPH ETVIR","SUMNER HALL DRIVE  338","126I","A","017.01","000","126I A 01701 000","SUMNER HALL RESUB LT 7","7A","Commercial","9/30/2013"
"GEORGE PHILLIP ALAN","NASHVILLE PIKE  665","126G","C","012.00","000","126G C 01200 000","LACKEY ADD","7-10","Commercial","9/22/1986"
"GEORGE TERRY","NORTH STREET  113","033B","D","008.00","001","033B D 00800 001","","","Commercial","3/9/2005"
"GERONIMO CAPITAL INVESTMENTS LLC","NEW SHACKLE ISLAND RD  579","145","","057.01","000","145    05701 000","TRIANGLE RESUB LOT 2","","Commercial","9/19/2024"
"GFRANCISCO MICHAEL DOMINICK TR GFRANCISCO CHARLENE MARY CO TR","31W HWY  2404","097E","B","012.00","000","097E B 01200 000","HIGHLAND EST SEC 1","0002","Commercial","10/11/2017"
"GFRANCISCO MICHAEL DOMINICK TR GFRANCISCO CHARLENE MARY TR OF","NORTH BROADWAY  819","019","","027.00","000","019    02700 000","","","Commercial","10/17/2018"
"GFRANCISCO MICHAEL TR MICHAEL D AND CHARLENE GFRANCISCO TRUST","GEORGE AKINS ROAD  200","044","","113.00","000","044    11300 000","","","Commercial","1/30/2025"
"GGC FAMILY TRUST","SHUN PIKE  806","095","","012.00","001","095    01200 001","","","Commercial","11/16/2023"
"GHAFFARI RYAN SHEA","ROCKLAND ROAD  333","160O","D","006.02","000","160O D 00602 000","OLD HICKORY HEATING-","3A-3","Commercial","12/23/2024"
"GIANG INVESTMENT LLC","JEAN AVENUE  645","113L","A","024.00","000","113L A 02400 000","GREEN HILLS","8","Commercial","10/12/2022"
"GIANG INVESTMENT LLC","JEAN AVENUE  625","113L","A","029.00","000","113L A 02900 000","GREEN HILLS S/D","0003","Commercial","10/12/2022"
"GIBBS ALFRED LEON","SLATERS CREEK ROAD  1315","121H","A","033.00","000","121H A 03300 000","","","Commercial","4/15/1994"
"GIBSON JAMES E ETUX AMELIA V","WATER AVENUE NORTH","126C","B","019.00","000","126C B 01900 000","","","Commercial","7/31/1986"
"GIBSON JAMES E ETUX AMELIA V","WATER AVENUE NORTH  149","126C","C","006.00","000","126C C 00600 000","GALLATIN BUGGY & IMP","IST","Commercial","1/1/2001"
"GIBSON JAMES E ETUX AMELIA V","WATER AVENUE NORTH  141","126C","C","007.00","000","126C C 00700 000","","","Commercial","1/5/1979"
"GIBSON PATRICIA H","52E HWY  609","033","","075.02","000","033    07502 000","","","Commercial","5/4/2026"
"GIBSON ZACH ETUX DENA","BATE AVENUE  232","113P","D","008.00","000","113P D 00800 000","MEADOWBROOK S/D ADD","59","Commercial","8/21/2024"
"GILLIAM C W JR","JACKSON ROAD  203","033I","B","011.00","000","033I B 01100 000","C W GILLIAM JR PROP","1","Commercial","7/5/1991"
"GILLIAM C W JR","52W HWY  202","033I","B","011.01","000","033I B 01101 000","C W GILLIAM JR PROP","2","Commercial","6/2/2008"
"GILLIAM SANDRA LEE","PARKERS CHAPEL ROAD","033","","045.02","001","033    04502 001","","","Commercial","7/14/2018"
"GILLIAM SANRA LEE","JACKSON ROAD  205","033I","B","010.00","000","033I B 01000 000","PARKS S/D","IST","Commercial","5/5/2008"
"GILLIAM WALLY","NORTH BROADWAY  406","033A","A","021.00","000","033A A 02100 000","","","Commercial","11/17/2010"
"GILLIAM WALLY","NORTH BROADWAY  0","033A","A","022.00","000","033A A 02200 000","","","Commercial","11/17/2010"
"GILMORE JOSHUA M ETUX MARINA M","EDGEWOOD DRIVE","135D","E","028.00","000","135D E 02800 000","SPRINGBROOK SEC 2 RES 27-54","42","Commercial","10/30/2023"
"GILMORE JOSHUA M GILMORE MARINA M ETUX","MEADOWVIEW DRIVE  1155","135D","E","015.00","000","135D E 01500 000","SPRINGBROOK SEC 2 RES 55-56,81-82","56","Commercial","9/17/2015"
"GIOSEFFI MICHAEL ETUX HANNAH","STERLING ROAD  217","172A","A","019.00","000","172A A 01900 000","HARBOR HILLS SEC.1 R","2-33","Commercial","9/27/2024"
"GIOSEFFI MICHAEL P","STERLING ROAD  215","172A","A","018.00","000","172A A 01800 000","HARBOR HILLS SEC.1 R","1-32","Commercial","1/13/2023"
"GLEN OAK INVESTMENT","GLEN OAK BOULEVARD  104","159A","K","001.03","000","159A K 00103 000","GLEN OAKS SHOPPING CENTER RESUB 1","3","Commercial","9/28/2020"
"GLEN OAK INVESTMENT ATTN DAVID J LUCKEY","GLEN OAK BOULEVARD  102","159A","K","001.05","000","159A K 00105 000","GLEN OAK INVESTMENT RESUB","1B","Commercial","9/28/2020"
"GLEN OAK INVESTMENT ATTN DAVID J LUCKEY","GLEN OAK BOULEVARD  102","159A","K","001.06","000","159A K 00106 000","GLEN OAK INVESTMENT RESUB","1C","Commercial","9/28/2020"
"GLENBROOK APARTMENTS GP SENTINEL REAL ESTATE CORP C/O","ANDREWS RUN  1026","144","","054.00","000","144    05400 000","","24","Commercial","7/18/2016"
"GLENBROOK HENDERSONVILLE LLC %MID AMERICA MGMT CORP","GLENBROOK WAY  1012","144","","112.00","000","144    11200 000","GLENBROOK NORTH REV-","2-2","Commercial","6/23/2005"
"GLENBROOK WEST GENERAL PARTNERSHIP","ANDREWS RUN  1006","144","","102.01","000","144    10201 000","GLENBROOK NORTH PH 2","18A","Commercial","3/25/2010"
"GLENN & SHARON SANDERS FRLT","WATER AVENUE SOUTH  1023","126N","G","008.00","000","126N G 00800 000","","","Commercial","8/6/2024"
"GLENN & SHARON SANDERS FRLT","WATER AVENUE SOUTH  1023","126N","G","009.00","000","126N G 00900 000","","","Commercial","8/6/2024"
"GLUECK SUERTE PTY LTD INC","STERLING ROAD  244","172A","B","025.00","000","172A B 02500 000","HARBOR HILLS SEC. 2","77","Commercial","12/28/2010"
"GLUECK-SUERTE PTY LTD INC","ERVIN STREET  100","164G","E","026.00","000","164G E 02600 000","MAPLE ROW ESTATES SEC 7 RESUB 732+733","732","Commercial","11/4/2013"
"GM GUNN QOF GP","AIRPORT ROAD  748","127","","002.14","000","127    00214 000","GM GUNN","2","Commercial","7/14/2023"
"GNF INVESTMENTS LLC","GAIL DRIVE  138","163C","C","024.00","000","163C C 02400 000","GLENHAVEN","16","Commercial","12/15/2020"
"GNF INVESTMENTS LLC","STILLWATER TRAIL  145","164F","E","019.00","000","164F E 01900 000","CUMBERLAND PLACE SEC 5","85","Commercial","10/14/2022"
"GNF INVESTMENTS LLC","LAKE TERRACE DRIVE  139","169F","A","013.00","000","169F A 01300 000","CHEROKEE WOODS SEC 6 PT 2","39","Commercial","12/15/2020"
"GNYP ALENE M ETVIR ANDREW JR","ORLEANS COURT WEST  1478","112K","A","008.00","000","112K A 00800 000","SUNNYMEADE S/D SEC 1","8","Commercial","12/14/1998"
"GNYP ANDREW JR ETUX ALENE M","ALBRIGHT LANE  392","134","","013.14","000","134    01314 000","WOODED ACRES-RE-RECO","3","Commercial","12/23/1998"
"GNYP ANDREW JR ETUX ALENE M","NEW SHACKLE ISLAND RD  159","160K","F","003.00","000","160K F 00300 000","ROLLING ACRES SEC. 5","0231","Commercial","6/13/1995"
"GNYP ANDREW JR ETUX ALENE M","NEW SHACKLE ISLAND RD  161","160K","F","004.00","000","160K F 00400 000","ROLLING ACRES SEC. 5","IST","Commercial","6/13/1995"
"GO OUTDOORS DRAKES CREEK LLC C/O MONARCH ALTERNATIVE CAPITAL LP","SANDERS FERRY ROAD  441","169P","E","012.00","000","169P E 01200 000","SIRLS JAMES","6","Commercial","1/3/2024"
"GO OUTDOORS DRAKES CREEK LLC C/O MONARCH ALTERNATIVE CAPITAL LP","SANDERS FERRY ROAD  0","169P","E","012.01","000","169P E 01201 000","","","Commercial","12/14/2023"
"GO STORE IT GALLATIN LLC","GOODVIEW WAY  149","125","","032.02","000","125    03202 000","GOODVIEW PROP","3","Commercial","7/21/2025"
"GOATDOG PROPERTIES INC","LOUISVILLE HWY  0","121","","143.00","000","121    14300 000","FISHER VANDERPOOL MH","","Commercial","10/8/2018"
"GOATDOG PROPERTIES LLC","SLATERS CREEK ROAD  1021","121","","055.00","000","121    05500 000","","","Commercial","2/1/2019"
"GOATDOG PROPERTIES LLC","POLE HILL ROAD  330","121","","142.00","000","121    14200 000","MILLERSVILLE MH PARK","IST","Commercial","10/8/2018"
"GOATDOG PROPERTIES LLC","FACTORY STREET","126F","G","025.01","000","126F G 02501 000","","2","Commercial","10/8/2018"
"GOING COASTAL LLC","MAPLE ROW BOULEVARD  145","159O","D","030.00","000","159O D 03000 000","MAPLE ROW BLVD","30","Commercial","1/17/2024"
"GOLDEN CHINA CORPORATION","WATER AVENUE SOUTH  0","126K","F","028.00","000","126K F 02800 000","LONGVIEW BLK 1 RESUB 1-3","3","Commercial","1/20/1992"
"GOLDEN CHINA CORPORATION","WATER AVENUE SOUTH  698","126K","F","029.00","000","126K F 02900 000","MORNINGSIDE HGTS","02-3","Commercial","1/20/1992"
"GOLDEN KAITLYN R","CURTIS CROSS ROADS  140","170M","D","003.00","001","170M D 00300 001","DELRAY PARK ESTATES","114","Commercial","12/11/2019"
"GOLOW GT LLC SERIES 2020-04","BALES STREET  1027","126M","D","029.01","000","126M D 02901 000","WOODWARDS RESUB-WOOD","3-3","Commercial","12/9/2021"
"GOLOW-GT LLC","ROSS AVENUE  123","113F","B","005.00","000","113F B 00500 000","L M ROSS","W PO2-3","Commercial","8/23/2022"
"GOLOW-GT LLC","ROSS AVENUE  217","113F","B","009.00","000","113F B 00900 000","L M ROSS","16,PO17","Commercial","8/23/2022"
"GOLOW-GT LLC","ROSS AVENUE","113F","B","014.00","000","113F B 01400 000","L M ROSS","29","Commercial","8/23/2022"
"GOLOW-GT LLC","CENTRAL DRIVE","126M","B","003.01","000","126M B 00301 000","CARTER SUB RESUB #2-","4-LIST","Commercial","8/23/2022"
"GOLOW-GT LLC","CENTRAL DRIVE","126M","B","004.01","000","126M B 00401 000","CARTER SUB RESUB #2-","3-LIST","Commercial","8/23/2022"
"GOLOW-GT LLC","BALES STREET  1014","126M","C","019.00","000","126M C 01900 000","CARTER S/D #2","IST","Commercial","8/23/2022"
"GOLOW-GT LLC","BALES STREET  1010","126M","C","021.00","000","126M C 02100 000","CARTER S/D","50-51","Commercial","8/23/2022"
"GOLOW-GT LLC","WATER AVE S 1004","126N","F","016.00","000","126N F 01600 000","LONGVIEW ESTATE 2ND ADDN","4","Commercial","8/23/2022"
"GOLOW-GT LLC Series #2021-09","EASTOVER STREET  130","113F","A","013.00","000","113F A 01300 000","LANGFORD HGTS NO 1","11-12","Commercial","8/23/2022"
"GOM INVESTMENT LLC","GLEN OAK BOULEVARD  105","144M","D","004.00","000","144M D 00400 000","TENTEX COMM PROP","2A","Commercial","11/6/2023"
"GONZALES HIGINIO SANCHEZ","ACADEMY RD  3820","052","","069.00","000","052    06900 000","","","Commercial","12/29/2022"
"GOOD CHRISTOPHER ALAN GOOD LISA ANN","WEST MAIN STREET  698","160N","A","041.00","000","160N A 04100 000","FOREST RETREAT","PO4","Commercial","8/1/2018"
"GOODWIN SCOTT C","COUNTRY CLUB DRIVE  100","159K","C","016.00","005","159K C 01600C005","CLUB PLACE OFFICE CO","E 108","Commercial","10/5/2021"
"GOOLSBY DAVID KEVIN & BRYAN ANTHONY GOOLSBY","BLYTHE AVENUE  0","113N","H","022.00","000","113N H 02200 000","","","Commercial","5/11/2026"
"GOOLSBY KEVIN GOOLSBY BRYAN","BLYTHE AVENUE  0","113N","H","020.00","000","113N H 02000 000","","","Commercial","5/11/2026"
"GOOLSBY KEVIN GOOLSBY BRYAN","ST LUKE PLACE  103","113N","H","021.00","000","113N H 02100 000","DURHAM BLYTHE","","Commercial","5/11/2026"
"GOOLSBY KEVIN GOOLSBY BRYAN","BLYTHE AVENUE  315","113N","H","023.00","000","113N H 02300 000","","","Commercial","5/11/2026"
"GORDEN CROSSING LLC ATTN MIKE TIDWELL","GORDEN XING  2021","146","","117.00","000","146    11700 000","SAVANNAH MARKETPLACE PH2 RESUB","4D","Commercial","2/15/2023"
"GORDEN CROSSING LLC ATTN MIKE TIDWELL","GORDEN XING  2017","146","","121.00","000","146    12100 000","SAVANNAH MARKETPLACE PH2 RESUB","4A","Commercial","2/15/2023"
"GORDON BART GORDON LESLIE ETUX","AIRPORT ROAD  1789","135","","012.00","000","135    01200 000","CROSSINGS SEC 4 RESU","3","Commercial","6/20/2016"
"GOST JOHANNA SUZANNE TR FARRELL JEFFREY B & DANA S TRS","GLENBROOK WAY  1004","144","","104.05","000","144    10405 000","","3","Commercial","2/8/2021"
"GOVAN PEGGY W TRUSTEE","WATER AVENUE NORTH  116","126C","G","006.00","000","126C G 00600 000","","","Commercial","5/9/2008"
"GP SELF-STORAGE 1020 LLC","SLATERS CREEK ROAD  1020","121","","061.02","000","121    06102 000","ARDEE INDUSTRIAL PAR","1","Commercial","3/31/2021"
"GPH GALLATIN BRANDYWOOD LLC C/O CUARZO HEALTHCARE CAPITAL","BLEDSOE STREET EAST  555","126D","E","016.03","000","126D E 01603 000","FACILITY #0081","","Commercial","3/14/2006"
"GPH GALLATIN BRANDYWOOD LLC C/O CUARZO HEALTHCARE CAPITAL","BLEDSOE STREET EAST  555","126D","E","016.05","000","126D E 01605 000","FACILITY #0082","","Commercial","3/14/2006"
"GPH GALLATIN BRANDYWOOD LLC C/O CUARZO HEALTHCARE CAPITAL","WESTLAND AVENUE SOUTH  0","126D","E","016.06","000","126D E 01606 000","FACILITY #0083","","Commercial","3/14/2006"
"GPH GALLATIN BRANDYWOOD LLC C/O CUARZO HEALTHCARE CAPITAL","WESTLAND AVENUE SOUTH  0","126D","E","016.07","000","126D E 01607 000","FACILITY #0081","","Commercial","3/14/2006"
"GRAHAM REAL ESTATE HOLDINGS LLC","HARRIS LANE  284","125","","047.00","001","125    04700 001","","","Commercial","5/13/2020"
"GRANTS FIREWORKS PROP MGMT LP","EAST MAIN STREET  760","146","","057.00","000","146    05700 000","","","Commercial","8/7/2009"
"GRATEFUL INVESTMENTS LLC","SCHELL STREET EAST  182","126F","E","007.00","000","126F E 00700 000","","","Commercial","2/11/2022"
"GRATEFUL INVESTMENTS LLC","KATHY CIRCLE  805","126P","E","006.00","000","126P E 00600 000","JACOBS HEIGHTS","IST","Commercial","9/23/2021"
"GRAVES BETTY","PARK STREET  911","044E","A","025.00","001","044E A 02500 001","","","Commercial",""
"GRAVES DAKODA S GRAVES BRIANNA L","52E HWY NE 895","045","","059.01","000","045    05901 000","","","Commercial","2/12/2018"
"GRAVES DANNY ETUX BETTY C/O ANITA SULLIVAN","31E HWY  3976","064","","052.01","000","064    05201 000","BRANSFORD ACRES","-3","Commercial","1/9/2023"
"GRAVES DANNY L ETUX GRAVES BETTY R","31E HWY  6208","067","","002.00","001","067    00200 001","","","Commercial",""
"GRAVES DANNY L LIFE ESTATE GRAVES BETTY","31E HWY  4165","064","","025.01","000","064    02501 000","","","Commercial","3/1/2022"
"GRAVES FAMILY HOLDINGS LLC","VOLUNTEER DRIVE  120","159I","B","031.06","000","159I B 03106 000","OAKVALE INDUSTRIAL PARK","2","Commercial","9/1/2022"
"GRAVES FAMILY HOLDINGS LLC","VOLUNTEER DRIVE  118","159I","B","032.00","000","159I B 03200 000","OAKVALE INDUSTRIAL PARK","1","Commercial","9/1/2022"
"GRAVES FREDERICK GRAVES JANICE ETUX","SUMNER DRIVE  3407","044","","091.02","000","044    09102 000","","2","Commercial","12/29/2014"
"GRAVES FREDERICK GRAVES JANICE ETUX","SUMNER DRIVE  3411","044","","091.03","000","044    09103 000","","1","Commercial","12/29/2014"
"GRAVES KALISTA & NICOLE DEAN","PARK STREET  1031","044D","B","011.00","000","044D B 01100 000","","","Commercial","12/16/2022"
"GRAVES KEITH GRAVES ANGELA ETUX","DUTCH CREEK ROAD  1001","029","","050.00","000","029    05000 000","","","Commercial","5/27/2026"
"GRAVES STEVE","ROCK SPRINGS ROAD  1514","084","","023.00","001","084    02300 001","","","Commercial","1/19/2023"
"GRAVES THOMAS L","HANCOCK STREET  343","126O","D","004.03","000","126O D 00403 000","LACKEY PROP PH 3","21","Commercial","1/3/2001"
"GRAVES THOMAS LYNN","SOUTH BROADWAY  802","039B","B","007.00","000","039B B 00700 000","COUNTRY CLUB ESTATES","8","Commercial","8/30/2012"
"GRAVES TIM GRAVES TAMMY ETUX","COLLEGE STREET  208","033H","C","006.00","000","033H C 00600 000","WESTSIDE APARTMENTS","1-5","Commercial","10/20/2017"
"GRAVES TIM GRAVES TAMMY ETUX","RAY STREET  3019","044C","H","022.00","000","044C H 02200 000","R. L. PAUL","18-22","Commercial","8/24/2018"
"GREAT ABODE LLC","MCKAIN XING  125","137J","B","021.00","000","137J B 02100 000","SAUNDERSVILLE STATION PH 3","96","Commercial","9/19/2022"
"GREAT ABODE LLC 111","JAMESTOWN PLACE  111","163F","F","012.00","000","163F F 01200 000","HARBORTOWNE PH 2","147","Commercial","8/11/2022"
"GREAT ABODE LLC 424","LENOX PLACE  424","114N","E","028.00","000","114N E 02800 000","CAMBRIDGE FARMS PH 3","260","Commercial","8/11/2022"
"GREAT AMERICAN REALITY OF BELLMORE LLC","BRITTAN ST  104","159E","A","001.03","000","159E A 00103 000","BLUEGRASS LANDING","2","Commercial","3/28/2017"
"GREAT AMERICAN REALTY OF BON AQUA LLC","MAGNOLIA SPRINGS RD  1070","016","","001.02","000","016    00102 000","JOSEPH DECARL PROPER","3","Commercial","3/15/2016"
"GREAT AMERICAN REALTY OF LEVITTOWN LLC","SOUTH BROADWAY  914","039G","A","001.00","000","039G A 00100 000","RICHLAND PLAZA","1","Commercial","6/19/2013"
"GREAT AMERICAN REALTY OF TENNESSEE INC","NEW SHACKLE ISLAND RD  287","160D","B","011.05","000","160D B 01105 000","NEWMAN PLAZA SEC 4","5","Commercial","6/1/1988"
"GRECU FRANZISKA GRECU VASILE ETUX","CREEKSIDE COURT","113P","G","024.00","000","113P G 02400 000","CREEKVIEW SEC. 1","0068","Commercial","9/20/2017"
"GREEN & LITTLE LP","LONG HOLLOW PIKE  1049","125E","A","018.00","000","125E A 01800 000","VILLAGE GREEN BUSINE","2-2","Commercial","12/29/2004"
"GREEN & LITTLE LP","NASHVILLE PIKE  1592","136","","004.14","000","136    00414 000","GREENSBORO VILLAGE","3","Commercial","9/12/2018"
"GREEN FARMS II LP","BUSINESS PARK CIRCLE  3000","143J","F","004.00","000","143J F 00400 000","NORTHCREEK BUSINESS PARK SEC 12 RES 2","1","Commercial","4/13/2018"
"GREEN MICHAEL E ETUX NICOLE","LONE OAK DRIVE  854","126O","D","005.00","000","126O D 00500 000","SOUTHWEST DEV RESUB-","9-9A","Commercial","8/16/1999"
"GREEN MXB LLC","31E HWY NE 5285","044","","121.00","000","044    12100 000","","","Commercial","11/1/2023"
"GREEN TYRIN XAVIER-ALLEN","OLD SHACKLE ISLAND RD  177","160M","B","032.02","000","160M B 03202 000","EAGLE ROCK PROP","2","Commercial","2/26/2021"
"GREENE RONALD E ETUX ARLENE P","WALTON FERRY ROAD  214","163D","F","008.00","001","163D F 00800 001","","","Commercial","7/15/2002"
"GREENIDGE GLEN","EAST MARKET STREET  105","033H","H","026.04","000","033H H 02604 000","","","Commercial","5/3/2007"
"GREENIDGE VERNA BAIN","SHIVEL DRIVE  216","163D","G","004.00","000","163D G 00400 000","HARRY FRITH","1","Commercial","6/20/2018"
"GREENLEA BOULEVARD PROPERTIES","GOODVIEW WAY  126","125","","032.08","000","125    03208 000","","2","Commercial","4/18/2019"
"GREENLEA COMMONS PROPERTIES","GOODVIEW WAY  120","125","","032.06","000","125    03206 000","FIREHOUSE SUBS FINAL PLT/ SPEEDWAY RESUB","1","Commercial","5/31/2018"
"GREENWICH VILLAGER COMPANY LP THE ZUCKER ORGANIZATION C/O","GLENBROOK WAY  1037","144","","123.00","000","144    12300 000","GLENBROOK NORTH SEC-","12-12","Commercial","12/30/2016"
"GREGORY CHARLES GREGORY MARTHA ETUX","WATER AVENUE SOUTH  1331","135L","A","015.00","000","135L A 01500 000","VALLEY OVER LOOK","36","Commercial","4/19/2016"
"GREGORY CHARLES GREGORY MARTHA ETUX","WATER AVENUE SOUTH  0","135L","A","016.00","000","135L A 01600 000","VALLEY OVER LOOK","35","Commercial","4/19/2016"
"GREGORY CHARLES GREGORY MARTHA ETUX","WATER AVENUE SOUTH  0","135L","A","017.00","000","135L A 01700 000","VALLEY OVER LOOK","34","Commercial","4/19/2016"
"GREGORY CHARLES GREGORY MARTHA ETUX","WATER AVENUE SOUTH  0","135L","A","018.00","000","135L A 01800 000","VALLEY OVER LOOK","33","Commercial","4/19/2016"
"GREGORY CHARLES H GREGORY MARTHA F ETUX","WATER AVENUE SOUTH  1357","135L","A","019.00","000","135L A 01900 000","VALLEY OVER LOOK","32","Commercial","8/15/2019"
"GREGORY DOUGLAS L ETUX SUSAN L","CENTER POINT ROAD","160","","014.00","000","160    01400 000","","","Commercial","7/28/2026"
"GREGORY DOUGLAS L ETUX SUSAN L","CENTER POINT ROAD","160","","015.00","000","160    01500 000","","","Commercial","7/28/2026"
"GREGORY JERRY ETUX GLENDA","52E HWY  208","033G","G","009.00","000","033G G 00900 000","BRADIE PERDUE PROPER","1","Commercial","6/18/2003"
"GREGORY JOEY ETUX DONNA","WATER AVENUE SOUTH  0","126C","J","007.00","000","126C J 00700 000","","","Commercial","9/14/1990"
"GREGORY JOEY ETUX DONNA","WATER AVENUE SOUTH  0","126C","J","008.00","000","126C J 00800 000","","","Commercial","9/14/1990"
"GREGORY JOEY ETUX DONNA","MAIN STREET WEST  107","126C","J","009.00","000","126C J 00900 000","","","Commercial","12/1/1995"
"GREGORY JOYCE","31E HWY","045","","061.00","000","045    06100 000","","","Commercial","8/2/2024"
"GREGORY JOYCE","31E HWY","045","","061.03","000","045    06103 000","","","Commercial","8/2/2024"
"GREGORY LARRY WAYNE ETUX RENEE","VULCO DRIVE 162A-B  0","170L","C","002.00","000","170L C 00200 000","LAKESIDE PARK SEC 4","96","Commercial","5/8/2006"
"GREGORY MICHAEL D ETUX CHARLENE M","HARRISON STREET  1207","044E","E","016.00","000","044E E 01600 000","","","Commercial","2/22/2013"
"GREGORY REAL ESTATE LLC","AIRPORT ROAD  730","127","","002.04","000","127    00204 000","RAMSEY INDUSTRIAL CENTER RESUB LT2","2-2","Commercial","8/6/2003"
"GREGORY WALLACE","WATER AVENUE SOUTH  627","126L","B","017.01","000","126L B 01701 000","SOUTH GATE SHOPPING","B","Commercial","1/5/1999"
"GREGORY WALLACE & FRANCES TRUST","BROADWAY WEST  160","126C","A","014.00","000","126C A 01400 000","TOWN CREEK RE DEV. S","07-9","Commercial","4/25/2024"
"GREGORY WALLACE & FRANCES TRUST","BROADWAY WEST  171","126C","B","006.00","000","126C B 00600 000","TOWN CREEK RE DEV.","IST","Commercial","4/25/2024"
"GREGORY WALLACE & FRANCES TRUST","BROADWAY WEST  171","126C","B","007.00","000","126C B 00700 000","TOWN CREEK RE DEV.","IST","Commercial","4/25/2024"
"GREGORY WALLACE & FRANCES TRUST","WATER AVENUE SOUTH  703","126L","B","017.02","000","126L B 01702 000","SOUTHGATE SHOPPING C","C","Commercial","4/25/2024"
"GREGORY WALLACE & FRANCES TRUST","WATER AVENUE SOUTH  817","126M","A","012.01","000","126M A 01201 000","","","Commercial","4/25/2024"
"GREGORY WALLACE JEFFREY REED GREGORY","WATER AVENUE SOUTH  426","126F","F","019.00","000","126F F 01900 000","","","Commercial","11/10/2011"
"GRIBBINS LARRY","WEST MAIN STREET  760","160O","B","003.02","000","160O B 00302 000","","","Commercial","5/21/2001"
"GRIBBINS LARRY ETUX CHARLOTTE","NEW SHACKLE ISLAND  137","160N","C","078.00","000","160N C 07800 000","HENDERSONVILLE PARK-","41-66","Commercial","1/14/2002"
"GRIFFIN JOHNNY W","WATER AVENUE NORTH  657","113K","G","009.00","000","113K G 00900 000","REED ADD.","IST","Commercial","12/8/1992"
"GRIGSBAY MARY F TR","HARTSVILLE PIKE  1705","112L","A","031.00","000","112L A 03100 000","SUNNYMEADE S/D SEC 1","151","Commercial","12/29/2005"
"GRIGSBAY MARY F TR","HARTSVILLE PIKE  1713","112L","A","033.00","000","112L A 03300 000","SUNNYMEADE S/D SEC 1","153","Commercial","5/22/2006"
"GRIGSBAY MARY F TR","HARTSVILLE PIKE  1719","112L","A","035.00","000","112L A 03500 000","SUNNYMEADE S/D SEC 1","155","Commercial","12/29/2005"
"GRISSIM J MITCHELL JR","EAST MAIN STREET  240","159J","A","021.04","000","159J A 02104 000","INDIAN LAKE SEC 2 RESUB 3A+B","3A","Commercial","10/31/2005"
"GRISSIM LISA MARIE TR LISA MARIE GRISSIM LIVING TRUST 2024","NASHVILLE PIKE  1184","125M","A","011.00","000","125M A 01100 000","BAKERS ACRES","LIST","Commercial","3/21/2025"
"GSF TRUST 2025","AUSTIN PEAY HWY  5219","044D","B","002.00","000","044D B 00200 000","","","Commercial","7/11/2025"
"GUERRERO PROPERTIES LLC","HILLSIDE DRIVE  147","160C","D","001.00","000","160C D 00100 000","HILLWOOD EST SEC 4D","1","Commercial","5/20/2024"
"GUERRERO PROPERTIES LLC","EVERGREEN CIRCLE  195","160F","A","002.00","000","160F A 00200 000","BRIARCLIFF ESTATE SEC 1","27","Commercial","2/13/2024"
"GUEVARA EDWIN GUEVARA ALMA ETUX","31E HWY OLD  1502","044F","B","008.00","000","044F B 00800 000","","","Commercial","9/2/2020"
"GUHA SUBIR TR MAURAS NORIDIA TR","COMMONS DRIVE  608","126J","C","002.00","000","126J C 00200 000","COMMONS","1B","Commercial","12/16/2017"
"GUNG HO REAL ESTATE LLC","EAST MAIN STREET  168","159I","D","031.00","000","159I D 03100 000","MARTINS OAK SEC 3","1","Commercial","9/22/2021"
"GUSTAFSON MICHAEL ETUX WENDY","POWELL DRIVE  126","163D","A","024.00","000","163D A 02400 000","C L POWELL","22","Commercial","4/16/2007"
"GUSTAFSON MICHAEL K ETUX WENDY L","FOREST RETREAT ROAD  135","160O","A","020.00","001","160O A 02000 001","FOREST RETREAT","1","Commercial","4/15/2011"
"H & V LLC","RED RIVER ROAD  0","113P","A","014.00","000","113P A 01400 000","","","Commercial","5/28/1996"
"H & V LLC","EAST CAMP TRAIL  309","113P","A","014.00","001","113P A 01400T001","EAST CAMP VILLAGE","","Commercial",""
"H & V LLC","EAST CAMP TRAIL  376","113P","A","014.00","015","113P A 01400T015","EAST CAMP VILLAGE","","Commercial",""
"H & V LLC","DOGWOOD BRANCH  330","113P","A","014.00","084","113P A 01400T084","EAST CAMP VILLAGE","","Commercial",""
"H & V LLC","EAST CAMP TRAIL  0","113P","A","014.01","000","113P A 01401 000","","","Commercial","5/28/1996"
"H & V LLC","EAST CAMP TRAIL  0","113P","A","014.01","001","113P A 01401 001","EAST CAMP VILLAGE","","Commercial",""
"H & V LLC","EAST CAMP TRAIL  304","113P","A","014.01","001","113P A 01401T001","EAST CAMP VILLAGE","","Commercial",""
"H & V LLC","DOGWOOD BRANCH PVT  0","113P","A","017.00","000","113P A 01700 000","","","Commercial","4/20/1999"
"H & V LLC","DOGWOOD BRANCH  160","113P","A","017.00","096","113P A 01700T096","EAST CAMP VILLAGE","","Commercial",""
"H & V LLC","DOGWOOD BRANCH  166","113P","A","017.00","097","113P A 01700T097","EAST CAMP VILLAGE","","Commercial",""
"H & V LLC","DOGWOOD BRANCH  201","113P","A","017.00","106","113P A 01700T106","EAST CAMP VILLAGE","","Commercial",""
"H G HILL REALTY CO","LONG HOLLOW PIKE  455","143","","064.00","000","143    06400 000","WILLIAM M KIZER LAND","1","Commercial","8/28/1987"
"H G HILL REALTY CO","NEW SHACKLE ISLAND RD  365","144","","108.00","000","144    10800 000","HURT & WELTON SUB","2","Commercial","11/7/2002"
"H G HILL REALTY COMPANY","MAIN STREET EAST  401","126D","A","008.00","000","126D A 00800 000","","","Commercial","3/1/1956"
"H3 INVESTMENTS LLC","CEMETERY AVENUE  202","126C","N","022.00","000","126C N 02200 000","MONAARCH VILLAGE APT","1","Commercial","1/31/2019"
"H3 INVESTMENTS LLC %HOLLOWAY WAYNE C/O","HUME AVENUE NORTH  228","113N","E","035.00","000","113N E 03500 000","WOODSON TERRACE","PO20","Commercial","1/31/2019"
"HAB PROPERTIES LLC","NEW SHACKLE ISLAND RD  593","145","","057.02","000","145    05702 000","TRIANGLE","3","Commercial","4/10/2018"
"HABILITATION & TRAINING SERVICES INC","AIRPORT ROAD  545","112","","073.03","001","112    07303 001","HATS SUB","2A","Commercial","2/1/1993"
"HACKNEY KENNETH W HACKNEY LINDA D ETUX","76 HWY  3206","058","","011.00","000","058    01100 000","","","Commercial","5/28/2021"
"HACKNEY KENNETH W HACKNEY LINDA D ETUX","76 HWY  3202","058","","012.00","000","058    01200 000","","","Commercial","5/28/2021"
"HALE , J GREGORY TR OF J GREGORY HALE LIV TR","WATER AVENUE SOUTH  521","126F","H","002.00","000","126F H 00200 000","","","Commercial","8/23/2019"
"HALE , J GREGORY TR OF J GREGORY HALE LIV TR","NEW SHACKLE ISLAND RD  251","160E","G","002.00","000","160E G 00200 000","HUNTER APARTMENTS","1","Commercial","8/23/2019"
"HALE ALVIN D HALE JEAN E ETUX","EAST MAIN STREET  700","146","","062.00","000","146    06200 000","JOHNNY CASH PROP RES","1-1","Commercial","8/31/2017"
"HALL HAROLD LEE TR","NORTH BROADWAY  636","019","","113.00","000","019    11300 000","MICHAEL S HENSON PRO","1","Commercial","3/24/2008"
"HALL HAROLD LEE TRUSTEE","NORTH BROADWAY  634","019","","113.01","000","019    11301 000","MICHAEL S HENSON PRO","2","Commercial","2/28/2007"
"HALL HAROLD LEE TRUSTEE","NORTH BROADWAY  804","019E","A","006.00","000","019E A 00600 000","JACKSON PLACE-JACKSO","6-6","Commercial","9/30/2008"
"HALL HAROLD LEE TRUSTEE","NORTH BROADWAY  201","033A","C","020.00","000","033A C 02000 000","","","Commercial","6/5/2009"
"HALL JAMES N TRUST FBO HALL DOUGLAS M","NASHVILLE PIKE  2375","146","","040.00","000","146    04000 000","AVONDALE FARM BOUNDR","","Commercial","6/30/2018"
"HALL RUBY N & SAMMIE RICHARD HALL","WATER AVENUE NORTH  804","113F","B","030.00","000","113F B 03000 000","L M ROSS ADD","IST","Commercial","2/19/2009"
"HALL SAMMIE RICHARD ETUX CONNIE SUE","WATER AVENUE NORTH  805","113F","A","010.00","000","113F A 01000 000","LANGFORD HGTS NO 1","1-3","Commercial","2/4/1997"
"HALLE PROPERTIES LLC","EAST MAIN STREET  571","159E","B","025.04","000","159E B 02504 000","BLUEGRASS VILLAGE COMM #2 RESUB 3","3","Commercial","10/10/2007"
"HALLMARK BELMONT LODGE WH LLC","MCCURDY ROAD  713","097","","004.00","000","097    00400 000","","","Commercial","12/19/2017"
"HALLMARK CLEARVIEW LLC","31W HWY  3318","077G","A","010.00","000","077G A 01000 000","","","Commercial","8/24/2015"
"HALLMARK OAKWOOD VILLAGE LLC","OAKWOOD DRIVE  2021","045","","033.01","000","045    03301 000","","","Commercial","8/27/2015"
"HANCOCK JONATHAN COLLINS CHARLES R","SOUTH RUSSELL STREET  201","033G","F","018.00","000","033G F 01800 000","FRED WHITE BUSINESS","1","Commercial","10/18/2019"
"HANKINS JOSHUA D HANKINS AMY N ETUX","SAUNDERSVILLE ROAD  117","145","","075.00","205","145    07500C205","INDIAN LAKE VILLAGE-","33","Commercial","7/22/2020"
"HANNAH CUSTOM HOMES LLC","COMMERCE DRIVE  100","160N","C","046.00","000","160N C 04600 000","HENDERSONVILLE PARK","40","Commercial","2/25/2026"
"HANNAH DEVELOPMENT LLC","ELLEN DRIVE  618","143O","A","017.00","000","143O A 01700 000","PAGE HEIGHTS SEC 3","128","Commercial","9/22/2021"
"HANZO JEFF ETUX NICOLA","SOUTH BROADWAY  712","033O","A","004.01","000","033O A 00401 000","","","Commercial","5/3/2024"
"HARDAWAY WILLIAM L ETUX JUDY G","N OLD 109 HWY  1126","104","","094.03","000","104    09403 000","HUBERT TROUTT & PAUL","2A","Commercial","5/10/1994"
"HARDAWAY WILLIAM L ETUX JUDY G","N OLD 109 HWY  1122","104","","094.04","000","104    09404 000","HUBERT TROUTT & PAUL","2B","Commercial","5/10/1994"
"HARDEES RESTAURANTS LLC C/O TAX DEPT","SOUTH BROADWAY  617","033P","A","009.00","000","033P A 00900 000","","","Commercial","4/1/2013"
"HARDEES RESTAURANTS LLC C/O TAX DEPT","31E HWY NE 5213","045","","063.00","000","045    06300 000","","","Commercial","4/1/2013"
"HARDEES RESTAURANTS LLC C/O TAX DEPT","31E HWY  0","045","","063.03","000","045    06303 000","","","Commercial","4/1/2013"
"HARDIN DAVID ETUX COLETTE","WEST MAIN STREET  709","163C","A","032.00","000","163C A 03200 000","FOREST RETREAT","LIST","Commercial","6/20/2008"
"HARDIN HERMAN HARDIN MAE ETUX","AUSTIN PEAY HWY  4806","044","","018.00","000","044    01800 000","","","Commercial","1/25/1985"
"HARDING STEPHANE K","BUSINESS PARK CIRCLE  3100","143J","F","009.06","000","143J F 00906 000","NORTHCREEK BUSINESS PARK SEC 14","1","Commercial","9/27/2023"
"HARDISON WALLACE E TR HARDISON BEVERLY ANN TR","LONG HOLLOW PIKE  3600","139","","011.00","000","139    01100 000","HARDISON","","Commercial","12/28/2021"
"HARE RAMA LLC","52E HWY  900","032H","C","001.00","000","032H C 00100 000","DRAKEWOOD SEC 2","1","Commercial","10/31/2005"
"HARPER JAMES EDWARD","JONES ROAD  1111","095","","064.00","001","095    06400 001","","","Commercial","4/14/2017"
"HARPER JOE","JOHNSON STREET","126N","K","034.00","000","126N K 03400 000","HALEWOOD EST. ADD. 3","0045","Commercial","1/27/1992"
"HARPER KENNETH R ETUX AMY L","NORTH BROADWAY  603","019M","A","004.00","000","019M A 00400 000","","","Commercial","8/21/2023"
"HARPER KENNETH R HARPER AMY L","JERRY STREET  113","039J","A","011.00","000","039J A 01100 000","HUNTER HGTS","0016","Commercial","7/28/2021"
"HARPER KENNETH R HARPER AMY L","JERRY STREET  111","039J","A","012.00","000","039J A 01200 000","HUNTER HGTS","0015","Commercial","7/28/2021"
"HARPER KENNETH R HARPER AMY L","76 HWY  3201","058","","068.01","000","058    06801 000","","","Commercial","7/5/2017"
"HARPER KENNETH R HARPER AMY L ETUX","RICHLAND STREET  304","033H","A","024.00","000","033H A 02400 000","MCGLOTHLIN","IST","Commercial","6/24/2021"
"HARPER KENNETH R HARPER AMY L ETUX","76 HWY  3205","058","","070.00","000","058    07000 000","","","Commercial","7/5/2017"
"HARRIS BEVERLY D TR HARRIS IRREVOCABLE FAMILY TRUST","INDIAN LAKE BLVD  165","159J","A","021.16","108","159J A 02116C108","INDIAN LAKE OFFICES","108","Commercial","8/5/2022"
"HARRIS HANDYMAN LLC","LONG HOLLOW PIKE  824","143","","020.05","000","143    02005 000","GILBERTH SHREEVE EST","2","Commercial","2/21/2024"
"HARRIS TRENTON RICHARD","REBECCA DRIVE  155","169A","E","008.00","000","169A E 00800 000","SURFSIDE PARK SEC 5","295","Commercial","2/1/2023"
"HARRISON INVESTMENTS LLC","PHOSPHATE LANE  350","091","","025.00","000","091    02500 000","","","Commercial","5/16/2018"
"HARRISON INVESTMENTS LLC","BEACON STREET  229","114D","E","005.00","000","114D E 00500 000","","329","Commercial","3/25/2016"
"HARRISON PROPERTIES LP","TOWNSHIP DRIVE  103","160D","B","011.02","000","160D B 01102 000","NEWMAN PLAZA SEC. 3","2","Commercial","2/29/2008"
"HARRISON PROPERTIES LP","TOWNSHIP DRIVE  105","160D","B","011.03","000","160D B 01103 000","NEWMAN PLAZA SEC 3","3","Commercial","2/29/2008"
"HARRISON PROPERTIES LP","NEW SHACKLE ISLAND RD  291","160D","B","011.04","000","160D B 01104 000","NEWMAN PLAZA SEC.3","4","Commercial","2/29/2008"
"HARRISON TRUDY L","PARK AVENUE EAST  145","126F","K","041.00","000","126F K 04100 000","SUNSET VIEW","0010","Commercial","12/8/2020"
"HARSH JOE D & KELLY PHILIP C & GWYNN K S","PUBLIC SQUARE  123","126C","F","016.00","000","126C F 01600 000","","","Commercial","12/28/2012"
"HARSH JOE D & PHILIP C KELLY & GWYNN K S PHILLIP C KELLY C/O","PUBLIC SQUARE  121","126C","F","017.00","000","126C F 01700 000","","","Commercial","12/28/2012"
"HARSH NORMA JEAN SIMPSON M FERRELL HAILE ETUX","MAIN STREET EAST  522","113M","G","002.00","000","113M G 00200 000","","","Commercial","12/27/1991"
"HARSH NORMA JEAN SIMPSON M FERRELL HAILE ETUX","MAIN STREET EAST  0","113M","G","003.00","000","113M G 00300 000","EASTLAND ADDITION","PO36","Commercial","12/27/1991"
"HARSH RICHARD WARREN HARSH JOSEPH DANIEL","SCHAMBERGER COURT  0","126C","E","014.00","000","126C E 01400 000","LOUIS HUNTER BUSINESS LOTS","8-10","Commercial","1/3/2021"
"HARSH RICHARD WARREN HARSH JOSEPH DANIEL","SCHAMBERGER COURT  0","126C","E","015.00","000","126C E 01500 000","","","Commercial","1/3/2021"
"HARSH RICHARD WARREN HARSH JOSEPH DANIEL","WATER AVENUE SOUTH  406","126F","F","022.00","000","126F F 02200 000","","","Commercial","1/3/2021"
"HARSH RICHARD WARREN HARSH JOSEPH DANIEL","WATER AVENUE SOUTH","126L","B","019.00","000","126L B 01900 000","SOUTHGATE MH PARK","","Commercial","1/3/2021"
"HARSH RICHARD WARREN HARSH JOSEPH DANIEL","JAMES STREET  0","126M","A","012.00","000","126M A 01200 000","SOUTHGATE MH PARK","","Commercial","1/3/2021"
"HARSH RICHARD WARREN HARSH JOSEPH DANIEL","HARTSVILLE PIKE  883","127A","D","018.00","000","127A D 01800 000","","","Commercial","1/2/2021"
"HARTER JOSEPH L TR HARTER SUSAN M TR","SOUTH BROADWAY  923","039","","038.00","000","039    03800 000","","","Commercial","3/24/2021"
"HARTLEY DARRYL","WEST MAIN STREET  1104","016","","016.01","000","016    01601 000","WILLIE C GOAD PROPERTY","1","Commercial","12/31/2024"
"HARTLEY DARRYL","WOODS RD  335","016C","C","003.00","000","016C C 00300 000","RICKY HARTLEY ESTATES","3","Commercial","6/11/2025"
"HARTLEY DARRYL","WOODS RD  337","016C","C","004.00","000","016C C 00400 000","RICKY HARTLEY ESTATES","4","Commercial","6/11/2025"
"HARTLEY DARRYL","WOODS RD  339","016C","C","005.00","000","016C C 00500 000","RICKY HARTLEY ESTATES","5","Commercial","6/27/2025"
"HARTLEY DARRYL","THREE BROTHERS WAY  352","033K","C","022.00","000","033K C 02200 000","DEER RUN SEC 2&3","13","Commercial","10/15/2025"
"HARTLEY DARRYL","THREE BROTHERS WAY  348","033K","C","023.00","000","033K C 02300 000","DEER RUN SEC 2&3","12","Commercial","10/15/2025"
"HARTLEY DARRYL","THREE BROTHERS WAY  344","033K","C","024.00","000","033K C 02400 000","DEER RUN SEC 2&3","11","Commercial","10/15/2025"
"HARTLEY DARRYL","THREE BROTHERS WAY  355","033K","C","030.00","000","033K C 03000 000","DEER RUN SEC 2&3","30","Commercial","10/15/2025"
"HARTLEY DARRYL","THREE BROTHERS WAY  367","033K","C","031.00","000","033K C 03100 000","DEER RUN SEC 2&3","31","Commercial","10/15/2025"
"HARTMANN JOHN R HARTMANN JASMIN","VULCO DRIVE  161","170L","D","007.00","000","170L D 00700 000","LAKESIDE PARK SEC 4","238","Commercial","8/3/2017"
"HASSELL JON R TR SHIRLEY W HASSELL TR JON & SHIRLEY HASSELL RLT","GRAY STREET WEST  304","113N","A","022.00","000","113N A 02200 000","","","Commercial","3/24/2023"
"HASTINGS MICHAEL L HASTINGS DARLENE J ETUX","MAPLE ROW BLVD  131","159O","D","021.00","006","159O D 02100C006","MAPLE ROW PROF BLDG-","201-201","Commercial","3/8/2022"
"HATCHER JEFFREY A & MIRANDA TRS JEFFREY A & MIRANDA HATCHER REV TRUST","FOREST RETREAT ROAD  109","160O","B","008.01","000","160O B 00801 000","FOREST RETREAT RESUB","2","Commercial","9/12/2025"
"HATCHER JEFFREY A & MIRANDA TRS JEFFREY A & MIRANDA HATCHER REV TRUST","CAMPUS DRIVE  209","163D","G","012.00","000","163D G 01200 000","","","Commercial","9/12/2025"
"HATTON JENNIFER & KELLLY PRIDDY TRS OF JANET PRIDDY LRT","POWELL DRIVE  120","163D","A","026.00","000","163D A 02600 000","C L POWELL","24-25","Commercial","3/7/2025"
"HAYAT LLC","NEW HOPE ROAD  2030","123","","042.00","000","123    04200 000","","","Commercial","6/21/2022"
"HAYAT LLC","NEW HOPE ROAD  0","123","","042.00","001","123    04200 001","","","Commercial","6/21/2022"
"HAYNES FAYE","109S HWY  1400","135","","027.01","000","135    02701 000","","","Commercial","3/14/2016"
"HAYNES MICHELLE FANN STEVE","MAIN STREET WEST  321","126G","B","002.00","000","126G B 00200 000","","","Commercial","12/13/2018"
"HAZEL PATH HOLDINGS LLC","EAST MAIN STREET  0","164A","C","012.00","000","164A C 01200 000","HAZEL PATH SEC 2","16-17","Commercial","8/29/2024"
"HAZEL PATH HOLDINGS LLC","HAZEL PATH COURT  103","164A","C","012.01","000","164A C 01201 000","HAZEL PATH SEC 2","14-15","Commercial","8/29/2024"
"HAZEL PATH HOLDINGS LLC","HAZEL PATH  109","164A","C","021.00","000","164A C 02100 000","HAZEL PATH SEC 2","9+10","Commercial","8/29/2024"
"HAZEL PATH HOLDINGS LLC","HAZEL PATH  111","164A","C","023.00","000","164A C 02300 000","HAZEL PATH SEC 2","8","Commercial","8/29/2024"
"HAZEL PATH HOLDINGS LLC","HAZEL PATH  113","164A","C","024.00","000","164A C 02400 000","HAZEL PATH SEC 2","7","Commercial","8/29/2024"
"HAZEL PATH MANSION LLC %HOLLOWAY HENRY W III C/O","HAZEL PATH  105","164A","C","020.00","000","164A C 02000 000","HAZEL PATH SEC 2 CONSOLIDATE 11+12","11+12","Commercial","1/8/2018"
"HAZEL PATH PTRS C/O BRYAN A CHANCE C/O","BONITA PARK WAY  0","159K","A","019.00","000","159K A 01900 000","MAPLES COMM PROPERTY","2","Commercial","4/23/2019"
"HB PARTNERS LLC","BONITA PARK WAY  154","159K","A","019.01","000","159K A 01901 000","MAPLES COMM PROPERTY","3","Commercial","10/28/2021"
"HBN LLC","INDIAN LAKE BLVD  145","159J","A","031.00","000","159J A 03100 000","INDIAN LAKE RESUB SECS 4,5,8","7","Commercial","7/9/2019"
"HCA REALTY INC HCA INDIRECT TAXES C/O","FOREST RETREAT ROAD  1160","144","","109.02","000","144    10902 000","","","Commercial","6/13/2000"
"HCO INVESTMENT LLC","HUNT CLUB BLVD  1531","146K","A","001.01","002","146K A 00101C002","HUNT CLUB SEC 3","4","Commercial","11/26/2024"
"HCO INVESTMENT LLC","HUNT CLUB BLVD  1531","146K","A","001.01","003","146K A 00101C003","HUNT CLUB SEC 3","4","Commercial","11/26/2024"
"HCO INVESTMENT LLC","HUNT CLUB BLVD  1531","146K","A","001.01","004","146K A 00101C004","HUNT CLUB SEC 3","4","Commercial","11/26/2024"
"HCO INVESTMENT LLC","HUNT CLUB BLVD  1531","146K","A","001.01","005","146K A 00101C005","","","Commercial","11/26/2024"
"HCO INVESTMENT LLC","HUNT CLUB BLVD  1531","146K","A","001.01","006","146K A 00101C006","","","Commercial","11/26/2024"
"HCO INVESTMENT LLC","HUNT CLUB BLVD  1531","146K","A","001.01","007","146K A 00101C007","","","Commercial","11/26/2024"
"HCO INVESTMENT LLC","HUNT CLUB BLVD  1531","146K","A","001.01","008","146K A 00101C008","","","Commercial","11/26/2024"
"HCO INVESTMENT LLC","HUNT CLUB BLVD  1531","146K","A","001.01","009","146K A 00101C009","","","Commercial","11/26/2024"
"HCO INVESTMENT LLC","HUNT CLUB BLVD  1531","146K","A","001.01","010","146K A 00101C010","","","Commercial","11/26/2024"
"HCO INVESTMENT LLC","HUNT CLUB BLVD  1531","146K","A","001.01","011","146K A 00101C011","","","Commercial","11/26/2024"
"HCO INVESTMENT LLC","HUNT CLUB BLVD  1531","146K","A","001.01","012","146K A 00101C012","","","Commercial","11/26/2024"
"HCO PARTNERS","HUNT CLUB BLVD  1528","146F","A","006.00","000","146F A 00600 000","","2B","Commercial","7/18/2016"
"HCO PARTNERS","HUNT CLUB BLVD  1526","146F","A","006.01","000","146F A 00601 000","","2C","Commercial","2/10/2017"
"HD DEVELOPMENT OF MARYLAND INC C/O HOME DEPOT USA INC","ANDERSON LANE NORTH  205","159B","B","002.00","000","159B B 00200 000","INDIAN LAKE MARKET PH 1 REV","A","Commercial","10/10/2007"
"HDR HOLDINGS LLC","INDIAN LAKE BLVD  165","159J","A","021.16","110","159J A 02116C110","","","Commercial","10/3/2007"
"HEAD LEWIS & MARY LEE HEAD SCI TOWERS C/O RYAN. ATTN GLORIA BURKES","EAST KNIGHT STREET  108","033I","C","016.00","001","033I C 01600 001","","","Commercial","11/10/2025"
"HEAD LEWIS ETUX MARY LEE","NORTH BROADWAY  805","019","","031.07","000","019    03107 000","LARRY COLLINS HWY 10","4","Commercial","12/9/2025"
"HEDGEHOG INVESTMENTS LLC","HENRY ROAD  146","118","","114.08","000","118    11408 000","HENRY HILLS SEC 2","7","Commercial","8/7/2018"
"HEDGEHOG INVESTMENTS LLC","BELLAR DRIVE  126","140","","082.05","000","140    08205 000","","","Commercial","5/15/2026"
"HEDGEHOG INVESTMENTS LLC","BELLAR DRIVE  116","140","","082.07","000","140    08207 000","","","Commercial","6/12/2026"
"HEDGEHOG INVESTMENTS LLC","BELLAR DRIVE  118","140","","082.08","000","140    08208 000","","","Commercial","5/15/2026"
"HEDGEHOG INVESTMENTS LLC","BELLAR DRIVE  122","140","","082.10","000","140    08210 000","","","Commercial","5/15/2026"
"HEEKS MARY L & DAVID WILLIAM HEEKS TRS ERNEST & MARY HEEKS LIVING TRUST","STADIUM DRIVE  127","163D","A","017.00","000","163D A 01700 000","PATE","PO48+49","Commercial","9/5/2025"
"HEINRICH KARL B & JANICE A TRS OF KARL & JANICE HEINRICH JRLT","WALLACE ROAD  698","092","","022.01","001","092    02201 001","","","Commercial","5/22/2025"
"HELMS SHEA N","31E HWY  2488","090","","003.13","000","090    00313 000","","","Commercial","9/18/2020"
"HELSON ROBERT C","NORTH BROADWAY  215","033A","C","022.00","000","033A C 02200 000","JARMIE & MAZZUCCO PR","1","Commercial","1/31/2018"
"HELSON ROBERT C","AUSTIN PEAY HWY  5126","044F","C","009.03","000","044F C 00903 000","","","Commercial","2/25/2008"
"HELSON ROBERT C","109N HWY OLD  1130","104","","094.01","000","104    09401 000","HUBERT TROUT & PAUL","1","Commercial","6/14/2013"
"HELSON ROBERT C","25E HWY/AIRPORT ROAD  1270","112","","118.00","000","112    11800 000","OLD AIRPORT ROAD","1","Commercial","1/31/2025"
"HELSON ROBERT C","MAIN STREET EAST  920","112I","A","020.00","000","112I A 02000 000","SUNSET PARK","1","Commercial","1/31/2025"
"HELSON ROBERT C","MAIN STREET EAST  940","112I","A","020.00","001","112I A 02000 001","SUNSET PARK","2","Commercial","1/31/2025"
"HELSON ROBERT C","MAIN STREET EAST  960","112I","A","020.00","002","112I A 02000 002","SUNSET PARK","3","Commercial","1/31/2025"
"HELSON ROBERT C","FRANCES STREET  105","112I","A","020.00","003","112I A 02000 003","SUNSET PARK","IST","Commercial","1/31/2025"
"HELSON ROBERT C","FRANCES STREET  109","112I","A","020.00","004","112I A 02000 004","SUNSET PARK","IST","Commercial","1/31/2025"
"HELSON ROBERT C","FRANCES STREET  113","112I","A","020.00","005","112I A 02000 005","SUNSET PARK","IST","Commercial","1/31/2025"
"HELSON ROBERT C","FRANCES STREET  117","112I","A","020.00","006","112I A 02000 006","SUNSET PARK","IST","Commercial","1/31/2025"
"HELSON ROBERT C","MAIN STREET EAST  432","113M","J","014.00","000","113M J 01400 000","","","Commercial","7/1/2024"
"HELSON ROBERT C","COLLEGE STREET  135","126C","E","007.00","000","126C E 00700 000","","","Commercial","3/31/2022"
"HELSON ROBERT C","MAIN STREET EAST  262","126C","E","013.00","000","126C E 01300 000","THOMAS RICHEY JR+LUC","1","Commercial","12/30/2019"
"HELSON ROBERT C","MAIN STREET WEST  184","126C","G","032.00","000","126C G 03200 000","","","Commercial","1/31/2024"
"HELSON ROBERT C","MAIN STREET WEST  180","126C","G","033.00","000","126C G 03300 000","","","Commercial","1/31/2024"
"HELSON ROBERT C","WITHERSPOON AVENUE  143","126F","K","004.00","000","126F K 00400 000","","","Commercial","11/12/2007"
"HELSON ROBERT C","WATER AVENUE SOUTH  672","126K","E","017.00","000","126K E 01700 000","MORNINGSIDE HEIGHTS","5","Commercial","6/11/2026"
"HELSON ROBERT C","WATER AVENUE SOUTH","135","","011.00","000","135    01100 000","","","Commercial","12/21/2012"
"HELSON ROBERT C & DANIEL T HURST","COUNCIL AVENUE NORTH  0","113K","L","006.00","000","113K L 00600 000","LINCOLN PARK","2","Commercial","3/30/2013"
"HELSON ROBERT C & DANIEL T HURST","BLYTHE AVENUE  551","113K","L","034.00","000","113K L 03400 000","LINCOLN PARK","17-18","Commercial","3/30/2013"
"HELSON ROBERT C & DANIEL T HURST","BLYTHE AVENUE  537","113K","L","039.00","000","113K L 03900 000","LINCOLN PARK RESUB","1","Commercial","3/30/2013"
"HELSON ROBERT C & DANNY HURST","WATER AVENUE NORTH  830","113F","B","034.00","000","113F B 03400 000","","","Commercial","10/9/2012"
"HELSON ROBERT C & HURST DANNY","BROADWAY WEST  137","126C","B","003.00","000","126C B 00300 000","TOWN CREEK RE DEV.","8&9","Commercial","5/11/2023"
"HELSON ROBERT C DANIEL HURST","GEORGE AKINS ROAD  201","044","","112.01","000","044    11201 000","PHILIP KUHNS","1","Commercial","8/8/2011"
"HELSON ROBERT C DANIEL HURST","WATER AVENUE SOUTH  919","126N","G","004.00","000","126N G 00400 000","SPEEDY LUBE","","Commercial","9/24/2010"
"HELSON ROBERT C DANIEL T HURST","WATER AVENUE NORTH  200","126C","B","022.00","000","126C B 02200 000","","","Commercial","10/31/2006"
"HELSON ROBERT C DANNY HURST","FAIRGROUND ROAD  222","126G","B","025.00","000","126G B 02500 000","","","Commercial","12/19/2024"
"HELSON ROBERT C HELSON CHRISTY A","25W HWY","114","","040.00","000","114    04000 000","","","Commercial","5/1/2023"
"HELSON ROBERT C HURST DANNY","52E HWY","033J","A","042.00","000","033J A 04200 000","EASTGATE CENTER SUB-","4-4","Commercial","1/24/2018"
"HELSON ROBERT C HURST DANNY","BLYTHE AVENUE  727","113K","A","008.00","000","113K A 00800 000","","","Commercial","5/31/2022"
"HELSON ROBERT C HURST DANNY","JAMES STREET  215","126M","A","008.01","000","126M A 00801 000","","","Commercial","7/28/2022"
"HELSON ROBERT HURST DANNY","WATER AVENUE SOUTH  565","126F","J","002.00","000","126F J 00200 000","SUNSET VIEW","01-4","Commercial","9/3/2015"
"HENAO TATIANA","AUSTIN PEAY HWY  5213","044D","B","001.00","000","044D B 00100 000","","","Commercial","5/8/2026"
"HENDATT PARTNERSHIP","INDIAN LAKE BLVD  250","145","","089.00","000","145    08900 000","INDIAN LAKE VILLAGE-","39","Commercial","12/29/2014"
"HENDERSON CHRIS","PEE DEE BRANCH ROAD  593","095","","013.02","001","095    01302 001","","","Commercial","5/31/2022"
"HENDERSON DAVID M","MAPLE ROW BLVD  139","159O","D","027.00","007","159O D 02700C007","MAPLE ROW BLVD RESUB","27-27","Commercial","10/30/2019"
"HENDERSONVILLE 2872 PARTNERS C/O ASHOK PATEL","EAST MAIN STREET  170","159I","D","034.00","000","159I D 03400 000","MARTINS OAK SEC 3-RE","2","Commercial","4/22/2019"
"HENDERSONVILLE 601 MP RK6 LLC C/O REMEDY MEDICAL PROPERTIES INC","SAUNDERSVILLE ROAD  601","145","","044.10","000","145    04410 000","","175","Commercial","12/29/2023"
"HENDERSONVILLE CAPITAL LLC","WEST MAIN STREET  412","160M","A","009.00","000","160M A 00900 000","","","Commercial","12/29/2020"
"HENDERSONVILLE CAPITAL LLC","WEST MAIN STREET 408A  0","160M","A","009.00","002","160M A 00900 002","","","Commercial","12/29/2020"
"HENDERSONVILLE CAPITAL LLC","WEST MAIN STREET 412B  0","160M","A","009.00","003","160M A 00900 003","","","Commercial","12/29/2020"
"HENDERSONVILLE CAPITAL LLC","WEST MAIN STREET 410B  0","160M","A","009.00","004","160M A 00900 004","","","Commercial","12/29/2020"
"HENDERSONVILLE CAPITAL LLC","WEST MAIN STREET 410 D  0","160M","A","009.00","005","160M A 00900 005","","","Commercial","12/29/2020"
"HENDERSONVILLE CAPITAL LLC","WEST MAIN STREET  412","160M","A","010.00","000","160M A 01000 000","","","Commercial","12/29/2020"
"HENDERSONVILLE CAPITAL LLC","WEST MAIN STREET  408","160M","A","011.00","000","160M A 01100 000","","","Commercial","12/29/2020"
"HENDERSONVILLE CHAMBER FOUNDATION","COUNTRY CLUB DRIVE  100","159K","C","016.00","003","159K C 01600C003","CLUB PLACE OFFICE CO","C 104","Commercial","11/16/2007"
"HENDERSONVILLE COMMERCIAL PROPERTIES LLC","SAUNDERSVILLE ROAD  118","145","","083.00","000","145    08300 000","INDIAN LAKE VILLAGE","8","Commercial","12/29/2021"
"HENDERSONVILLE GLEN OAK LLC/CVS#3293 C/O CVS","GLEN OAK BOULEVARD  100","159A","K","001.04","000","159A K 00104 000","GLEN OAKS SHOPPING C","2","Commercial","10/29/2018"
"HENDERSONVILLE HF ASSETS","EAST MAIN STREET  711","146","","066.01","000","146    06601 000","WINSTON HILLS PH 7","2","Commercial","5/27/2022"
"HENDERSONVILLE HOLDING LLC","SPRINGHOUSE CT  110","159J","A","056.00","000","159J A 05600 000","","","Commercial","10/1/2012"
"HENDERSONVILLE HOSP CORP HCA INDIRECT TAXES C/O","REDBUD DRIVE  0","039","","047.02","000","039    04702 000","","","Commercial","9/15/2006"
"HENDERSONVILLE HOSP CORP HCA INDIRECT TAXES C/O","REDBUD DRIVE  104","039","","047.02","001","039    04702 001","DOCTORS BLDG","","Commercial","8/25/2006"
"HENDERSONVILLE HOSP CORP HCA INDIRECT TAXES C/O","NEW SHACKLE ISLAND RD  353","144","","110.00","000","144    11000 000","HENDERSONVILLE HOSP","","Commercial","6/20/2013"
"HENDERSONVILLE HOSP CORP HCA INDIRECT TAXES C/O","NEW SHACKLE ISLAND RD  353","144","","110.00","001","144    11000 001","","","Commercial",""
"HENDERSONVILLE HOSP CORP HCA INDIRECT TAXES C/O","NEW SHACKLE ISLAND RD  355","144","","110.02","000","144    11002 000","HENDERSONVILLE HOSP","2","Commercial","11/3/2008"
"HENDERSONVILLE HOSP CORP INDIRECT TAXES C/O","REDBUD DRIVE  105","039","","047.04","000","039    04704 000","","","Commercial","8/25/2006"
"HENDERSONVILLE HOSPITAL CORP %DUCHARME MCMILLEN & ASSOC C/O","NASHVILLE PIKE  1720","136","","046.07","000","136    04607 000","","3","Commercial","2/25/2019"
"HENDERSONVILLE HOSPITAL CORP %HCA INC  ATTN V P C/O","NASHVILLE PIKE  1730","136","","046.09","000","136    04609 000","KENNESAW WEST COMM","2","Commercial","9/27/2019"
"HENDERSONVILLE LEASED HOUSING ASSC I LP","WATER VIEW CIRCLE PVT  1300","164D","A","005.00","000","164D A 00500 000","","","Commercial","3/18/2016"
"HENDERSONVILLE LODGING GROUP LLC JEFFREY G LAMONT C/O","INDIAN LAKE BLVD  303","145","","068.03","000","145    06803 000","","50","Commercial","5/28/2014"
"HENDERSONVILLE MEMORY GARDENS","EAST MAIN STREET  355","159K","A","024.00","002","159K A 02400 002","","","Commercial",""
"HENDERSONVILLE REAL ESTATE LLC","EAST MAIN STREET  505","159E","A","002.00","000","159E A 00200 000","","","Commercial","1/14/2022"
"HENDERSONVILLE REALTY LLC","CARRINGTON PLACE  1020","159E","A","001.01","000","159E A 00101 000","BLUEGRASS COUNTRY CLUB LT 6","6","Commercial","12/17/2014"
"HENDERSONVILLE REHABILATATION CLINIC INC","EAST MAIN STREET  635","158A","A","005.00","002","158A A 00500C002","SAUNDERSVILLE COURT","2","Commercial","8/19/2021"
"HENDERSONVILLE REHABILITATION CLINIC INC","EAST MAIN STREET  635","158A","A","005.00","000","158A A 00500C000","SAUNDERSVILLE COURT","2","Commercial","6/23/2009"
"HENDERSONVILLE REHABILITATION CLINIC INC","EAST MAIN STREET  635","158A","A","005.00","004","158A A 00500C004","SAUNDERSVILLE COURT","2","Commercial","1/31/2002"
"HENDERSONVILLE RETIREMENT INVESTORS LLC ATTN: BARRY RAY","EAST MAIN STREET  674","146","","061.00","000","146    06100 000","CASH RESUB-CASH SUB","3A-3","Commercial","11/1/2021"
"HENDERSONVILLE SENIOR RESIDENCE","HARBOR DRIVE  200","163C","C","009.00","000","163C C 00900 000","CHRISTIAN MANOR","1","Commercial","2/19/2026"
"HENDERSONVILLE TN #2 REALTY COOPER MCAFEE RAYNOR","EAST MAIN STREET  559","159E","B","026.00","000","159E B 02600 000","BLUEGRASS VILLAGE COMM LT 1","1","Commercial","12/19/2018"
"HENDERSONVILLE TN SENIOR LIVING DST","INDIAN LAKE BLVD  195","159J","A","021.18","000","159J A 02118 000","INDIAN LAKE SEC 12","26","Commercial","10/23/2024"
"HENLEY JOHN","SCHELL STREET EAST  134","126F","E","004.00","000","126F E 00400 000","","","Commercial","6/7/2022"
"HENRO LLC C/O DUCHARNE, MCMILLEN, & ASSOC","GLENBROOK WAY  1039","144","","104.02","000","144    10402 000","GLENBROOK NORTH SEC-","13-13","Commercial","1/10/2005"
"HENRY ENTERPRISES LLC","WILLDON DRIVE  162","032A","A","032.00","000","032A A 03200 000","DEERFIELD SUB","32","Commercial","8/25/2009"
"HENRY ENTERPRISES LLC","HILLSIDE LANE  593","127C","C","009.00","000","127C C 00900 000","ROLLING ACRES ADDITI","9","Commercial","8/25/2009"
"HENRY OIL COMPANY OF TENN","WEST MAIN STREET  1182","160","","051.00","000","160    05100 000","A M HOBBY'S LANDS","0007","Commercial","9/30/1996"
"HENRY ROAD PROPERTIES LLC","HENRY ROAD  120","119","","029.11","000","119    02911 000","","","Commercial","7/1/2015"
"HENRY ROAD PROPERTIES LLC","BELLAR DRIVE  110","140","","082.00","000","140    08200 000","","","Commercial","8/31/2015"
"HENSLEY CLAY ETUX KAREN","SUNSET PLACE  114","020J","C","005.00","000","020J C 00500 000","LAKE ROAD SEC 1","23","Commercial","5/1/2002"
"HENSLEY JOHN L ETUX FERNANDA L","ALBERT GALLATIN AVENUE E 158","113","","061.00","000","113    06100 000","ANDERSON PROP","7","Commercial","7/17/2026"
"HERITAGE INVESTMENTS LLC","N HARRIS LN  119","019","","086.00","000","019    08600 000","","","Commercial","1/28/2026"
"HERITAGE INVESTMENTS LLC","SOUTH BROADWAY  816","039B","B","014.00","000","039B B 01400 000","COUNTRY CLUB ESTATES","1","Commercial","5/13/2013"
"HERNANDEZ OLIVER MENDOZA & HERNANDEZ ULISES MENDOZA","BROADWAY EAST  365","113N","C","038.03","000","113N C 03803 000","","","Commercial","12/22/2022"
"HERNANDEZ SANDRA ETVIR LUCIO MARTINEZ","WATER AVENUE NORTH  762","113F","B","003.00","000","113F B 00300 000","L M ROSS","IST","Commercial","12/28/2022"
"HERRERA WENDY GARCIA","BLEDSOE STREET EAST  238","126C","L","027.00","000","126C L 02700 000","","","Commercial","2/2/2021"
"HERRINGTON PAULA ANN HERRINGTON TIMOTHY MICHAEL ETVIR","REED STREET  309","033A","C","011.00","000","033A C 01100 000","R. D. MOORE","IST","Commercial","6/12/2020"
"HERTEL PROPERTIES LLC","MAIN STREET EAST  316","113N","E","022.00","000","113N E 02200 000","","","Commercial","12/28/2020"
"HESSON JASON ETUX AMANDA","52 HWY NE 0","044F","B","015.00","000","044F B 01500 000","","","Commercial","5/19/2025"
"HESSON JASON HESSON AMANDA ETUX","AUSTIN PEAY HWY  5211","044D","A","015.00","000","044D A 01500 000","","","Commercial","2/16/2016"
"HESSON JASON HESSON AMANDA ETUX","PARK STREET  1003","044D","B","004.00","000","044D B 00400 000","","","Commercial","4/15/2026"
"HESTER ALLISON & ERIC HESTER","WEST MAIN STREET  1108","016","","016.02","000","016    01602 000","WILLIE C GOAD PROPERTY","2","Commercial","1/30/2025"
"HESTER ERIC","EZRA COURT","016A","B","003.00","000","016A B 00300 000","","3","Commercial","2/28/2020"
"HESTER ERIC","EZRA COURT","016A","B","006.00","000","016A B 00600 000","","6","Commercial","2/28/2020"
"HESTER ERIC","EZRA COURT","016A","B","009.00","000","016A B 00900 000","","9","Commercial","2/28/2020"
"HESTER ERIC","52 HWY","033G","G","016.01","000","033G G 01601 000","","","Commercial","7/27/2020"
"HESTER ERIC","THREE BROTHERS WAY  340","033K","C","025.00","000","033K C 02500 000","DEER RUN SEC 2&3","10","Commercial","10/15/2025"
"HESTER ERIC","THREE BROTHERS WAY  336","033K","C","026.00","000","033K C 02600 000","DEER RUN SEC 2&3","9","Commercial","10/15/2025"
"HESTER ERIC","THREE BROTHERS WAY  332","033K","C","027.00","000","033K C 02700 000","DEER RUN SEC 2&3","8","Commercial","10/15/2025"
"HESTER ERIC","THREE BROTHERS WAY  331","033K","C","028.00","000","033K C 02800 000","DEER RUN SEC 2&3","28","Commercial","10/15/2025"
"HESTER ERIC","THREE BROTHERS WAY  339","033K","C","029.00","000","033K C 02900 000","DEER RUN SEC 2&3","29","Commercial","10/15/2025"
"HESTER ERIC & ALLISON P HESTER","WOODS RD  341","016C","C","006.00","000","016C C 00600 000","RICKY HARTLEY ESTATES","6","Commercial","6/17/2025"
"HESTER ERIC & ALLISON P HESTER","WOODS RD  343","016C","C","007.00","000","016C C 00700 000","RICKY HARTLEY ESTATES","7","Commercial","6/17/2025"
"HESTER ERIC & ALLISON P HESTER","WOODS RD  345","016C","C","008.00","000","016C C 00800 000","RICKY HARTLEY ESTATES","8","Commercial","6/17/2025"
"HESTER ERIC & ALLISON P HESTER","WOODS RD  347","016C","C","009.00","000","016C C 00900 000","RICKY HARTLEY ESTATES","9","Commercial","6/17/2025"
"HESTER ERIC ETUX ALLISON","WOODS ROAD  338","016F","A","009.00","000","016F A 00900 000","COUNTY LINE SUBDIVISION LOTS 1-6","3","Commercial","9/17/2024"
"HESTER ERIC ETUX ALLISON","WOODS ROAD  340","016F","A","010.00","000","016F A 01000 000","COUNTY LINE SUBDIVISION LOTS 1-6","2","Commercial","9/17/2024"
"HESTER ERIC ETUX ALLISON","WOODS ROAD  342","016F","A","011.00","000","016F A 01100 000","COUNTY LINE SUBDIVISION LOTS 1-6","1","Commercial","9/17/2024"
"HESTER ERIC ETUX ALLISON","VICTOR REITER PARK WAY  216","033A","B","035.00","000","033A B 03500 000","FREEDLE","IST","Commercial","9/17/2024"
"HESTER ERIC HESTER ALLISON ETUX","GLENDALE DRIVE  200","020P","B","035.00","000","020P B 03500 000","SMITH HAYES SUB.","19-20","Commercial","3/30/2022"
"HESTER ERIC W HESTER ALLISON ETUX","REED STREET  100","033H","C","016.00","000","033H C 01600 000","","","Commercial","4/1/2019"
"HESTER JAMES W","PALMERS CHAPEL ROAD  415","077","","103.00","000","077    10300 000","MONGOLD TRUST","1","Commercial","9/9/2011"
"HESTER JAMES W","PALMERS CHAPEL ROAD  419","077","","104.00","000","077    10400 000","MONGOLD TRUST","2","Commercial","9/9/2011"
"HGIT NASHVILLE SELF STORAGE LLC","SAUNDERSVILLE ROAD  125","145","","076.01","000","145    07601 000","","58","Commercial","6/28/2022"
"HH HPT SUITE PROPERTIES HYATT C/O","EAST MAIN STREET  330","159J","A","022.02","000","159J A 02202 000","SHOLODGE","2","Commercial","12/29/2000"
"HIAM AUBREY & DENISE TRS HIAM FAMILY REVOC LIVING TRS","SHIVEL DRIVE  138","163D","B","002.02","000","163D B 00202 000","W.A. SHIVEL ADDITION","6","Commercial","7/21/2026"
"HIAM AUBREY & DENISE TRS HIAM FAMILY REVOC LIVING TRS","SHIVEL DRIVE  136","163D","B","002.04","000","163D B 00204 000","W.A. SHIVEL ADDITION","4","Commercial","6/17/2025"
"HICKMAN RICHARD L ETUX REGINA","31W HWY  1511","118","","026.00","000","118    02600 000","T. L. HARDCASTLE","2, 3","Commercial","11/26/1986"
"HICKORY AT ILV LLC C/O AL NEYER LLC","INDIAN LAKE BLVD.  245","145","","071.00","000","145    07100 000","INDIAN LAKE VILLAGE RESUB","46","Commercial","12/27/2022"
"HICKORY POINTE TN LP JUDITH E BEASLEY C/O","CENTER POINT ROAD  1037","160","","001.02","000","160    00102 000","","","Commercial","5/15/2026"
"HICKORY TRACE PROPERTY LLC","HICKORY TRACE DRIVE  1710","158E","A","033.00","000","158E A 03300 000","GRASSLANDS RANCH & LANDINGS SEC 2","182","Commercial","7/29/2025"
"HICKORY VIEW LLC","BURRUS AVENUE  114","159J","A","003.00","000","159J A 00300 000","MAPLE ROW ESTATES","9,PO10","Commercial","5/10/2016"
"HICKORY VIEW LLC","BURRUS AVENUE  113","159O","A","033.00","000","159O A 03300 000","MAPLE ROW EST SEC 1","0042","Commercial","5/10/2016"
"HICKORY VIEW LLC","MAPLE DRIVE  122","159O","B","024.00","000","159O B 02400 000","MAPLE ROW EST SEC 3","0101","Commercial","1/18/2022"
"HICKORY VIEW LLC","RIVER BEND ROAD  118","163L","K","018.00","000","163L K 01800 000","GATES OF THE PENINSULA PH 3 SEC 2","13","Commercial","5/10/2016"
"HICKORY VIEW LLC","CHEROKEE ROAD  112","164A","A","020.00","000","164A A 02000 000","CHEROKEE WOODS SEC 1","7","Commercial","12/7/2017"
"HICKORY VIEW LLC","MAPLE DRIVE  178","164B","G","027.00","000","164B G 02700 000","MAPLE ROW ESTATES SEC 8","809","Commercial","1/18/2022"
"HICKORY VIEW LLC","TROUSDALE DRIVE  115","164G","F","015.00","000","164G F 01500 000","SARAH BERRY ANNEX 4 SEC 3","90","Commercial","5/10/2016"
"HICKORY VIEW LLC","TROUSDALE DRIVE  117","164G","F","016.00","000","164G F 01600 000","SARAH BERRY ANNEX 4 SEC 3","89","Commercial","1/18/2022"
"HICKORY VIEW LLC","INDIAN LAKE ROAD  262","164G","F","031.00","000","164G F 03100 000","SARAH BERRY ANNEX 4 SEC 3","4","Commercial","12/6/2017"
"HICKS CHRISTOPHER LANDON HUGH HICKS CYNTHIA ETUX","JAMES STREET  180","126L","B","021.00","000","126L B 02100 000","JAMES STREET S/D","2","Commercial","10/29/2018"
"HIGH RONALD G AND ROY D HIGH","CHURCH STREET  0","126B","D","003.00","000","126B D 00300 000","","","Commercial","12/15/2010"
"HIGH RONALD G AND ROY D HIGH","CHURCH STREET  340","126B","D","004.00","000","126B D 00400 000","","","Commercial","12/15/2010"
"HIGH ROY D & RONALD G HIGH","DURHAM AVENUE NORTH  208","126B","D","005.00","000","126B D 00500 000","","","Commercial","6/3/2024"
"HIGH ROY D & RONALD G HIGH","DURHAM AVENUE NORTH  212","126B","D","006.00","000","126B D 00600 000","","","Commercial","6/3/2024"
"HIGH TIDE INC","MAGNOLIA SPRINGS RD  1078","001","","001.00","000","001    00100 000","","","Commercial","2/27/2008"
"HIGHLAND MANOR INC","HIGHLAND CIRCLE DRIVE  0","059","","042.06","000","059    04206 000","","","Commercial","12/20/1990"
"HIGHLAND MANOR INC A TN NON-PROFIT CORP","109N HWY OLD  0","059","","042.10","000","059    04210 000","","","Commercial","12/20/1990"
"HILL MARY ALICE MARY A BERGHORN C/O","KEMP ROAD  490","112K","A","003.00","000","112K A 00300 000","SUNNYMEADE S/D SEC 1","3","Commercial","2/29/1980"
"HILL REVOLVER LLC","WEST MAIN STREET  213","160M","C","001.00","000","160M C 00100 000","","","Commercial","12/21/2016"
"HILL REVOLVER LLC","WEST MAIN STREET  201","160M","C","001.00","001","160M C 00100 001","","","Commercial","12/21/2016"
"HILL REVOLVER LLC","WEST MAIN STREET  215","160M","C","001.00","002","160M C 00100 002","","","Commercial","12/21/2016"
"HILL REVOLVER LLC","WEST MAIN STREET  199","160M","C","022.00","000","160M C 02200 000","LAKEVIEW ADDITION","IST","Commercial","12/21/2016"
"HINKLE GEORGE HINKLE JANET ETUX","ALBERT GALLATIN AVENUE W 1035","113","","037.00","001","113    03700 001","","","Commercial","4/20/2015"
"HITE ROBERT S","MIKE STREET  734","126H","A","011.00","000","126H A 01100 000","HOLLAND HEIGHTS #2","IST","Commercial","11/24/2006"
"HML HOLDINGS LCC","SCHELL STREET EAST  256","126F","E","009.02","000","126F E 00902 000","ANDERSON IND PARK RE","1-1","Commercial","11/26/2019"
"HODGE BRANDON G C ETUX EMILY J","ANTEBELLUM CIRCLE PVT  1020","160I","A","005.00","000","160I A 00500 000","MONHAVEN PLACE RESUB","4","Commercial","2/18/2011"
"HODGES JAMES G ETUX NANCY D","MAIN STREET  100","033H","D","016.00","000","033H D 01600 000","","","Commercial","5/3/1996"
"HODGES JAMES G HODGES NANCY D ETUX","OAK GROVE CHURCH ROAD  0","030","","056.00","000","030    05600 000","","","Commercial","1/8/2026"
"HODGES MACK","OAK GROVE CHURCH ROAD  2703","030","","049.00","000","030    04900 000","","","Commercial","12/11/2025"
"HODGES MACK","FAIRFIELD ROAD  110","030","","062.01","000","030    06201 000","OAK GROVE COMMUNITY","1","Commercial","12/11/2025"
"HODGES MACK","FAIRFIELD ROAD 110 BEHIND  110","030","","062.01","001","030    06201 001","OAK GROVE COMMUNITY","1","Commercial","12/11/2025"
"HODGES WILLIAM MACK","YOKLEY B BLVD  1001","001","","035.00","000","001    03500 000","","","Commercial","9/30/2024"
"HOELL ETHAN R","PARK AVENUE EAST  146","126F","J","008.00","000","126F J 00800 000","SUNSET VIEW","10","Commercial","2/13/2019"
"HOFFMAN BYRD PROPERTIES LLC","FREEDOM CHURCH ROAD  1022","125","","032.03","001","125    03203 001","","","Commercial","6/28/2019"
"HOHL DEAN","LOUISVILLE HWY  1274","121","","068.00","000","121    06800 000","","","Commercial","3/19/2024"
"HOHLFELD DAVID M","CANFIELD PLACE  114","160M","C","023.00","010","160M C 02300C010","HENDERSONVILLE COURT","2","Commercial","7/23/2018"
"HOLIDAY REST LLC","LOUISVILLE HWY  1204","121","","186.00","000","121    18600 000","","","Commercial","12/5/2016"
"HOLLAND ROGER","BAKERS LANE  125","113","","042.03","000","113    04203 000","WALLACE R GREGORY ET","IST","Commercial","8/2/2012"
"HOLLAND ROGER D ETUX DEBBIE L","OLD DOUGLAS ROAD  0","113","","006.01","000","113    00601 000","","","Commercial","9/25/1984"
"HOLLAND ROGER ETUX DEBORAH","109N HWY  0","113","","038.00","000","113    03800 000","","","Commercial","11/25/2025"
"HOLLAND ROGER L","MAIN STREET WEST  340","126G","A","025.00","000","126G A 02500 000","","","Commercial","6/18/1976"
"HOLLEMAN HENRY M & JASON ALLEN","WATER AVENUE SOUTH  1304","135","","022.00","000","135    02200 000","","","Commercial","1/15/2026"
"HOLLEMAN MORRIS HENRY","COTTON STREET  125","112H","C","016.00","000","112H C 01600 000","COUNTRY CLUB MALL","1A","Commercial","9/11/2018"
"HOLLEMAN MORRIS HENRY","FACTORY STREET  184","126F","G","017.04","000","126F G 01704 000","WITHERSPOON PROPERTY","1","Commercial","9/11/2018"
"HOLLEMAN MORRIS HOLLEMAN RACHEL ETUX","WATER AVENUE SOUTH  670","126K","E","018.00","000","126K E 01800 000","MORNINGSIDE HGHTS","3, 4 PO2","Commercial","7/29/2022"
"HOLLEY BOBBY W ETUX HOLLEY BEVERLY A","JACKSON STREET WEST  353","113K","L","020.01","000","113K L 02001 000","LINCOLN PARK RESUB LOTS 31 & 32","31A","Commercial","12/18/2023"
"HOLLIDAY HOLLIE LAINE TR VALHALLA IRREVOCABLE TRUST","COLLEGE STREET  311","077G","B","012.01","000","077G B 01201 000","","","Commercial","1/12/2022"
"HOLLINGSWORTH ROBERT TR ROBERT HOLLINGSWORTH FAMILY TRUST","CAGES BEND ROAD  2951","166","","001.00","001","166    00100 001","","","Commercial","1/17/2026"
"HOLLOWAY INVESTMENTS LLC","RAY STREET  3016","044C","H","003.03","000","044C H 00303 000","R L PAULS REVISED","1","Commercial","3/26/2025"
"HOLLOWAY INVESTMENTS LLC","LAKE ROAD  1067","044D","C","004.04","000","044D C 00404 000","KEEN HEIRS RESUB","2","Commercial","3/26/2025"
"HOLLOWAY INVESTMENTS LLC","LAKE ROAD  1061","044D","C","004.05","000","044D C 00405 000","KEEN HEIRS RESUB","3","Commercial","3/26/2025"
"HOLLOWAY INVESTMENTS LLC","LAKE ROAD  1055","044D","C","004.06","000","044D C 00406 000","KEEN HEIRS RESUB","4","Commercial","3/26/2025"
"HOLLOWAY INVESTMENTS LLC","PORTLAND ROAD  116","077G","A","004.00","000","077G A 00400 000","","","Commercial","9/3/2024"
"HOLLOWAY INVESTMENTS LLC","PORTLAND ROAD  120","077G","A","005.00","000","077G A 00500 000","","","Commercial","9/3/2024"
"HOLLOWAY INVESTMENTS LLC","EASTOVER STREET  328","113F","A","028.00","000","113F A 02800 000","LANGFORD HGTS #2","01-2","Commercial","7/30/2019"
"HOLLOWAY INVESTMENTS LLC","EASTOVER STREET  328","113F","A","028.00","001","113F A 02800 001","LANGFORD HGTS #2","01-2","Commercial","7/30/2019"
"HOLLOWAY INVESTMENTS LLC","CARSON STREET  407","113J","B","020.00","000","113J B 02000 000","CLEARVIEW HTS. NO. 4","IST","Commercial","4/5/2023"
"HOLLOWAY INVESTMENTS LLC","PACE STREET  708","113J","E","023.00","000","113J E 02300 000","CLEARVIEW HTS. NO. 3","IST","Commercial","6/24/2019"
"HOLLOWAY INVESTMENTS LLC","PACE STREET WEST  520","113J","F","017.00","000","113J F 01700 000","CLEARVIEW HTS. NO. 2","04-6","Commercial","1/19/2023"
"HOLLOWAY INVESTMENTS LLC","DEMOSS STREET  619","113J","F","034.00","000","113J F 03400 000","CLEARVIEW HTS. NO. 4","IST","Commercial","2/19/2020"
"HOLLOWAY INVESTMENTS LLC","SMALL STREET  508","113J","G","016.00","000","113J G 01600 000","CLEARVIEW HTS. NO. 1","IST","Commercial","2/19/2020"
"HOLLOWAY INVESTMENTS LLC","SMALL STREET  468","113J","G","036.00","000","113J G 03600 000","CLEARVIEW HTS. NO. 1","03-6","Commercial","12/16/2021"
"HOLLOWAY INVESTMENTS LLC","NORTHVIEW AVENUE  758","113K","C","023.00","000","113K C 02300 000","LANGFORD HGTS. NO. 1","IST","Commercial","2/19/2020"
"HOLLOWAY INVESTMENTS LLC","VIRGINIA AVENUE  760","113K","D","020.00","000","113K D 02000 000","LANGFORD HGTS NO. 2","05-6","Commercial","3/20/2025"
"HOLLOWAY INVESTMENTS LLC","JACKSON STREET WEST  343","113K","L","020.00","000","113K L 02000 000","LINCOLN PARK RESUB LOTS 31 & 32","32A","Commercial","2/12/2024"
"HOLLOWAY INVESTMENTS LLC","BLYTHE AVENUE  647","113K","L","024.00","000","113K L 02400 000","LINCOLN PARK","8","Commercial","5/12/2023"
"HOLLOWAY INVESTMENTS LLC","WATER AVENUE NORTH  547","113N","B","007.00","000","113N B 00700 000","ST JOHN VIANNEY CATH","3","Commercial","9/3/2024"
"HOLLOWAY INVESTMENTS LLC","WILMORE STREET NORTH  310","113N","C","021.00","000","113N C 02100 000","","","Commercial","9/19/2024"
"HOLLOWAY INVESTMENTS LLC","TRIGG AVENUE NORTH  234","113N","F","027.00","000","113N F 02700 000","JACOBS RE SUB OF PAR","1","Commercial","8/1/2022"
"HOLLOWAY INVESTMENTS LLC","PARADISE STREET  351","113O","A","018.00","000","113O A 01800 000","PARADISE ESTATES","9","Commercial","6/24/2019"
"HOLLOWAY INVESTMENTS LLC","AUSTIN PARK DRIVE  348","113O","B","026.00","000","113O B 02600 000","AUSTIN PARK S/D","5","Commercial","6/24/2019"
"HOLLOWAY INVESTMENTS LLC","SMALL STREET  560","113O","H","028.00","000","113O H 02800 000","CLEARVIEW HGTS #1","5-6","Commercial","6/24/2019"
"HOLLOWAY INVESTMENTS LLC","SMALL STREET  556","113O","H","030.00","000","113O H 03000 000","CLEARVIEW HGTS #1","1-2","Commercial","6/24/2019"
"HOLLOWAY INVESTMENTS LLC","RANDOLPH CIRCLE  529","113O","J","022.00","000","113O J 02200 000","VERTRESS TERRACE","IST","Commercial","2/19/2020"
"HOLLOWAY INVESTMENTS LLC","EASTLAND STREET WEST  447","113O","L","006.00","000","113O L 00600 000","","","Commercial","12/29/2020"
"HOLLOWAY INVESTMENTS LLC","EASTLAND STREET WEST  449","113O","L","007.00","000","113O L 00700 000","","","Commercial","2/19/2020"
"HOLLOWAY INVESTMENTS LLC","ROOSEVELT CIRCLE  231","113O","M","014.00","000","113O M 01400 000","FORD ADDITION #1","36-37","Commercial","2/19/2020"
"HOLLOWAY INVESTMENTS LLC","EASTLAND STREET WEST","113O","N","010.00","000","113O N 01000 000","","","Commercial","6/24/2026"
"HOLLOWAY INVESTMENTS LLC","FRANKLIN STREET WEST  122","126C","B","013.00","000","126C B 01300 000","","","Commercial","10/10/2017"
"HOLLOWAY INVESTMENTS LLC","WATER AVENUE NORTH  140","126C","B","014.00","000","126C B 01400 000","","","Commercial","10/17/2017"
"HOLLOWAY INVESTMENTS LLC","WATER AVENUE NORTH","126C","B","018.00","000","126C B 01800 000","","","Commercial","9/29/2020"
"HOLLOWAY INVESTMENTS LLC","PUBLIC SQUARE  111","126C","F","020.00","000","126C F 02000 000","","","Commercial","4/18/2025"
"HOLLOWAY INVESTMENTS LLC","PUBLIC SQUARE  109","126C","F","021.00","000","126C F 02100 000","","","Commercial","4/18/2025"
"HOLLOWAY INVESTMENTS LLC","MAIN STREET EAST  228","126C","F","031.00","000","126C F 03100 000","","","Commercial","7/30/2025"
"HOLLOWAY INVESTMENTS LLC","WATER AVENUE NORTH  108","126C","G","002.00","000","126C G 00200 000","","","Commercial","8/16/2017"
"HOLLOWAY INVESTMENTS LLC","PARK AVENUE EAST  514","126E","A","013.00","000","126E A 01300 000","SOUTHMEADE","8","Commercial","5/1/2024"
"HOLLOWAY INVESTMENTS LLC","CEMETERY AVENUE","126F","A","004.00","000","126F A 00400 000","","","Commercial","2/24/2025"
"HOLLOWAY INVESTMENTS LLC","WINCHESTER & CEMETARY  0","126F","A","005.00","000","126F A 00500 000","","","Commercial","2/24/2025"
"HOLLOWAY INVESTMENTS LLC","TRAIL DRIVE  727","126H","B","014.00","000","126H B 01400 000","HOLLAND HGTS NO 1","0016","Commercial","6/24/2019"
"HOLLOWAY INVESTMENTS LLC","NESWICK COURT  1817","135B","H","048.00","000","135B H 04800 000","PATTERSON FARMS PH 3","159","Commercial","8/20/2025"
"HOLLOWAY INVESTMENTS LLC","CAPE CIRCLE PVT  122","147","","010.08","029","147    01008 029","","","Commercial","11/27/2024"
"HOLLOWAY INVESTMENTS LLC","CAPE CIRCLE PVT  108","147","","010.08","035","147    01008 035","","","Commercial","6/24/2025"
"HOLLOWAY INVESTMENTS LLC","OLD SHACKLE ISLAND RD  253","160L","B","017.00","000","160L B 01700 000","BETTY DORRIS SUB","2","Commercial","8/19/2024"
"HOLLOWAY INVESTMENTS LLC","SUNSET DRIVE  1104","165E","A","023.00","000","165E A 02300 000","FIVE COVES SEC 1","24","Commercial","4/20/2022"
"HOLLOWAY INVESTMENTS LLC","SMALL STREET  506","113J","G","017.00","000","113J G 01700 000","CLEARVIEW HTS. NO. 1","IST","Commercial","4/5/2023"
"HOLLOWAY INVESTMENTS LLC %HOLLOWAY HENRY W III C/O","NORTHLAKE DRIVE  137","159N","H","019.00","000","159N H 01900 000","NORTHLAKE SEC 14","19","Commercial","1/8/2018"
"HOLLOWAY INVESTMENTS LLC %HOLLOWAY HENRY W III C/O","CHERRY HILL DRIVE  129","159N","J","013.00","039","159N J 01300C039","MAPLES SEC 4 PT 4-UN","10","Commercial","1/8/2018"
"HOLLOWAY INVESTMENTS LLC C/O HAZEL PATH MANOR","PACE STREET WEST  502","113J","F","018.00","000","113J F 01800 000","CLEARVIEW HTS. NO. 2","01-3","Commercial","6/14/2023"
"HOLLOWAY INVESTMENTS LLC C/O HAZEL PATH MANSION","SANDERS FERRY ROAD  119","164A","A","029.00","000","164A A 02900 000","DRAKES POINTE APARTMENTS","","Commercial","5/4/2026"
"HOLLOWAY INVESTMENTS LLC HAZEL PATH MANISON C/O","STEVISON HAM ROAD  119","019","","123.02","000","019    12302 000","","","Commercial","5/11/2022"
"HOLLOWAY INVSTMENTS LLC","JG BRADLEY PLACE  127","126C","G","011.00","000","126C G 01100 000","","","Commercial","3/9/2018"
"HOLMAN INVESTMENTS LLC","NOKES DRIVE  108","163E","A","014.00","000","163E A 01400 000","NOKES ADDN TO HENDERSONVILLE RESUB","2","Commercial","11/29/2021"
"HOLMAN INVESTMENTS LLC","NOKES DRIVE  106","163E","A","014.01","000","163E A 01401 000","NOKES ADDITION RESUB","1","Commercial","11/29/2021"
"HOLMAN TOMOLYA HOLDINGS LLC","EAST MAIN STREET  625","158A","A","003.00","000","158A A 00300 000","BLUEGRASS PROFESSIONAL PARK","1","Commercial","1/29/2020"
"HOLT ANTHONY E","31W HWY  2934","077P","A","001.00","000","077P A 00100 000","COLE SUB DIV","IST","Commercial","5/28/2010"
"HOLT ANTHONY E","LONG HOLLOW PIKE  2059","124","","038.01","001","124    03801 001","ANTHONY E HOLT","","Commercial","5/28/2010"
"HOLT DARYL R ETUX SHANNON LEIGH","MAIN STREET WEST  518","126G","A","013.00","000","126G A 01300 000","","","Commercial","1/23/2025"
"HOLT MACLIN H HOLT JEANETTE P ETUX","GRASSLAND PLACE  976","136F","A","010.00","000","136F A 01000 000","NASHVILLE PIKE BUSINESS PARK R8-9","8+9","Commercial","1/25/2022"
"HOME PROS COOPERATIVE LLC","CUMBERLAND HILLS DRIVE  629","164L","A","005.00","000","164L A 00500 000","CUMBERLAND HILLS SEC H","7","Commercial","5/8/2026"
"HOME SFR BORROWER LLC","HUNTINGTON DRIVE  318","114N","C","004.00","000","114N C 00400 000","CAMBRIDGE FARMS SEC","47","Commercial","9/26/2016"
"HOME SFR BORROWER LLC","NEWMAN STREET  115","170D","C","008.00","000","170D C 00800 000","PANORAMA HARBOR SEC 3","173","Commercial","9/26/2016"
"HONDURAN KENYAN COFFEE COLLECTION LLC TR EARLY CENTURY MONKEY FARM LT","NASHVILLE PIKE  1167","125M","B","003.01","000","125M B 00301 000","GALLATIN CHIROPRACTI","1","Commercial","5/15/2020"
"HONEYCUTT MIKE ETUX RITA","CLIF GARRETT DRIVE  120","077I","B","008.00","000","077I B 00800 000","CLIF GARRETT DRIVE S","8-8","Commercial","2/25/2004"
"HONG DA INC","IRIS DRIVE  201","160E","G","005.00","000","160E G 00500 000","NEWMAN PLAZA RES   1","1","Commercial","4/23/2014"
"HOOK-SUPERX INC/CVS #6441-02 C/O CVS","MAIN STREET WEST  549","126G","B","017.00","000","126G B 01700 000","CVS PHARMACY","1","Commercial","7/13/1999"
"HOOPER BETTY YOW TRUSTEE","HAZEL PATH DRIVE  115","164A","C","025.00","001","164A C 02500C001","HAZEL PATH SEC 2","6 UNIT 2","Commercial","2/15/2002"
"HOOPER BETTY YOW TRUSTEE","HAZEL PATH DRIVE  115","164A","C","025.00","002","164A C 02500C002","HAZEL PATH SEC 2","6 UNIT 3","Commercial","2/15/2002"
"HOOPER BETTY YOW TRUSTEE","HAZEL PATH DRIVE  115","164A","C","025.00","003","164A C 02500C003","HAZEL PATH SEC 2","6 UNIT 4","Commercial","2/15/2002"
"HOOPER BETTY YOW TRUSTEE FOR YOW FAMILY REV TRUST","INDIAN LAKE BLVD  165","159J","A","021.16","104","159J A 02116C104","INDIAN LAKE OFFICES","104","Commercial","9/14/2006"
"HOOPER BETTY YOW TRUSTEE FOR YOW FAMILY REV TRUST","INDIAN LAKE BLVD  165","159J","A","021.16","105","159J A 02116C105","INDIAN LAKE OFFICES","105","Commercial","9/14/2006"
"HOOPER MICHAEL R","CRESTMONT DRIVE","160F","J","013.00","000","160F J 01300 000","BRIARWOOD ESTATES","13","Commercial","3/1/2010"
"HOOPER WILLIAM HEE ETUX CHRISTY REID","ANDERSON LANE  210","159O","C","002.00","000","159O C 00200 000","MAPLE ROW ESTS SEC 3","141","Commercial","8/14/2026"
"HOOPER WILLIAM HEE ETUX CHRISTY REID","ANDERSON LANE  202","159O","C","004.00","000","159O C 00400 000","MAPLE ROW EST SEC 2","54A","Commercial","4/27/2026"
"HOOVER J KEITH LORD HERB","DIMMITT COURT","019M","F","002.00","000","019M F 00200 000","ANGELCREST","2","Commercial","3/15/2018"
"HOOVER J KEITH LORD HERB","DIMMITT COURT","019M","F","003.00","000","019M F 00300 000","ANGELCREST","3","Commercial","3/15/2018"
"HOOVER J KEITH LORD HERB","DIMMITT COURT","019M","F","004.00","000","019M F 00400 000","ANGELCREST","4","Commercial","3/15/2018"
"HOOVER J KEITH LORD HERB","DIMMITT COURT","019M","F","005.00","000","019M F 00500 000","ANGELCREST","5","Commercial","3/15/2018"
"HOOVER J KEITH LORD HERB","DIMMITT COURT","019M","F","006.00","000","019M F 00600 000","ANGELCREST","6","Commercial","3/15/2018"
"HOOVER J KEITH LORD HERB","DIMMITT COURT","019M","F","007.00","000","019M F 00700 000","ANGELCREST","7","Commercial","3/15/2018"
"HOOVER J KEITH LORD HERB","DIMMITT COURT","019M","F","008.00","000","019M F 00800 000","ANGELCREST","8","Commercial","3/15/2018"
"HOOVER J KEITH LORD HERB","DIMMITT COURT","019M","F","009.00","000","019M F 00900 000","ANGELCREST","9","Commercial","3/15/2018"
"HOOVER J KEITH LORD HERB","DIMMITT COURT","019M","F","010.00","000","019M F 01000 000","ANGELCREST","10","Commercial","3/15/2018"
"HOOVER J KEITH LORD HERB","DIMMITT COURT","019M","F","011.00","000","019M F 01100 000","ANGELCREST","11","Commercial","3/15/2018"
"HOOVER J KEITH LORD HERB","DIMMITT COURT","019M","F","012.00","000","019M F 01200 000","ANGELCREST","12","Commercial","3/15/2018"
"HOPE FAMILY HEALTH SERVICES","52E HWY NE 1124","044","","122.02","001","044    12202 001","DR ROBERT LADD PROP","2","Commercial","6/10/2019"
"HOSSE CELIA CORLEY TRUSTEE","BROADWAY WEST  247","126C","G","022.00","000","126C G 02200 000","TOWN CREEK RE DEV.","IST","Commercial","7/31/2006"
"HOSSE CELIA CORLEY TRUSTEE","BROADWAY WEST  255","126C","G","024.00","000","126C G 02400 000","TOWN CREEK RE DEV.","IST","Commercial","7/31/2006"
"HOSSE CELIA CORLEY TRUSTEE","MAIN STREET WEST  0","126C","G","026.00","000","126C G 02600 000","","","Commercial","7/31/2006"
"HOUDESHELL JOSEPH S TR OF 731 WEST MAIN STREET TRUST","WEST MAIN STREET  731","160O","C","002.00","000","160O C 00200 000","FOREST RETREAT","LIST","Commercial","11/11/2024"
"HOUND HEELTON INC","WALTON FERRY ROAD  125","160M","C","007.00","000","160M C 00700 000","","","Commercial","6/24/2025"
"HOUSE MICHAEL E","31E HWY  5641","028M","A","026.00","000","028M A 02600 000","","","Commercial","10/20/2025"
"HOUSE MICHAEL E","31E HWY  0","028M","A","038.00","000","028M A 03800 000","","","Commercial","10/20/2025"
"HOUSE MICHAEL E","31E HWY NE 5244","045","","061.02","000","045    06102 000","","","Commercial","10/20/2025"
"HOUSE MICHAEL E","52 HWY NE 0","045I","A","046.00","000","045I A 04600 000","MILLER","14","Commercial","10/20/2025"
"HOUSE MICHAEL E","52E HWY NE 985","045I","A","047.00","000","045I A 04700 000","MILLER","15","Commercial","10/20/2025"
"HOUSE MICHAEL E","52 HWY NE 0","045I","A","048.00","000","045I A 04800 000","MILLER","16","Commercial","10/20/2025"
"HOUSE MICHAEL E","52 HWY NE 0","045I","A","049.00","000","045I A 04900 000","MILLER S/D","17","Commercial","10/20/2025"
"HOUSE MICHAEL E","52 HWY NE 0","045I","A","050.00","000","045I A 05000 000","MILLER S/D","8","Commercial","10/20/2025"
"HOUSE MICHAEL E","52 HWY NE 0","045I","A","051.00","000","045I A 05100 000","MILLER S/D","7","Commercial","10/20/2025"
"HOWARD & MANIS ENTERPRISES LLC","REMINGTON AVENUE  188","114J","F","037.00","000","114J F 03700 000","CAMBRIDGE FARMS PH 7","611","Commercial","10/27/2022"
"HOWARD & MANIS ENTERPRISES LLC","GOODMAN DRIVE  447","114K","H","026.00","000","114K H 02600 000","","18","Commercial","10/25/2022"
"HOWARD & MANIS ENTERPRISES LLC","GANNETT ROAD  1025","124I","A","037.00","000","124I A 03700 000","CREEKSIDE AT STATION","C149","Commercial","12/16/2022"
"HOWARD & MANIS ENTERPRISES LLC","SUMNER MEADOWS LANE  114","144M","E","021.00","000","144M E 02100 000","SUMNER MEADOWS PH 1","71","Commercial","10/14/2022"
"HOWARD & MANIS ENTERPRISES LLC","INDIAN LAKE BLVD  309","145","","068.06","000","145    06806 000","INDIAN LAKE VILLAGE P7 RES 31","31B","Commercial","12/9/2022"
"HOWARD & MANIS ENTERPRISES LLC","GAIL DRIVE  142","163C","C","022.00","000","163C C 02200 000","GLENHAVEN","18","Commercial","10/14/2022"
"HOWARD & MANIS ENTERPRISES LLC","LA VIEW ROAD  136","164D","C","009.00","000","164D C 00900 000","WATER VIEW SEC 13","22","Commercial","11/10/2022"
"HOWARD & MANIS ENTERPRISES LLC","RIDGE DRIVE  106","164J","C","021.00","000","164J C 02100 000","SARAH BERRY ANNEX 4 SEC 2","31","Commercial","11/10/2022"
"HOWARD & MANIS ENTERPRISES LLC","LAKESIDE PARK DRIVE  181","170E","J","026.00","000","170E J 02600 000","CANDLE WOODS SEC 8","62","Commercial","11/14/2022"
"HOWARD AND MANIS ENTERPRISES LLC","GIACOMO COURT  638","115O","A","050.00","000","115O A 05000 000","CARELLTON PH 7A","642","Commercial","1/10/2023"
"HOWELL FRED","GLENDALE DRIVE  206","020P","B","038.00","000","020P B 03800 000","GREGORY PROP-SMITH H","2-LIST","Commercial","1/27/2021"
"HOWELL FRED","JASKA ANN CIRCLE  101","032H","B","035.00","000","032H B 03500 000","DRAKEWOOD SEC 2","116","Commercial","5/6/2022"
"HOWELL FRED","BELVEDERE DRIVE NORTH  180","125M","A","022.00","013","125M A 02200C013","SUMNER CROSSINGS CON","13","Commercial","8/3/2017"
"HOWELL FRED","BELVEDERE DRIVE NORTH  180","125M","A","022.00","022","125M A 02200C022","SUMNER CROSSINGS CON","22","Commercial","5/30/2024"
"HOWELL FRED HOWELL DEBBIE ETUX","PARK AVENUE EAST  230","126F","J","017.00","000","126F J 01700 000","SUNSET VIEW","IST","Commercial","8/23/2018"
"HOWELL FRED L JR","ANDREEA STREET  141","033A","E","002.02","000","033A E 00202 000","RALPH WOODS SUB PH 6","1-1","Commercial","5/22/2018"
"HOWELL FRED L JR","ANDREEA STREET  108","033A","E","002.03","000","033A E 00203 000","RALPH WOODS PROP-RAL","1-4","Commercial","5/22/2018"
"HOWELL FRED L JR","ANDREEA STREET  111","033A","E","002.07","000","033A E 00207 000","RALPH WOOD PROP","3","Commercial","5/22/2018"
"HOWELL FRED L JR","ANDREEA STREET  112","033A","E","002.08","000","033A E 00208 000","RALPH WOODS PROP","2","Commercial","5/22/2018"
"HOWELL FRED L JR","ANDREEA STREET  116","033A","E","002.10","000","033A E 00210 000","RALPH WOODS PROP PH","4","Commercial","5/22/2018"
"HOWELL FRED L JR","ANDREEA STREET  120","033A","E","002.12","000","033A E 00212 000","RALPH WOODS PH 4","1","Commercial","5/22/2018"
"HOWELL FRED L JR","ANDREEA STREET  115","033A","E","002.13","000","033A E 00213 000","RALPH WOODS SUB","1","Commercial","5/22/2018"
"HOWELL FRED L JR","ANDREEA STREET  137","033A","E","002.14","000","033A E 00214 000","RALPH WOODS SUB PH 6","2","Commercial","5/22/2018"
"HOWELL FRED L JR","ANDREEA STREET  119","033A","E","022.00","000","033A E 02200 000","RALPH WOODS SUB","1","Commercial","5/22/2018"
"HOWELL FRED L JR","ANDREEA STREET  125","033A","E","024.00","000","033A E 02400 000","RALPH WOODS PROP","3","Commercial","5/22/2018"
"HOWELL FRED L JR","ANDREEA STREET  129","033A","E","025.00","000","033A E 02500 000","RALPH WOODS PROP","4","Commercial","5/22/2018"
"HOWELL FRED L JR","ANDREEA STREET  134","033A","E","026.00","000","033A E 02600 000","RALPH WOODS PROP","5","Commercial","5/22/2018"
"HOWELL FRED L JR","ANDREEA STREET  138","033A","E","028.00","000","033A E 02800 000","RALPH WOODS PROP","7","Commercial","5/22/2018"
"HOWELL FRED L JR","ANDREEA STREET  128","033A","E","029.00","000","033A E 02900 000","RALPH WOODS PROP","8","Commercial","5/22/2018"
"HOWELL FRED L JR","ANDREEA STREET  124","033A","E","030.00","000","033A E 03000 000","RALPH WOODS PROP","9","Commercial","5/22/2018"
"HP TENNESSEE I LLC","RED MAPLE COURT  106","159N","E","035.00","000","159N E 03500 000","MAPLES SEC 3 PT 3","35","Commercial","5/24/2018"
"HPA BORROWER 2017 1 LLC","CHELSEA DRIVE  1026","099J","C","013.00","000","099J C 01300 000","RIDGECREST PUD PH 4-","25-25","Commercial","6/8/2017"
"HPA BORROWER 2017 1 ML LLC","HIGH RIDGE TRAIL  107","120D","B","044.00","000","120D B 04400 000","WILLOW CREEK SEC 3","167","Commercial","11/28/2017"
"HPA BORROWER 2017 1 ML LLC","HARMONY LANE  1022","124I","B","031.00","000","124I B 03100 000","CREEKSIDE AT STATION","C60","Commercial","11/28/2017"
"HPA BORROWER 2017 1 ML LLC","CHESAPEAKE HARBOR BLVD  100","170E","K","052.00","000","170E K 05200 000","CHESAPEAKE HARBOR SEC 1B","299","Commercial","11/28/2017"
"HPA BORROWER 2017 1 ML LLC","SHIRLEY DRIVE  103","170M","F","023.00","000","170M F 02300 000","DELRAY PARK ESTATES","159","Commercial","11/28/2017"
"HPA BORROWER 2018 1 ML LLC","ROBERT AVENUE  212","077F","A","025.00","000","077F A 02500 000","HILTON HILLS SUB SEC","25","Commercial","9/19/2018"
"HPA BORROWER 2018 1 ML LLC","STRATFORD PARK BLVD  335","125B","B","007.00","000","125B B 00700 000","","84","Commercial","9/19/2018"
"HPA BORROWER 2018 1 ML LLC","CREEKWOOD LANE  115","145I","D","008.00","000","145I D 00800 000","CREEKWOOD ESTS SEC I","46","Commercial","9/9/2018"
"HPA BORROWER 2018 1 ML LLC","SPY GLASS WAY  194","146A","C","028.00","000","146A C 02800 000","MASTERS GLENN AT COU","46","Commercial","9/19/2018"
"HPA BORROWER 2018 1 MS LLC","BEAUMONT DRIVE  116","164N","E","034.00","000","164N E 03400 000","BALLENTRAE SEC 3","93","Commercial","2/15/2018"
"HPA BORROWER 2018 1 MS LLC","RAINTREE DRIVE  316","169L","C","008.00","000","169L C 00800 000","INDIAN LAKE FOREST SEC 2","149","Commercial","10/25/2018"
"HPA BORROWER 2018-1MS LLC","VALLEY VIEW COURT  102","144M","C","034.00","000","144M C 03400 000","HILLWODD ESTS.SEC.3","96","Commercial","7/3/2018"
"HPA BORROWER 2018-1MS LLC","DEVONSHIRE TRAIL  130","146O","B","032.00","000","146O B 03200 000","VILLAGE AT RIVERCHAS","48","Commercial","4/20/2018"
"HPA BORROWER 2018-1MS LLC","AGEE CIRCLE EAST  106","159A","N","056.00","000","159A N 05600 000","GLEN OAK SEC 1 PT A","7","Commercial","4/20/2018"
"HPA BORROWER 2018-1MS LLC","BLUE RIDGE DRIVE  127","159F","B","011.00","000","159F B 01100 000","BLUE RIDGE PH 2","111","Commercial","4/20/2018"
"HPA BORROWER 2018-1MS LLC","COBBLER CIRCLE  135","164G","J","030.00","000","164G J 03000 000","BERRY HILL SEC 2 PH 2A","130","Commercial","7/3/2018"
"HPA BORROWER 2018-1MS LLC","LAKESIDE PARK DRIVE  213","169A","G","048.00","000","169A G 04800 000","CANDLE WOODS SEC 3","24","Commercial","7/3/2018"
"HPA II BORROWER 2019 1 LLC","AVERY TRACE CIRCLE  1025","138K","F","036.00","000","138K F 03600 000","AUTUMN CREEK SEC 3","18","Commercial","7/15/2019"
"HPA II BORROWER 2019 1 LLC","SPY GLASS WAY  242","146A","A","032.00","000","146A A 03200 000","MASTERS GLENN AT COU","91-91","Commercial","7/15/2019"
"HPA II BORROWER 2020 1 GA LLC","FLAXTON STREET  1019","124H","C","011.00","000","124H C 01100 000","CREEKSIDE AT STATION","B58","Commercial","12/20/2019"
"HPA II BORROWER 2020 1 GA LLC","GANNETT ROAD  1007","124I","A","004.00","000","124I A 00400 000","CREEKSIDE AT STATION","C4","Commercial","12/20/2019"
"HPA II BORROWER 2020 1 GA LLC","ANNAPOLIS BEND CIRCLE  135","137J","C","049.00","000","137J C 04900 000","SAUNDERSVILLE STATION PH 5 SEC 8","400","Commercial","12/20/2019"
"HPA II BORROWER 2020 1 GA LLC","WATERFORD WAY  146","146O","C","008.00","000","146O C 00800 000","RIVER CHASE SEC 2","528","Commercial","12/20/2019"
"HPA II BORROWER 2020 1 GA LLC","CAPE CIRCLE PVT  135","147","","010.08","049","147    01008 049","","","Commercial","12/20/2019"
"HPA II BORROWER 2020 1 GA LLC","DEERFOOT COURT  129","158A","E","018.00","000","158A E 01800 000","WINSTON HILLS PH 3","94","Commercial","12/20/2019"
"HPA II BORROWER 2020 1 LLC","KRAFT STREET  109","113M","E","037.00","000","113M E 03700 000","SMALL ACRES","P/O2","Commercial","6/4/2020"
"HPA II BORROWER 2020 1 LLC","HACKNEY LANE  132","114K","I","007.00","000","114K I 00700 000","","128","Commercial","6/4/2020"
"HPA II BORROWER 2020 1 LLC","SETTLERS WAY  119","137O","C","002.00","000","137O C 00200 000","SAUNDERSVILLE STATIOSAUNDERSVILLE STATIO","40","Commercial","6/4/2020"
"HPA II BORROWER 2020 1 ML LLC","CROSS CREEK LANE  107","145G","B","004.00","000","145G B 00400 000","MEADOWS SEC 1","4","Commercial","3/10/2020"
"HPA II BORROWER 2020 1 ML LLC","YORKSIDE PLACE  100","145I","A","023.00","000","145I A 02300 000","COLONIAL ACRES SEC.","417","Commercial","3/10/2020"
"HPA II BORROWER 2020-2 LLC","WALNUT CREST DRIVE  213","113P","G","007.00","000","113P G 00700 000","CREEKVIEW SEC. 1","0084","Commercial","11/17/2020"
"HPA JV BORROWER 2019 1 ATH LLC","FALL CREEK CIRCLE  415","143D","C","038.00","000","143D C 03800 000","COPPER CREEK SEC 2 PH 1","110","Commercial","5/10/2019"
"HPA JV BORROWER 2019 1 ATH LLC","HILLS DALE DRIVE  137","160G","A","018.00","000","160G A 01800 000","TWIN VALLEY SEC. 1","27","Commercial","5/10/2019"
"HPA JV BORROWER 2019 1 ATH LLC","CHESAPEAKE HARBOR BLVD  154","170E","M","032.00","000","170E M 03200 000","CHESAPEAKE HARBOR SEC 3B","227","Commercial","5/10/2019"
"HPA JV BORROWER 2019-1 ML LLC","LACEBARK LANE  1006","124H","C","001.00","000","124H C 00100 000","CREEKSIDE AT STATION","B77","Commercial","1/22/2019"
"HPA JV BORROWER 2019-1 ML LLC","BENNINGTON COURT NORTH  103","160C","F","045.00","000","160C F 04500 000","TRACE AT ALEXANDREA-","203","Commercial","1/22/2019"
"HPA JV BORROWER 2019-1 ML LLC","FORREST MEADOWS DRIVE  101","160K","H","007.00","000","160K H 00700 000","FORREST MEADOWS SEC","10","Commercial","1/22/2019"
"HPA JV BORROWER 2019-1 ML LLC","WALTON VILLAGE DRIVE  133","163D","E","070.00","000","163D E 07000 000","VILLAGES OF WALTON SQUARE PH 2","137","Commercial","1/22/2019"
"HPA JV BORROWER 2019-1 ML LLC","BENTREE DRIVE  109","164C","D","042.00","000","164C D 04200 000","BENT TREE","5","Commercial","1/22/2019"
"HPC SAUNDERSVILLE INVESTORS LP","SAUNDERSVILLE ROAD  112","145","","084.00","000","145    08400 000","INDIAN LAKE VILLAGE-","6","Commercial","9/18/2015"
"HPC SAUNDERSVILLE INVESTORS LP","SAUNDERSVILLE ROAD  112","145","","085.00","000","145    08500 000","INDIAN LAKE VILLAGE-","7","Commercial","9/18/2015"
"HRM INVESTMENTS GP","WATER AVENUE SOUTH  683","126L","B","017.00","000","126L B 01700 000","SOUTHGATE SHOPPING C","A","Commercial","5/25/2021"
"HTW VENTURES MILL CREEK LLC","INDIAN LAKE BLVD  212","159B","B","004.00","000","159B B 00400 000","INDIAN LAKE MARKET PH 1 RESUB CR","CR2","Commercial","7/21/2022"
"HUBERT PROPERTIES LP","MAPLE STREET  124","126F","L","004.00","000","126F L 00400 000","MORNINGSIDE HEIGHTS","05-6","Commercial","8/26/1993"
"HUDGINS WILLIAM C DODSON WILDA HENDERSON ETUX","WATER AVENUE SOUTH  207","126C","M","009.00","000","126C M 00900 000","","","Commercial","10/13/2006"
"HUDGINS WILLIAM C DODSON WILDA HENDERSON ETUX","WATER AVENUE SOUTH  215","126C","M","010.00","000","126C M 01000 000","","","Commercial","10/13/2006"
"HUDSON SFR PROPERTY HOLDINGS II LLC","TELAVERA DRIVE  148","096I","A","011.00","000","096I A 01100 000","","11","Commercial","2/11/2022"
"HUFFMAN PROPERTIES LLC","WATER AVENUE NORTH  170","126C","B","021.00","000","126C B 02100 000","","","Commercial","1/28/2009"
"HUGHES CONNIE LYNN HENRY CYNTHIA ANN","WATER AVENUE NORTH  723","113K","C","005.00","000","113K C 00500 000","","","Commercial","2/2/2022"
"HUGHES CONNIE LYNN HENRY CYNTHIA ANN","WEST AVENUE  0","126M","C","002.00","000","126M C 00200 000","CARTER S/D","IST","Commercial","2/2/2022"
"HUGHES CONNIE LYNN HENRY CYNTHIA ANN","WATER AVENUE SOUTH  1269","135","","018.00","000","135    01800 000","","","Commercial","2/2/2022"
"HUGHES CONNIE LYNN HENRY CYNTHIA ANN","WATER AVENUE SOUTH  1275","135","","019.00","000","135    01900 000","","","Commercial","2/2/2022"
"HUGHES CONNIE LYNN HENRY CYNTHIA ANN","WATER AVENUE SOUTH  1275","135","","019.00","001","135    01900T001","","","Commercial","2/2/2022"
"HUGHES KINDLE HUGHES JOSHUA B ETVIR","MAIN STREET EAST  1140","112I","A","008.00","000","112I A 00800 000","SUNSET PARK","IST","Commercial","7/16/2026"
"HUMPHREYS CLAYTON H","NICHOLS LANE  0","135","","037.01","000","135    03701 000","","","Commercial","9/13/2024"
"HUNTER KATHERINE E ETVIR MARK D","VANTREASE LANE  225","102","","005.03","001","102    00503 001","","","Commercial","10/24/2008"
"HUNTER MARY G","FRANKLIN STREET WEST  182","126C","B","008.00","000","126C B 00800 000","TOWN CREEK RE DEV.","19","Commercial","6/17/2015"
"HUNTER MARY G TR SUDBURY C STEVEN","FRANKLIN STREET WEST  185","126C","G","020.00","000","126C G 02000 000","","","Commercial","10/30/2015"
"HUNTER MARY JESSICA ETVIR DOUGLAS","BROADWAY SOUTH  201","033H","H","001.00","000","033H H 00100 000","","","Commercial","1/11/2011"
"HUNTER THOMAS D ETUX JESSICA J","SOUTH BROADWAY  813","039B","A","018.00","000","039B A 01800 000","","","Commercial","6/30/1999"
"HUNTER WILFRED HUNTER CINDY ETUX","SCOTTY PARKER ROAD  1607","104","","002.00","000","104    00200 000","JAMES L MCCORMICK PR","1","Commercial","7/26/2016"
"HUNTSMAN RONALD W ETUX PAULA E","PEA RIDGE ROAD  100","010","","027.00","001","010    02700 001","","","Commercial","12/7/1995"
"HURDT DAVID RANDALL & CHERYL ELAINE TR HURDT TENNESSEE COMMUNITY PROPERTY TRUST","MIDTOWN COURT  115","160M","A","006.02","000","160M A 00602 000","MIDTOWN CENTER SEC 1","02","Commercial","8/14/2024"
"HURST DANIEL","WATER AVENUE SOUTH  899","126N","G","001.00","000","126N G 00100 000","","","Commercial","8/29/2014"
"HURST DANIEL & ROBERT C HELSON","JAMES STREET  239","126M","A","008.00","000","126M A 00800 000","","","Commercial","7/15/2025"
"HURST DANIEL ROBERT C HELSON","LONG HOLLOW PIKE  3979","139","","058.02","001","139    05802 001","","","Commercial","10/29/2004"
"HURST DANIEL T","WATER AVENUE SOUTH  611","126F","K","001.00","000","126F K 00100 000","SUNSET VIEW REPLAT L","1","Commercial","9/11/2017"
"HURST DANIEL T ETUX SARAH","WATER AVENUE SOUTH  123","126C","K","006.00","000","126C K 00600 000","","","Commercial","7/8/2002"
"HURST DANIEL T ROBERT C HELSON","WATER AVENUE SOUTH  563","126F","J","001.00","000","126F J 00100 000","JONES ADD.","1","Commercial","7/26/2002"
"HURST DANNY","EAST MAIN STREET  1003","016C","A","002.00","000","016C A 00200 000","","","Commercial","10/10/2016"
"HURST DANNY","WINCHESTER STREET  0","126F","F","029.00","000","126F F 02900 000","","","Commercial","8/15/2016"
"HURST DANNY","WOODS FERRY ROAD  1033","126M","B","008.00","000","126M B 00800 000","","11,PO12-","Commercial","7/31/2025"
"HURST DANNY","WOODS FERRY ROAD  1066","126N","G","014.00","000","126N G 01400 000","","","Commercial","4/1/2014"
"HURST DANNY ETUX SARAH","MAIN STREET EAST  240","126C","E","010.00","000","126C E 01000 000","","","Commercial","10/11/1996"
"HURST DANNY HELSON ROBERT C","109N HWY  1067","113","","007.00","000","113    00700 000","","","Commercial","3/15/2019"
"HURST ETHAN","JENNINGS ROAD  161","124","","002.13","000","124    00213 000","","","Commercial","7/12/2024"
"HURT JOHN FREDERICK III ASBRIDGE JULIE ANN","WEST MAIN STREET  277","163D","C","013.00","000","163D C 01300 000","","","Commercial","6/11/2019"
"HUTCHISON ROBERT F III","LONG HOLLOW PIKE  2661","123","","052.00","001","123    05200 001","","","Commercial","7/9/2025"
"HZ CANTARE DST","CINEMA DRIVE  120","145","","080.00","000","145    08000 000","INDIAN LAKE VILLAGE-","15-15","Commercial","8/14/2023"
"I & B INC JOHNSON CYNTHIA C/O","SANDERS FERRY ROAD  142","163D","E","002.00","000","163D E 00200 000","","","Commercial","7/20/1995"
"I J HOLDING LLC","WATER AVENUE SOUTH  1106","135C","C","014.00","000","135C C 01400 000","HAROLD KEMP","2","Commercial","12/3/2024"
"I&H INVESTMENTS","31W HWY  1820","099","","009.02","000","099    00902 000","BOBBY GALBRAITH PROP","1","Commercial","3/2/2021"
"IANNELLO GIUSEPPE ETUX GIUSEPPA","NEW SHACKLE ISLAND RD  655","145","","004.00","001","145    00400 001","","","Commercial",""
"ICHIBAN JAPANESE TN CORP","INDIAN LAKE BLVD  185","159J","A","021.20","000","159J A 02120 000","INDIAN LAKE SEC 17 REV 1","29","Commercial","1/25/2020"
"IGLESIA HISPANA DE NASHVILLE INC","OLD DOUGLAS ROAD  159","113","","004.01","001","113    00401 001","","","Commercial","5/13/2024"
"IGLESIA JESUCRISTO FUENTE DE VIDA","SCOTTY PARKER ROAD  1625","104","","004.01","000","104    00401 000","","","Commercial","2/1/2024"
"ILE BLUEROCK PROGRAM PORTFOLIO LLC","WINDING WAY  1816","100I","C","031.00","000","100I C 03100 000","TYREE WOODS ESTATESS","274","Commercial","6/3/2022"
"ILE BLUEROCK PROGRAM PORTFOLIO LLC","TYREE COURT SOUTH  1008","100I","D","014.00","000","100I D 01400 000","TYREE WOODS SEC 17","251","Commercial","6/2/2022"
"ILE BLUEROCK PROGRAM PORTFOLIO LLC","CAMINO CIRCLE  118","159K","A","008.00","000","159K A 00800 000","MAPLES SEC1 REV","10","Commercial","7/25/2022"
"ILLARRAMENDI MICHAEL ETUX ERICA ILLARRAMENDI","31W HWY  2786","097","","003.01","000","097    00301 000","ILLARRAMENDI & WILLIAMS","2","Commercial","1/2/2025"
"ILLARRAMENDI MICHAEL ETUX ERICA ILLARRAMENDI","31W HWY  2786","097","","003.04","000","097    00304 000","NANCY LEE MANN TR PROP RESUB","1A","Commercial","1/2/2025"
"IMPERIAL POINTE PROP LLC","IMPERIAL BLVD","163C","F","002.00","001","163C F 00200C001","IMPERIAL POINTE CONDOMINIUM","A","Commercial","11/29/2017"
"IMPERIAL POINTE PROPERTIES LLC","CANFIELD PLACE  114","160M","C","023.01","000","160M C 02301 000","HENDERSONVILLE COURT","","Commercial","11/9/2021"
"IMPERIAL PROPERTIES CORP","WEST MAIN STREET  315","163D","C","015.00","000","163D C 01500 000","HENDERSONVILLE CHURCH OF CHRIST RESUB","2","Commercial","5/15/2012"
"IN TOWN SUITES NASH N LLC","WEST MAIN STREET  1027","160O","D","009.00","000","160O D 00900 000","O W FERGUSON PROP","1","Commercial","8/18/2003"
"IN-N-OUT BURGERS","ANDERSON LANE NORTH  100","159J","A","037.00","000","159J A 03700 000","INDIAN LAKE CENTER PH 4 LOWES","4","Commercial","9/25/2024"
"INDIAN LAKE FOREST SWIM & TENNIS CLUB INC","INDIAN LAKE ROAD  500","169K","C","014.00","000","169K C 01400 000","","","Commercial","8/14/1970"
"INDIAN LAKE GALLERY INVESTMENTS","ANDERSON LANE NORTH  206","159B","B","014.01","000","159B B 01401 000","INDIAN LAKE MARKET PH 1 RESUB MR1,FF","FF","Commercial","3/20/2023"
"INDIAN LAKE LLC","INDIAN LAKE BLVD  165","159J","A","021.16","109","159J A 02116C109","INDIAN LAKE OFFICES","109","Commercial","5/19/2023"
"INDIAN LAKE PROPERTIES LLC GLASS RUSSELL C/O","INDIAN LAKE BLVD  290","145","","078.01","000","145    07801 000","INDIAN LAKE VILLAGE-","10-10","Commercial","7/8/2026"
"INGRUM CHRISTOPHER JAY ETUX JULIE ANN & ROBERT G INGRUM","MAIN STREET EAST  117","126C","K","023.00","000","126C K 02300 000","","","Commercial","8/29/2023"
"INNATE PROPERTIES LLC","WEST MARKET STREET  611","034E","B","023.00","000","034E B 02300 000","ALVIE W PRATER PROP","1","Commercial","9/30/2022"
"INSIDE OUT LLC","WATER AVENUE SOUTH  562","126F","L","001.00","000","126F L 00100 000","FITZGERALD SUB","2","Commercial","8/17/2020"
"INTERNATIONAL NETWORKS & COMMU","SAUNDERSVILLE ROAD  190","145","","093.04","000","145    09304 000","","54","Commercial","1/26/2016"
"INVITATION HOMES 7 TENNESSEE LP","DEACON LANE  300","077O","C","037.00","000","077O C 03700 000","COPES CROSSING PH 1B","97","Commercial","3/13/2025"
"INVITATION HOMES 7 TENNESSEE LP","BROOK AVE  445","077O","D","012.00","000","077O D 01200 000","COPES CROSSING PH2","58","Commercial","3/13/2025"
"INVITATION HOMES 7 TENNESSEE LP","BROOK AVE  341","077O","D","038.00","000","077O D 03800 000","COPES CROSSING PH2","32","Commercial","3/13/2025"
"INVITATION HOMES 7 TENNESSEE LP","BROOK AVE  337","077O","D","039.00","000","077O D 03900 000","COPES CROSSING PH2","31","Commercial","3/13/2025"
"INVITATION HOMES 7 TENNESSEE LP","BROOK AVE  444","077O","D","044.00","000","077O D 04400 000","COPES CROSSING PH2","65","Commercial","3/13/2025"
"INVITATION HOMES 7 TENNESSEE LP","BROOK AVE  440","077O","D","045.00","000","077O D 04500 000","COPES CROSSING PH2","66","Commercial","3/13/2025"
"INVITATION HOMES 7 TENNESSEE LP","BROOK AVE  436","077O","D","046.00","000","077O D 04600 000","COPES CROSSING PH2","67","Commercial","3/13/2025"
"INVITATION HOMES 7 TENNESSEE LP","BROOK AVE  432","077O","D","047.00","000","077O D 04700 000","COPES CROSSING PH2","68","Commercial","3/13/2025"
"INVITATION HOMES 7 TENNESSEE LP","BROOK AVE  372","077O","D","052.00","000","077O D 05200 000","COPES CROSSING PH2","73","Commercial","3/13/2025"
"IRELAND SHAWN J ETUX KELLY","MAPLE ROW BOULEVARD  116","159O","D","015.00","000","159O D 01500 000","MAPLE ROW BLVD","15,PO14","Commercial","11/30/2023"
"ISAACSON RICHARD ALLEN TR ISAACSON FOUNDATION","NASHVILLE PIKE  1175","125M","B","004.00","000","125M B 00400 000","LELAND HEIGHTS","1,PO2","Commercial","4/4/2024"
"ISABELL HAROLD T & BILLIE J ISABELL TRS ISABELL JOINT REVOCABLE TRUST","CALDWELL DRIVE  509","143","","078.02","000","143    07802 000","TERRI ESTATES","0001","Commercial","3/8/2023"
"J & J PROPERTY DEVELOPMENT LLC","LOUISVILLE HWY  1004","141","","053.00","000","141    05300 000","HAILEY & THOMPSON","15,PO16","Commercial","3/6/2024"
"J & J PROPERTY DEVELOPMENT LLC","31W HWY  1004","141","","053.00","001","141    05300 001","HAILEY & THOMPSON","IST","Commercial","3/6/2024"
"J & J PROPERTY DEVELOPMENT LLC","LOUISVILLE HWY  1004","141","","053.00","002","141    05300 002","HAILEY & THOMPSON","15,PO16","Commercial","3/6/2024"
"J & J VENTURES LLC","FORD STREET SOUTH  141","126B","F","024.00","000","126B F 02400 000","WASHINGTON PARK","68-74","Commercial","7/20/2022"
"J & J VENTURES LLC","BREAKWATER NORTH  107","164D","D","014.00","000","164D D 01400 000","BREAKWATER SEC 2","39","Commercial","8/23/2022"
"J & J VENTURES LLC","INDIAN LAKE ROAD  540","169M","A","035.00","000","169M A 03500 000","INDIAN LAKE FOREST SEC 1","21","Commercial","4/15/2022"
"J&R REAL ESTATE GALLATIN LLC ,","NASHVILLE PIKE  1198","125M","A","007.00","000","125M A 00700 000","BAKERS CROSSING RESU","2A-2","Commercial","10/13/2015"
"JA THOMPSON PROPERTIES LLC","WINCHESTER STREET WEST  186","126F","A","024.00","000","126F A 02400 000","","","Commercial","11/14/2016"
"JA THOMPSON PROPERTIES LLC","SCHELL STREET WEST  312","126F","F","009.00","000","126F F 00900 000","WEST SHELL ADD","IST","Commercial","11/14/2016"
"JACE LLC","STADIUM DRIVE  123","163D","A","016.00","000","163D A 01600 000","PATE","46,PO45","Commercial","5/21/2020"
"JACKSON DANNY C ETUX CHRYL A","HANCOCK STREET","126O","D","004.02","000","126O D 00402 000","LACKEY PROP PH 3","22","Commercial","3/16/1999"
"JACKSON GREGORY & HOLLIE JACKSON","FREE HILL ROAD  111","160O","C","015.00","000","160O C 01500 000","","","Commercial","4/17/2025"
"JACKSON SONS GALLATIN RE HOLDINGS LLC","NASHVILLE PIKE  2109","146","","037.06","000","146    03706 000","","1","Commercial","8/25/2017"
"JACOBS JEROME TTEES UDT JACOBS HELEN BRANHAM TTEES UDT","TURNER WAY PVT  586","113O","E","018.00","000","113O E 01800 000","JEROME & HELEN JACOBS","1","Commercial","3/15/2019"
"JACOBS JEROME TTEES UDT JACOBS HELEN BRANHAM TTEES UDT","TURNER WAY PVT  101","113O","E","018.00","001","113O E 01800T001","JEROME & HELEN JACOBS","1","Commercial","3/15/2019"
"JACOBS JEROME TTEES UDT JACOBS HELEN BRANHAM TTEES UDT","TURNER WAY PVT  105","113O","E","018.00","002","113O E 01800T002","JEROME & HELEN JACOBS","1","Commercial","3/15/2019"
"JACOBS JEROME TTEES UDT JACOBS HELEN BRANHAM TTEES UDT","TURNER WAY PVT  109","113O","E","018.00","003","113O E 01800T003","JEROME & HELEN JACOBS","1","Commercial","3/15/2019"
"JACOBS JEROME TTEES UDT JACOBS HELEN BRANHAM TTEES UDT","TURNER WAY PVT  113","113O","E","018.00","004","113O E 01800T004","JEROME & HELEN JACOBS","1","Commercial","3/15/2019"
"JACOBS JEROME TTEES UDT JACOBS HELEN BRANHAM TTEES UDT","TURNER WAY PVT  117","113O","E","018.00","005","113O E 01800T005","JEROME & HELEN JACOBS","1","Commercial","3/15/2019"
"JACOBS JEROME TTEES UDT JACOBS HELEN BRANHAM TTEES UDT","TURNER WAY PVT  121","113O","E","018.00","006","113O E 01800T006","JEROME & HELEN JACOBS","1","Commercial","3/15/2019"
"JACOBS JEROME TTEES UDT JACOBS HELEN BRANHAM TTEES UDT","TURNER WAY PVT  125","113O","E","018.00","007","113O E 01800T007","JEROME & HELEN JACOBS","1","Commercial","3/15/2019"
"JAD INVESTMENT LLC","WALTON FERRY ROAD  109","160M","C","002.00","000","160M C 00200 000","","","Commercial","9/6/2022"
"JAE ARLINGTON PROPERTIES LLC & HWH PROPERTIES LLC","SAUNDERSVILLE ROAD  190","145","","093.06","000","145    09306 000","INDIAN LAKE VILLAGE","4","Commercial","4/14/2025"
"JAGGERS VERNA K & REID M TRS JAGGERS FAMILY TRUST","NORTH STREET  115","033B","D","006.00","000","033B D 00600 000","VOSS ADD","0047","Commercial","8/6/2026"
"JAI HO PROPERTIES LLC","31E HWY OLD  1701","044C","H","001.00","000","044C H 00100 000","","","Commercial","7/31/2018"
"JAI HO PROPERTIES LLC","AUSTIN PEAY HWY  5102","044F","B","001.00","000","044F B 00100 000","","","Commercial","4/16/2014"
"JAI MAHAKALI INC","NORTH BROADWAY  446","033A","A","030.00","000","033A A 03000 000","","","Commercial","3/30/2021"
"JAI MAHAKALI INC DBA DRAKEWOOD AUTO SALES","SOUTH BROADWAY  516","033I","C","021.00","000","033I C 02100 000","","","Commercial","11/26/2019"
"JAMES & COMPANY LLC","CHURCH STREET  440","113O","L","014.00","000","113O L 01400 000","440 CHURCH ST","1","Commercial","4/9/2026"
"JAMS INVESTMENTS LLC","BUSINESS PARK CIRCLE  3050","143J","F","007.00","010","143J F 00700C010","NORTHCREEK BUSINESS PARK SEC 14 RES 11B","11B","Commercial","10/18/2022"
"JAMS INVESTMENTS LLC","BUSINESS PARK CIRCLE  3050","143J","F","007.00","012","143J F 00700C012","NORTHCREEK BUSINESS PARK SEC 14 RES 11B","11B","Commercial","11/1/2019"
"JAMS INVESTMENTS LLC","CANFIELD PLACE  114","160M","C","023.00","005","160M C 02300C005","HENDERSONVILLE COURT","5","Commercial","1/30/2020"
"JANSON KENNETH R ETUX DIANA L","HICKORY HEIGHTS DRIVE  140","164P","A","034.00","000","164P A 03400 000","WALNUT HILLS ESTATES SEC 1 PT 1","128","Commercial","1/9/1990"
"JARAMILLO J SOCORR C","HICKORY AVENUE SOUTH  APT A  315","126F","A","011.00","000","126F A 01100 000","","","Commercial","12/20/2019"
"JARRELL & CO LLC","MAPLE ROW BOULEVARD  125","159O","D","020.00","000","159O D 02000 000","MAPLE ROW BLVD.","20","Commercial","7/31/2019"
"JARRELL & CO LLC","MAPLE ROW BLVD  131","159O","D","021.00","010","159O D 02100C010","MAPLE ROW PROF BLDG-","400-400","Commercial","12/19/2017"
"JARRETT JERRY W CROWN CASTLE PT C/O","CUMBERLAND HILLS DRIVE  0","164F","E","011.00","000","164F E 01100 000","","","Commercial","11/15/1994"
"JAVAVISION PORTLAND PROPERTY LLC","52 HWY  413","034E","B","018.11","000","034E B 01811 000","NORTHSIDE G&L PROP S","5","Commercial","4/1/2024"
"JAY RAM GALLATIN LLC","VILLAGE GREEN XING  1001","126I","A","022.00","000","126I A 02200 000","VILLAGE GREEN CROSSI","1-1","Commercial","3/22/2018"
"JAY RAM INC","SUMNER HALL DRIVE  354","126I","A","014.00","000","126I A 01400 000","SUMNER HALL SEC 2-SU","","Commercial","3/4/2014"
"JAY RAM SUMNER LLC","TULIP POPLAR DRIVE  1188","126I","A","032.00","000","126I A 03200 000","","1","Commercial","5/27/2021"
"JAY RAM VILLAGE LLC","VILLAGE GREEN XING  983","126I","A","033.00","000","126I A 03300 000","","2","Commercial","4/14/2023"
"JAYHAWK PARTNERS GP","ROCKLAND ROAD","160","","066.03","000","160    06603 000","MESSINGER & SILL PROP","PROPOSED","Commercial","10/5/2021"
"JBL PROPERTIES LLC","ANN AVENUE  720","113K","D","038.00","000","113K D 03800 000","LANGFORD HGTS #2","","Commercial","2/10/2015"
"JBL PROPERTIES LLC","HILLWOOD DRIVE  126","144M","A","016.00","000","144M A 01600 000","HILLWOOD ESTS SEC II","21","Commercial","10/28/2016"
"JBL PROPERTIES LLC LOUIS ROBERTS C/O","LONG HOLLOW PIKE","126B","G","016.00","000","126B G 01600 000","INDIAN HILLS S/D","1","Commercial","9/30/2016"
"JCC LLC","NEW DEAL POTTS ROAD  136","058","","032.00","000","058    03200 000","NEW DEAL S/D","22-29","Commercial","3/13/2023"
"JCC LLC","BRIDLE WOOD COURT  102","097E","H","003.00","000","097E H 00300 000","NORTHWOODS SUBD PH 4","17","Commercial","2/21/2023"
"JCT INVESTMENTS LLC","31W HWY  2836","077P","B","002.00","000","077P B 00200 000","STEVE NICHOLS PROPER","2","Commercial","9/22/2016"
"JEFF 1 LLC","CAGE ROAD","163D","D","023.00","000","163D D 02300 000","","","Commercial","5/7/2020"
"JENKINS BONDING CO LLC","WINCHESTER STREET WEST  141","126F","F","027.00","000","126F F 02700 000","","","Commercial","9/3/2004"
"JENKINS BRENDA A","DONNA DRIVE  278","163E","F","021.00","000","163E F 02100 000","CLAIRMONT MANOR RESUB 3","3","Commercial","6/4/1992"
"JENKINS GARRY W ETUX BEVERLY L","JACKSON HEIGHTS ROAD  1009","099K","A","002.00","000","099K A 00200 000","JACKSON HEIGHTS","IST","Commercial","7/22/1977"
"JENKINS GREGORY K ETUX CONNIE W","BROADWAY EAST  400","113K","J","024.00","000","113K J 02400 000","","","Commercial","4/22/2026"
"JENKINS VICTOR SCOTT JENKINS GREGORY KERR","31E HWY  0","113K","J","024.01","000","113K J 02401 000","","","Commercial","12/13/2018"
"JENKINS VICTOR SCOTT JENKINS GREGORY KERR","31E HWY  0","113K","J","024.02","000","113K J 02402 000","","","Commercial","12/13/2018"
"JENNINGS JOHN C","WEST MAIN STREET  613","163C","A","019.00","000","163C A 01900 000","","","Commercial","10/28/1994"
"JENNINGS JOHN C ETUX JERELYN W","WEST MAIN STREET  615","163C","A","020.00","000","163C A 02000 000","","","Commercial","5/22/2006"
"JENNINGS PARK LLC","HARTSVILLE PIKE  703","126D","D","016.00","000","126D D 01600 000","JENNINGS PARK RESUB","1","Commercial","7/25/2018"
"JENNINGS PARK LLC","INDEPENDENCE WAY PVT  120","126D","D","017.03","000","126D D 01703 000","","7","Commercial","2/24/2017"
"JENNINGS PARK LLC","INDEPENDENCE WAY PVT  124","126D","D","017.04","000","126D D 01704 000","","6","Commercial","2/24/2017"
"JENNINGS PARK LLC","INDEPENDENCE WAY PVT  128","126D","D","017.05","000","126D D 01705 000","","5","Commercial","2/24/2017"
"JENNINGS PARK LLC","INDEPENDENCE WAY PVT  123","126D","D","017.06","000","126D D 01706 000","","4","Commercial","2/24/2017"
"JENNINGS PARK LLC","INDEPENDENCE WAY PVT  119","126D","D","017.07","000","126D D 01707 000","","3","Commercial","2/24/2017"
"JENNINGS ROBERT L III ETUX DIANE P","EAST MAIN STREET  177","164A","C","013.00","004","164A C 01300C004","HAZEL PATH SEC 2","2 UNIT 4","Commercial","5/13/2010"
"JENNINGS ROBERT LEE III JENNINGS DIANE P ETUX","HUNT CLUB BLVD  1509","146F","A","003.00","004","146F A 00300C004","HUNT CLUB OFFICE PAR","500","Commercial","3/30/2005"
"JENNINGS ROBERT LEE III JENNINGS DIANE P ETUX","EAST MAIN STREET  177","164A","C","013.00","001","164A C 01300C001","HAZEL PATH SEC 2","2 UNIT 1","Commercial","5/1/1996"
"JETTON MICHAEL C JETTON TONYA ETUX","CAGE ROAD  87","163D","D","032.00","000","163D D 03200 000","LAKE HAVEN","1","Commercial","11/10/2015"
"JETTON MICHAEL C JETTON TONYA ETUX","CAGE ROAD  89","163D","D","033.00","000","163D D 03300 000","LAKE HAVEN","2","Commercial","11/10/2015"
"JETTON MICHAEL C JETTON TONYA ETUX","CAGE ROAD  91","163D","D","034.00","000","163D D 03400 000","LAKE HAVEN","3","Commercial","11/10/2015"
"JETTON MICHAEL C JETTON TONYA ETUX","CAGE ROAD  93","163D","D","035.00","000","163D D 03500 000","LAKE HAVEN","4","Commercial","11/10/2015"
"JETTON MICHAEL C JETTON TONYA ETUX","CAGE ROAD  95","163D","D","036.00","000","163D D 03600 000","LAKE HAVEN","5","Commercial","11/10/2015"
"JETTON MICHAEL C JETTON TONYA ETUX","CAGE ROAD  97","163D","D","037.00","000","163D D 03700 000","LAKE HAVEN","6","Commercial","11/10/2015"
"JETTON MICHAEL C JETTON TONYA ETUX","CAGE ROAD  99","163D","D","038.00","000","163D D 03800 000","LAKE HAVEN","7","Commercial","11/10/2015"
"JETTON MICHAEL C JETTON TONYA M ETUX","HAVEN STREET  118","163D","D","009.00","000","163D D 00900 000","HICKORY HAVEN","6","Commercial","11/12/2013"
"JEWEL RUNNERZ PROPERTIES LLC","DRIVERS LANE","135L","E","001.00","000","135L E 00100 000","BRUSH HILL","1","Commercial","11/17/2025"
"JEWELL BEN JEWELL LORI","LOUISVILLE HWY  1065","140","","061.01","000","140    06101 000","","","Commercial","10/15/2020"
"JEWELL BEN JEWELL LORI","LOUISVILLE HWY  1063","140","","082.02","000","140    08202 000","","","Commercial","10/15/2020"
"JGJ PROPERTIES LLC","52W HWY  500","034L","A","023.02","000","034L A 02302 000","KENWOOD MANAGEMENT","2-2","Commercial","11/20/2025"
"JGJ PROPERTIES LLC","52W HWY NE 502","034L","A","023.03","000","034L A 02303 000","KENWOOD MANAGEMENT","1","Commercial","11/20/2025"
"JGM PROPERTIES LLC TAX DEPT","MAIN STREET EAST  0","113M","G","019.00","000","113M G 01900 000","","","Commercial","8/14/2012"
"JGM PROPERTIES LLC TAX DEPT C/O","MAIN STREET EAST  452","113M","G","018.00","000","113M G 01800 000","","","Commercial","8/14/2012"
"JHASKA LLC","CRABOURNE DRIVE  139","096H","F","014.00","000","096H F 01400 000","SUMMERLIN SUB PH6","119","Commercial","11/19/2021"
"JHASKA LLC","AUXLEY COURT  127","096I","B","017.00","000","096I B 01700 000","SUMMERLIN PH 5","35","Commercial","5/6/2022"
"JHASKA LLC","WESTGATE DRIVE  1146","135G","D","055.00","000","135G D 05500 000","PATTERSON FARMS PH 2","96","Commercial","7/15/2021"
"JJ CRAIG CO LLC","BOYERS AVENUE  215","126C","D","001.00","000","126C D 00100 000","","","Commercial","2/25/2026"
"JKL ARBITRAGE LLC","FACTORY STREET  306","126F","G","011.00","000","126F G 01100 000","","","Commercial","11/3/2023"
"JKL ARBITRAGE LLC","SUMNER AVENUE  195","126L","A","016.00","000","126L A 01600 000","GREEN PARK S/D","IST","Commercial","6/24/2024"
"JLR PROPERTY HOLDING LLC","LOUISVILLE HWY  1146","140","","004.00","000","140    00400 000","","","Commercial","2/20/2026"
"JMC GENERAL CONTRACTING LLC","109N HWY OLD  1042","113","","036.00","000","113    03600 000","","","Commercial","9/4/2020"
"JMJ CAPITAL LLC","GREENSBORO DRIVE  1045","136","","016.04","000","136    01604 000","GREENSBORO VILLAGE P","3","Commercial","12/16/2022"
"JOBIN 22 LLC","HOLLYWOOD BOULEVARD  250","104N","C","042.00","000","104N C 04200 000","HOLLYWOOD HILLS","90","Commercial","10/10/2023"
"JOBIN 22 LLC","SMALL STREET  558","113O","H","029.00","000","113O H 02900 000","CLEARVIEW HGTS #1","3-4","Commercial","10/18/2023"
"JOBIN 22 LLC","RISING LANE PVT  113","135","","035.01","113","135    03501 113","NICHOLS PLACE PH 2","113","Commercial","6/28/2024"
"JOBIN 22 LLC","RISING LANE PVT  119","135","","035.01","119","135    03501 119","NICHOLS PLACE PH 2","119","Commercial","6/28/2024"
"JOBIN 22 LLC","RISING LANE PVT  121","135","","035.01","121","135    03501 121","NICHOLS PLACE PH 2","121","Commercial","6/28/2024"
"JOBIN 22 LLC","RISING LANE PVT  125","135","","035.01","125","135    03501 125","NICHOLS PLACE PH 2","125","Commercial","7/17/2024"
"JOBIN 22 LLC","RISING LANE PVT  127","135","","035.01","127","135    03501 127","NICHOLS PLACE PH 2","127","Commercial","7/17/2024"
"JOBIN 22 LLC","RISING LANE PVT  129","135","","035.01","129","135    03501 129","NICHOLS PLACE PH 2","129","Commercial","7/17/2024"
"JOBIN 22 LLC","RISING LANE PVT  131","135","","035.01","131","135    03501 131","NICHOLS PLACE PH 2","131","Commercial","7/17/2024"
"JOBIN 22 LLC","RISING LANE PVT  133","135","","035.01","133","135    03501 133","NICHOLS PLACE PH 2","133","Commercial","7/17/2024"
"JOBIN 22 LLC","RISING LANE PVT  135","135","","035.01","135","135    03501 135","NICHOLS PLACE PH 2","135","Commercial","7/17/2024"
"JOBIN 22 LLC","RISING LANE PVT  137","135","","035.01","137","135    03501 137","NICHOLS PLACE PH 2","137","Commercial","7/17/2024"
"JOBIN 22 LLC","RISING LANE PVT  139","135","","035.01","139","135    03501 139","NICHOLS PLACE PH 2","139","Commercial","7/17/2024"
"JOBIN 22 LLC","MORRIS DRIVE  241","135B","A","036.00","000","135B A 03600 000","GREEN WAVE PARK SEC 3","18","Commercial","7/7/2023"
"JOHN PARK CONSTRUCTION INC","GWEN AVENUE  106","126A","A","002.00","000","126A A 00200 000","MEADOWBROOK ADD 2","55","Commercial","11/7/2024"
"JOHN PARK CONSTRUCTION INC","LOCUST AVENUE SOUTH  110","126C","H","010.00","000","126C H 01000 000","","","Commercial","2/1/2023"
"JOHN PARK CONSTRUCTION INC","LANGWOOD DRIVE  1137","135D","B","040.00","000","135D B 04000 000","HIGHLAND PARK NO. 2","10","Commercial","11/7/2024"
"JOHNS JERRY","31W HWY  6074","016","","001.01","000","016    00101 000","JOSEPH DECARL PROPER","1","Commercial","8/10/2010"
"JOHNS JERRY G","31W HWY  6058","016","","001.00","000","016    00100 000","JOSEPH DECARL PROPER","2","Commercial","11/30/2017"
"JOHNSON BENJAMIN JOSEPH JOHNSON JENNIFER FERRER","PARK STREET  1049","044D","B","015.00","000","044D B 01500 000","","","Commercial","9/23/2020"
"JOHNSON CYNTHIA","IRIS DRIVE  134","160E","B","024.00","000","160E B 02400 000","","","Commercial","2/11/2004"
"JOHNSON DARWIN DOUGLAS TR JOHNSON PAULA CHRISTINE TR","BUSINESS PARK CIRCLE  3066","143J","F","009.01","000","143J F 00901 000","NORTHCREEK BUSINESS PARK SEC 13","9A","Commercial","12/31/2020"
"JOHNSON DAVID TR ROSS NICOLE TR","SHIVEL DRIVE  113","163D","C","016.00","000","163D C 01600 000","SHIVEL ADDN TO HENDERSONVILLE","51","Commercial","6/8/2022"
"JOHNSON JAMES L ETUX HEIDI J","TRAIL DRIVE  115","126B","G","024.00","000","126B G 02400 000","INDIAN HILLS S/D","0009","Commercial","1/15/2026"
"JOHNSON JOHN ETUX BELINDA","WALNUT CREST DRIVE","113P","F","006.00","000","113P F 00600 000","CREEKVIEW SEC. 1","52","Commercial","9/15/2004"
"JOHNSON JOSEPH D","BROADWAY WEST  129","126C","B","002.00","000","126C B 00200 000","TOWN CREEK REDEV-TOW","2","Commercial","8/14/2014"
"JOHNSON JOSEPH D ETUX GABRIELLE","WATER AVENUE NORTH  112","126C","G","004.00","000","126C G 00400 000","","","Commercial","5/18/1984"
"JOHNSON KELVIN C TR JOHNSON DIANA J TR","TOWNSHIP DRIVE  129","160D","C","011.00","000","160D C 01100 000","TOWN AND COUNTRY EST","0087","Commercial","8/31/2022"
"JOHNSON MARK JOHNSON CAROL ETUX","EDGEWOOD DRIVE  1042","126M","E","018.00","000","126M E 01800 000","HIGHLAND PARK","IST","Commercial","3/19/2016"
"JOHNSON RACHEL TR MAYFIELD GRANT C/O","LOUISVILLE HWY  1298","121","","073.00","001","121    07300 001","HOMESTEAD MH PARK","","Commercial","4/28/2014"
"JOHNSON WADE JOHNSON TINA M ETUX","MAPLE STREET  120","160M","B","012.01","000","160M B 01201 000","RONEY ELIZER","11-12","Commercial","1/4/2019"
"JOHNSTONE DAVE ETUX JOHNSTONE CHARLENE","LAKESIDE PARK DRIVE  309","164I","A","025.00","000","164I A 02500 000","WALNUT HILLS ESTATES SEC 6","26","Commercial","9/27/1991"
"JOLLY BRADLEY E","GREENLEA BLVD  1507","125","","060.00","000","125    06000 000","FIREHOUSE SUBS FINAL PLT/ SPEEDWAY RESUB","2","Commercial","5/9/2025"
"JOLLY BRADLEY E ETUX JULIE E","GOODVIEW WAY  145","125","","032.09","000","125    03209 000","GOODVIEW PROP RESUB LOT 2","2A","Commercial","12/22/2022"
"JOLLY BRADLEY E JOLLY JULIE ETUX","YORKSIDE PLACE  118","145I","A","014.00","000","145I A 01400 000","COLONIAL ACRES SEC.","0426","Commercial","1/5/2026"
"JOLLY BRADLEY E JOLLY JULIE ETUX","YORKSIDE PLACE  114","145I","A","016.00","000","145I A 01600 000","COLONIAL ACRES SEC.","0424","Commercial","1/5/2026"
"JOLLY BRADLEY E JOLLY JULIE ETUX","YORKSIDE COURT  112","145I","A","017.00","000","145I A 01700 000","COLONIAL ACRES SEC.","423","Commercial","1/5/2026"
"JOLLY BRADLEY E JOLLY JULIE ETUX","SYCAMORE COURT  100","145P","A","030.00","000","145P A 03000 000","COLONIAL ACRES SEC.","456","Commercial","1/5/2026"
"JONATHAN WALKER INC","WATER AVENUE NORTH  150","126C","B","017.00","000","126C B 01700 000","","","Commercial","3/20/2018"
"JONATHANS GRILLE HENDERSONVILLE GP","INDIAN LAKE BLVD  307","145","","068.05","000","145    06805 000","","53","Commercial","6/20/2016"
"JONES JEWELL J","BROADWAY SOUTH  202","033H","H","001.01","000","033H H 00101 000","MELVIN BRILEY & JOE-","2","Commercial","3/23/1994"
"JONES JEWELL JACKSON ETUX FRANCES JONES","HARDIN ST  102","033H","F","012.00","000","033H F 01200 000","JACK JONES","1","Commercial","9/14/1995"
"JONES LEON W","TRICIA AVENUE  0","044F","C","003.00","000","044F C 00300 000","","","Commercial","4/6/2017"
"JONES LEON W","TRICIA AVENUE  0","044F","C","003.00","001","044F C 00300T001","","","Commercial","4/6/2017"
"JONES STEVEN L JONES L MELISSA A ETUX","SPRING STREET  210","077G","D","006.00","000","077G D 00600 000","SMITH HAYES ADDITION","IST","Commercial","5/21/2019"
"JORDAN ALAN B JANETH M JORDAN HARRISON","DOROTHY JORDAN AVENUE  160","126B","C","014.00","000","126B C 01400 000","","","Commercial","3/7/2008"
"JORDAN ALAN B JANETH M JORDAN HARRISON","DOROTHY JORDAN AVENUE  150","126B","C","014.00","001","126B C 01400 001","","","Commercial","3/7/2008"
"JOSH NEWMAN VENTURES LLC","MOUNTAINWOOD DRIVE  121","160K","B","030.00","000","160K B 03000 000","CEDARBROOK TERRACE S","0107","Commercial","6/26/2017"
"JOSH NEWMAN VENTURES LLC","HICKORY HEIGHTS DRIVE  109","163L","J","007.00","000","163L J 00700 000","WALNUT HILL ESTATES SEC 1 PT 1","106","Commercial","9/27/2018"
"JOSH NEWMAN VENTURES LLC","RIVERWOOD DRIVE  113","172A","C","007.01","000","172A C 00701 000","MARTIN R CURTIS","","Commercial","5/4/2022"
"JPC FAMILY TRUST","HILLTOP DRIVE  104","160B","B","001.00","000","160B B 00100 000","TWIN VALLEY SEC.3","0189","Commercial","10/30/2024"
"JPC FAMILY TRUST","FREE HILL ROAD  121","160O","C","026.00","000","160O C 02600 000","","","Commercial","10/30/2024"
"JPC FAMILY TRUST","WEST MAIN STREET  901","160O","D","014.00","000","160O D 01400 000","","","Commercial","10/30/2024"
"JPC FAMILY TRUST","SHIVEL DRIVE  215","163D","F","024.00","000","163D F 02400 000","SHIVEL ADDN TO HENDERSONVILLE","PO22-23","Commercial","10/30/2024"
"JPC FAMILY TRUST","PLUMLEE DRIVE  128","163D","G","018.00","000","163D G 01800 000","","","Commercial","10/30/2024"
"JPMORGAN CHASE BANK NA","GREENLEA BLVD  915","136","","018.10","000","136    01810 000","GREENSBORO VILLAGE P6 S1","2","Commercial","6/23/2022"
"JPMORGAN CHASE BANK NA","INDIAN LAKE BLVD  298","145","","078.00","000","145    07800 000","INDIAN LAKE VILLAGE-","9-9","Commercial","1/20/2021"
"JPO COLORADO LLC","EAST MAIN STREET  250","159J","A","021.00","000","159J A 02100 000","","","Commercial","8/28/2009"
"JRR HOLDINGS LLC","SOUTHERN TRACE  130","159A","N","039.00","000","159A N 03900 000","GLEN OAK SEC 1 PT B RESUB 21,22","22","Commercial","4/19/2017"
"JRR HOLDINGS LLC","SOUTHERN TRACE  132","159A","N","039.01","000","159A N 03901 000","GLEN OAK SEC 1 PT B RESUB 21,22","21","Commercial","4/19/2017"
"JRR HOLDINGS LLC","RUBY DRIVE  113","163G","B","024.00","000","163G B 02400 000","HOLIDAY","9","Commercial","12/14/2016"
"K & C PARTNERSHIP LLC BROWN CINDY C/O","INDIAN LAKE BLVD  165","159J","A","021.16","107","159J A 02116C107","INDIAN LAKE OFFICES","107","Commercial","11/13/2006"
"K & T ASSOCIATES LP","MIDTOWN COURT  116","160M","A","006.03","000","160M A 00603 000","","0004","Commercial","6/16/2014"
"KAGR GALLATIN LLC","SAINT BLAISE ROAD  110","136","","004.12","000","136    00412 000","","2","Commercial","7/2/2021"
"KAIL PAUL","GATEVIEW DRIVE  1023","034","","130.00","000","034    13000 000","WESTGATE DEVELOPMENT","4","Commercial","12/15/2015"
"KASIK ZACHARY LEE","STADIUM DRIVE  122","163D","A","005.00","000","163D A 00500 000","PATE","60","Commercial","3/5/2021"
"KASKITO PROPERTIES LLC","31W HWY OLD #2  309","056","","007.00","000","056    00700 000","COATS SUB-COATS SUB","1-1","Commercial","7/31/2025"
"KASKITO PROPERTIES LLC","PORTLAND ROAD  359","077","","023.00","000","077    02300 000","","","Commercial","7/31/2025"
"KAWAII BENI LLC","STADIUM DRIVE  131","163D","A","019.00","000","163D A 01900 000","PATE","PO51+52","Commercial","5/18/2023"
"KAZEMI ESSY M ETUX NASRIN","MAIN STREET WEST  420","126G","A","018.01","000","126G A 01801 000","","","Commercial","10/23/2025"
"KCP RE LLC DIRECTOR OF REAL ESTATE C/O","JACKSON ROAD  1025","143J","F","001.00","000","143J F 00100 000","NORTHCREEK BUSINESS PARK SEC 1","1","Commercial","7/31/2015"
"KCP RE LLC DIRECTOR OF REAL ESTATE C/O","MAPLE ROW BOULEVARD  138","159O","D","005.00","000","159O D 00500 000","MAPLE ROW BLVD RESUB","1","Commercial","7/31/2015"
"KDA FAMILY LP","NICHOLS LANE  225","135","","023.03","000","135    02303 000","KDA FAMILY RESUB LOT 2","2","Commercial","12/10/2015"
"KDA FAMILY LP","SOUTH WATER AVENUE","135","","023.04","000","135    02304 000","KDA FAMILY RESUB LOT 2","2","Commercial","12/10/2015"
"KDA FAMILY LP","WOODS FERRY ROAD  1097","135D","A","007.00","000","135D A 00700 000","","","Commercial","1/13/2006"
"KDA FAMILY LP","WOODS FERRY ROAD  1095","135D","A","007.00","001","135D A 00700 001","","","Commercial","1/13/2006"
"KDK ENTERPRISES","OAKDALE DRIVE  305","097E","F","018.00","000","097E F 01800 000","NORTHWOODS PHASE 1 S","516","Commercial","11/17/2017"
"KDK ENTERPRISES LLC","COLE DRIVE  122","159I","C","004.00","000","159I C 00400 000","OAKVALE SEC 2","129","Commercial","12/3/2014"
"KDK ENTERPRISES LLC","RYAN DRIVE  107","160C","D","041.00","000","160C D 04100 000","HILLWOOD EST SEC 4D","41","Commercial","12/22/2023"
"KDK ENTERPRISES LLC","VULCO DRIVE  166","170M","B","019.00","000","170M B 01900 000","LAKESIDE PARK SEC 4","98","Commercial","2/23/2023"
"KEEN AARON ETUX KALYN","MAIN STREET EAST  424","113M","J","013.00","000","113M J 01300 000","WOODSON TERRACE","2","Commercial","5/29/2025"
"KEEN TIMOTHY KEEN PATRICIA ETUX","NORTH BROADWAY  450","033A","A","030.01","000","033A A 03001 000","","","Commercial","7/7/2017"
"KEENE SCOTTY LAYNE ETUX ANNA MARIE","31E HWY NE 0","045","","063.01","000","045    06301 000","","","Commercial","10/1/1987"
"KEENE SCOTTY LAYNE ETUX ANNA MARIE","31E HWY NE 0","045","","063.01","001","045    06301 001","","","Commercial","10/1/1987"
"KEISLING VICKIE L","WATER AVENUE SOUTH  1280","135","","008.00","000","135    00800 000","","","Commercial","1/19/2001"
"KELLEY THOMAS C JR KELLEY GAIL G TR T & G KELLEY REVOCABLE LIVING TRUST","WEST MAIN STREET  740","160O","B","003.03","000","160O B 00303 000","NORRIS DAVIDSON SUB","1","Commercial","4/1/2023"
"KELLY DULIN F","EAST MAIN STREET  629","158A","A","004.00","000","158A A 00400 000","SAUNDERSVILLE COURT","1","Commercial","3/5/1992"
"KELLY PHILIP C HARSH JOE D","FRANKLIN STREET EAST  125","126C","F","008.00","000","126C F 00800 000","","","Commercial","11/5/2012"
"KELLY PRUETT III ETUX LOUISE","LANE AVENUE  213","126C","C","025.00","000","126C C 02500 000","LANE SUB.","13","Commercial","3/6/1992"
"KEMP BOBBY ETUX SANDRA","BROADWAY WEST  0","126C","A","018.00","000","126C A 01800 000","TOWN CREEK RE DEV.","0017","Commercial","5/20/1988"
"KEMP BOBBY ETUX SANDRA","EASTLAND STREET WEST  0","126C","A","020.00","000","126C A 02000 000","TOWN CREEK RE DEV.","0016","Commercial","5/20/1988"
"KEMP HAROLD M","MCDAVID STREET  101","126F","G","008.00","000","126F G 00800 000","URBANDALE NO 3","IST","Commercial","2/20/1980"
"KEMP HAROLD M","HALE AVENUE","135C","C","004.00","000","135C C 00400 000","HALEWOOD ESTATES","21,PO20","Commercial","12/22/2003"
"KEMP HAROLD MCKINNEY","FRANKLIN STREET EAST  216","126C","D","008.00","000","126C D 00800 000","","","Commercial","12/20/2018"
"KEMP HAROLD MCKINNEY","COLLEGE STREET  156","126C","D","010.00","000","126C D 01000 000","","","Commercial","12/20/2018"
"KENDALL CHRISTOPHER","GEORGE AKINS ROAD  258","045","","005.03","000","045    00503 000","258 GEORGE AKINS RD","2","Commercial","4/10/2025"
"KENDALL CHRISTOPHER LEE","PLEASANT GROVE ROAD  1004","044E","B","001.00","000","044E B 00100 000","","","Commercial","10/29/2019"
"KENDALL CHRISTOPHER LEE","PLEASANT GROVE ROAD  1024","044E","B","013.00","000","044E B 01300 000","","","Commercial","10/29/2019"
"KENDALL CHRISTOPHER LEE","PLEASANT GROVE ROAD  1018","044E","B","014.00","000","044E B 01400 000","","","Commercial","10/29/2019"
"KENDALL CHRISTOPHER LEE","PLEASANT GROVE ROAD  1012","044E","B","016.00","000","044E B 01600 000","","","Commercial","10/29/2019"
"KENDALL STEVE ETUX ANITA","31E HWY OLD  1919","044C","G","004.01","000","044C G 00401 000","MORELAND PARK","IST","Commercial","11/8/2002"
"KENDALL STEVE ETUX ANITA","31W HWY OLD  1631","044F","A","004.00","000","044F A 00400 000","","","Commercial","7/17/1987"
"KENDALL STEVEN ETUX ANITA K","PLEASANT GROVE ROAD  1032","044E","B","011.00","000","044E B 01100 000","","","Commercial","6/17/1998"
"KENDRA PLACE GP","WATER AVENUE SOUTH  1201","135D","F","003.00","000","135D F 00300 000","CROSSINGS SEC 3 RES 2+3","3","Commercial","11/9/2020"
"KENNEDY WILLIAM K TR KENNEDY ALYCIA F TR","52 HWY NE 404","034L","A","018.03","000","034L A 01803 000","SOUTHSIDE G&L PROP S","3","Commercial","5/25/2022"
"KENNESAW FARMS INVESTMENT PARTNERS","KENNESAW BLVD  1000","136","","045.02","000","136    04502 000","","11","Commercial","5/29/2014"
"KENNESAW FARMS INVESTMENT PARTNERS","NASHVILLE PIKE  0","136","","046.08","000","136    04608 000","","S -TR B","Commercial","3/23/2010"
"KENNEY H GORDON TR KENNEY ELVERTA H TR","WATER AVENUE NORTH  124","126C","G","010.00","000","126C G 01000 000","","","Commercial","11/3/2009"
"KENNIE JUSTIN","HARBOR DRIVE","163F","D","023.00","000","163F D 02300 000","NOKES ADDITION RESUB 50-62 BL A","5","Commercial","10/21/2024"
"KENT JULIE H","NOKES DRIVE  115","163E","E","008.00","000","163E E 00800 000","NOKES ADDN TO HENDERSONVILLE","LIST","Commercial","9/13/2021"
"KENTUCKY-TENN CONF ASSOC HIGHLAND ACADEMY C/O","HIGHLAND CIRCLE DRIVE  239","059","","042.00","001","059    04200 001","","","Commercial","6/21/1973"
"KENTUCKY-TENN CONF ASSOC HIGHLAND MANOR C/O","HIGHLAND CIRCLE DRIVE  0","059","","042.07","000","059    04207 000","","2","Commercial","12/14/1990"
"KERNEY CHRISTOPHER M KERNEY KIMBERLY J ETUX","WATER AVENUE SOUTH  519","126F","H","001.00","000","126F H 00100 000","","","Commercial","11/20/2018"
"KETRON MICAH","WATER AVENUE SOUTH  111","126C","K","001.01","000","126C K 00101 000","","","Commercial","2/26/2021"
"KEY RONALD KEY SUSAN ETUX","52E HWY  306","033G","G","024.00","000","033G G 02400 000","CARTER & SLOAN","IST","Commercial","8/16/2019"
"KGH MANAGEMENT LLC","MIDTOWN COURT  118","160M","A","006.05","000","160M A 00605 000","MIDTOWN CENTER SEC.-","IST","Commercial","7/11/2007"
"KGJC LLC","WILMORE STREET NORTH  332","113N","C","024.00","000","113N C 02400 000","GRAY SUB-GRAY","1-LIST","Commercial","4/26/2017"
"KHALIK INVESTMENT 3 LLC","WEST MAIN STREET  811","160O","C","008.00","000","160O C 00800 000","","","Commercial","12/9/2024"
"KHALIK INVESTMENTS LLC","WEST MAIN STREET","160O","C","007.01","000","160O C 00701 000","","","Commercial","6/27/2019"
"KHALIK MOHAMED ABDEL","WEST MAIN STREET  620","160N","C","027.00","000","160N C 02700 000","CORONADO CENTER SEC","1","Commercial","9/30/2016"
"KHALIK MOHAMED ABEDEL","52 HWY  1011","034","","065.00","000","034    06500 000","COUNTRY SIDE EST RES","1-1","Commercial","5/12/2022"
"KIMBRO BROTHERS EQUITIES","LONG HOLLOW PIKE  0","125","","016.01","000","125    01601 000","","1","Commercial","10/14/2016"
"KIMBRO DEREK","VOLUNTEER DRIVE  136","159I","B","030.04","000","159I B 03004 000","OAKVALE INDUSTRIAL PARK","11","Commercial","5/24/2006"
"KIMBRO DEREK KIMBRO SERVICES INC C/O","VOLUNTEER DRIVE  134","159I","B","030.05","000","159I B 03005 000","OAKVALE INDUSTRIAL PARK","10","Commercial","5/24/2006"
"KIMBRO EQUITIES I","MAIN STREET EAST  511","113M","E","014.00","000","113M E 01400 000","SCHAMBERGER & ALLEN","","Commercial","2/23/2006"
"KINDRED HOLDINGS LLC","MAPLE ROW BOULEVARD  111","159J","A","019.07","000","159J A 01907 000","MAPLE ROW BLVD","6","Commercial","8/15/2024"
"KINDRED SPIRITS PROPERTY LLC","NORTH BROADWAY  639","019","","031.00","000","019    03100 000","HAROLD DITMORE RESUB","1-2","Commercial","3/21/2024"
"KING JOSEPH I ETUX CAROLYN M","CANFIELD PLACE  114","160M","C","023.00","003","160M C 02300C003","HENDERSONVILLE COURT","3","Commercial","12/14/1990"
"KING JOSEPH I KING ETUX CAROLYN M","CANFIELD PLACE  114","160M","C","023.00","004","160M C 02300C004","HENDERSONVILLE COURT","4","Commercial","12/14/1990"
"KING LARRY M","MAPLE STREET  108","160M","B","013.00","001","160M B 01300 001","","","Commercial","7/7/2010"
"KING LARRY M & DOROTHY F KING & CATHI N KING FAMILY TRUST","MAPLE STREET  112","160M","B","012.00","000","160M B 01200 000","RONEY ELIZER S/D","8-12,PO7","Commercial","5/23/2025"
"KING LARRY M & DOROTHY F KING & CATHI N KING FAMILY TRUST","MAPLE STREET  108","160M","B","013.00","000","160M B 01300 000","RONEY ELIZER S/D","IST","Commercial","5/23/2025"
"KING SOLOMON LODGE #94","MAIN STREET EAST  354","113N","E","027.00","000","113N E 02700 000","","","Commercial","7/9/1952"
"KINGREY EDDIE ETUX PATRICIA","BROADWAY EAST  1384","112H","A","015.00","000","112H A 01500 000","GALLATIN MALL-GALLAT","1-13","Commercial","8/23/2013"
"KINGS PLAZA LLC","MAIN STREET WEST  386","126G","A","024.00","000","126G A 02400 000","","","Commercial","10/1/2015"
"KINGSBURY JEFF & TAMMY TR SAGASER MARRIAGE TRUST","HUNT CLUB BLVD  1525","146F","A","004.00","002","146F A 00400C002","HUNT CLUB SEC 2","4","Commercial","2/28/2024"
"KINGSBURY JEFFREY L","SAUNDERSVILLE ROAD  174","145","","093.00","700","145    09300C700","","","Commercial","7/21/2021"
"KIRBY JERRY N","PARK STREET  1033","044D","B","012.00","000","044D B 01200 000","","","Commercial","7/6/2026"
"KIRBY JERRY N","PARK STREET  1035","044D","B","013.00","000","044D B 01300 000","","","Commercial","7/6/2026"
"KIRBY PAUL S KIRBY ELIZABETH A ETUX","NASHVILLE PIKE  1180","125M","A","012.00","000","125M A 01200 000","BAKERS ACRES","33-36","Commercial","7/28/2016"
"KIRKPATRICK WILLIAM G %PELLEGRIN MICHAEL C/O","NICHOLS LANE CELL TOWER  303","135","","035.02","001","135    03502 001","","","Commercial",""
"KISNER JAMES M","BROADWAY EAST  441","113M","A","020.00","000","113M A 02000 000","HWY 31 E COMMERCIAL","LIST","Commercial","11/16/1989"
"KISNER JAMES M","BROADWAY EAST  441","113M","A","023.00","000","113M A 02300 000","HWY 31 E-COMMERCIAL","4","Commercial","11/20/1989"
"KJPL GALLATIN LLC","GREENLEA BLVD  1137","136","","004.10","000","136    00410 000","","1A","Commercial","3/31/2017"
"KLEPINGER ENTERPRISES LLC","WESTGATE DRIVE  0","135F","F","001.01","000","135F F 00101 000","PATTERSON FARMS PH 1 RES 207","1","Commercial","11/23/2022"
"KLIEN GABRIEL KLIEN DAVID","PUBLIC SQUARE  108","126C","F","012.00","000","126C F 01200 000","","","Commercial","1/23/2020"
"KMMM LLC %MCDONOUGH KEVIN P & MARILYN","CAVALIER DRIVE  108","144H","A","054.00","000","144H A 05400 000","MANSKER FARMS PH 10 SEC 2","453","Commercial","7/21/2012"
"KMMM LLC %MCDONOUGH KEVIN P & MARILYN","MARGARET DRIVE  1031","145A","C","028.00","000","145A C 02800 000","LAWSON POINTE SEC 3","50","Commercial","7/21/2012"
"KMMM LLC %MCDONOUGH KEVIN P & MARILYN","SMOKY MOUNTAINS DRIVE  660","148I","A","019.00","000","148I A 01900 000","CUMBERLAND PLACE N SEC 2","129","Commercial","7/21/2012"
"KMMM LLC %MCDONOUGH KEVIN P & MARILYN","SMOKY MOUNTAINS DRIVE  674","148I","A","025.00","000","148I A 02500 000","CUMBERLAND PLACE N SEC 2","123","Commercial","7/21/2012"
"KMMM LLC %MCDONOUGH KEVIN P & MARILYN","VINTAGE CIRCLE  182","159K","G","025.00","000","159K G 02500 000","VINTAGE KNOLL PH 5","66","Commercial","7/21/2012"
"KNAPKE RENTALS LLC","SHUTE LANE  606","158C","B","001.00","000","158C B 00100 000","BAKER PROPERTY","1","Commercial","4/13/2023"
"KNAPKE RENTALS LLC","FOREST HARBOR DRIVE  1014","158D","A","031.00","000","158D A 03100 000","LAKE FOREST HARBOR","3","Commercial","9/29/2021"
"KNOBLE DAVID G JR TR DAVID G KNOBLE JR REVOCABLE TRUST","LOUISVILLE HWY  1163","121P","A","001.01","000","121P A 00101 000","DAVID A SMITH SUB","2","Commercial","10/17/2025"
"KNOBLE PROPERTIES SOUTH WATER LLC","WATER AVENUE SOUTH  310","126F","B","012.00","000","126F B 01200 000","","","Commercial","9/17/2021"
"KOEN TOMMY J ETUX MARY CAY","CALDWELL ROAD  2020","143J","F","002.00","000","143J F 00200 000","NORTHCREEK BUSINESS PARK SEC 2","2","Commercial","11/17/1989"
"KOEN TOMMY J ETUX MARY CAY","CALDWELL ROAD  2020","143J","F","002.00","001","143J F 00200 001","NORTHCREEK BUSINESS PARK SEC 2","2","Commercial","11/17/1989"
"KOEN TOMMY J ETUX MARY CAY","INDIAN LAKE BLVD  131","159J","A","030.00","005","159J A 03000C005","ABGK CONDOMINIUMS","202","Commercial","8/13/1999"
"KOEN TOMMY J ETUX MARY CAY","INDIAN LAKE BLVD  131","159J","A","030.00","006","159J A 03000C006","ABGK CONDOMINIUMS","203","Commercial","3/1/2001"
"KOHANN LILLANA","RIDGECREST DRIVE  109","144P","A","005.00","000","144P A 00500 000","RIDGECREST ESTATES","48","Commercial","12/28/2016"
"KOHLS DEPARTMENT STORES INC","GLENBROOK WAY  1030","144","","111.00","000","144    11100 000","GLENBROOK NORTH RESU","1-1","Commercial","6/19/2002"
"KOLP TIMOTHY J","SUMNER HALL DRIVE  346","126I","A","015.00","000","126I A 01500 000","SUMNER HALL SEC 2 RE","1","Commercial","8/7/2020"
"KOLSHIS INVESTMENT LLC","SOUTH BROADWAY  718","033O","A","007.00","000","033O A 00700 000","COUNTRY CLUB EST RES","1-10","Commercial","1/29/2025"
"KOMOLL KENNETH H TR KOMOLL LINDA J TR","WESSINGTON PLACE  151","159A","H","020.00","000","159A H 02000 000","COLONIAL ACRES SEC 3","190","Commercial","7/18/2022"
"KOSLOFF MARGARET","CURTIS CROSS ROADS  100","170N","A","034.00","001","170N A 03400 001","MARGARET ANN KOSLOFF BS","TR","Commercial","8/2/1985"
"KPM DEVELOPMENT LLC","MAPLE DRIVE  101","159J","B","011.01","000","159J B 01101 000","","20","Commercial","9/24/2025"
"KRB ENTERPRISES","MIDTOWN COURT  117","160M","A","006.08","000","160M A 00608 000","MIDTOWN CENTER SEC 1","3","Commercial","12/1/2025"
"KROGER LIMITED PARTNERSHIP I","NASHVILLE PIKE  845","126G","C","027.00","000","126G C 02700 000","KROGER RESUB-W B WIG","1-1B","Commercial","11/28/1997"
"KROGER LIMITED PARTNERSHIP I","GLENBROOK WAY  1010","144","","113.00","000","144    11300 000","GLENBROOK NORTH SEC-","3-3","Commercial","11/7/2003"
"KROGER LIMITED PARTNERSHIP I","EAST MAIN STREET  237","159J","A","019.01","000","159J A 01901 000","MAPLE ROW SHOPPING CENTER","1","Commercial","10/23/2015"
"KROGER LPI","NASHVILLE PIKE  2011","146","","037.05","000","146    03705 000","","","Commercial","12/19/2008"
"KRUPA INC","ALBERT GALLATIN AVENUE W 885","113F","A","005.00","000","113F A 00500 000","","","Commercial","5/27/2015"
"KUHNS PHILIP","31E HWY NE 5410","044","","111.00","000","044    11100 000","PHILIP KUHNS SUB","1","Commercial","7/16/1998"
"KUHNS PHILIP A","PARK STREET  915","044E","A","024.00","000","044E A 02400 000","","","Commercial","1/12/2004"
"KUSA HOLDINGS LLC","NEW SHACKLE ISLAND RD  307","160D","G","009.01","000","160D G 00901 000","NEWMAN PLAZA SEC II","1","Commercial","12/11/2020"
"KWIK SAK REAL ESTATE HOLDINGS LLC","NASHVILLE PIKE  611","126G","C","006.00","000","126G C 00600 000","LACKEY ADD","1-6","Commercial","8/30/2006"
"KWIK SAK REAL ESTATE HOLDINGS LLC","NASHVILLE PIKE  1421","136F","A","001.00","000","136F A 00100 000","NASHVILLE PIKE BUSINESS PARK","18","Commercial","8/30/2006"
"L & P ENTERPRISES II LLC % CAMS REALTY, LLC - ATTN: MARY STEET","31E HWY OLD #3  100","084","","007.00","000","084    00700 000","","","Commercial","7/21/2021"
"L LANGHAM ENTERPRISES LLC","BROADWAY EAST  409","113M","A","026.00","000","113M A 02600 000","DOCS GLASS SERVICE I","1","Commercial","10/4/2018"
"LA PRIMA PROPERTIES LLC","LOUISE DRIVE  206","160O","D","008.02","000","160O D 00802 000","WILLIAM FERGUSON SEC 2","4","Commercial","11/18/2024"
"LACHMANDAS DIPAK ETUX HARSHA","41W HWY  0","141","","008.00","001","141    00800 001","","","Commercial","5/3/2024"
"LACKEY WAYNE LACKEY KATHY LIV TRUST","CORUM HILL ROAD","129","","007.02","000","129    00702 000","","","Commercial","11/3/2017"
"LAGASSE FAMILY PARTNERS LLC","INDIAN LAKE BLVD  218","159B","B","006.00","000","159B B 00600 000","INDIAN LAKE MARKET PH 1 REV","ER","Commercial","9/26/2012"
"LAGASSE FAMILY PARTNERS LLC %MARC LAGASSE","INDIAN LAKE BLVD  225","159B","C","005.00","000","159B C 00500 000","INDIAN LAKE SEC 13 RESUB 23,24","23","Commercial","5/11/2018"
"LAGASSE INDIAN LAKE LLC","INDIAN LAKE BLVD  210","159B","B","003.00","000","159B B 00300 000","INDIAN LAKE MARKET PH 1 REV","BR","Commercial","3/3/2025"
"LAKE D VILLE PARTNERS LLC C/O BROOKSIDE PROPERTIES INC ATTN: JOE B","HICKORY HEIGHTS DRIVE  168","164P","C","025.01","000","164P C 02501 000","KIMBERLY MANOR","PO 1+2","Commercial","10/27/2021"
"LAKE DVILLE PARTNERS LLC C/O BROOKSIDE PROPERTIES INC ATTN: JOE B","HICKORY HEIGHTS DRIVE  169","164I","C","016.00","000","164I C 01600 000","","","Commercial","10/27/2021"
"LAKER INVESTMENTS LLC","WEST MARKET STREET  118","033H","H","012.00","000","033H H 01200 000","","","Commercial","7/15/2025"
"LAKESIDE MEMORIES LLC","LANGFORD CIRCLE  110","133I","A","006.00","000","133I A 00600 000","LANGFORD NEWTON","2-4","Commercial","2/29/2024"
"LAM THUAN","BIG STATION CAMP BLVD  384","124J","B","013.00","000","124J B 01300 000","NEWMAN DOWNS RESUB","36A","Commercial","3/7/2013"
"LAMBERT WANDA J LAMBERT CHAD RANDALL","ROSE STREET  2216","044E","C","015.00","000","044E C 01500 000","HARRISON HEIGHTS","IST","Commercial","8/14/2018"
"LAMBERTH FRED THOMAS JR","31W HWY  1008","141","","054.00","000","141    05400 000","HAILEY & THOMPSON","IST","Commercial","3/28/2005"
"LAMBERTH FREDDIE","LOUISVILLE HWY  1273","121","","143.01","000","121    14301 000","","","Commercial","6/25/1998"
"LAMCO TN ASSET CO 1 LLC","IRIS DRIVE  242","160C","A","005.00","000","160C A 00500 000","HILLWOOD ESTS SEC 4A","0015","Commercial","7/3/2023"
"LAMCO TN ASSET COMPANY 1 LLC","CHESIRE WAY  1065","136F","B","003.00","000","136F B 00300 000","PLANTATION TRACE PH 1","38","Commercial","11/26/2024"
"LAMCO TN ASSET COMPANY 2 LLC","VALLEY DRIVE  1014","120K","A","008.00","000","120K A 00800 000","NORTH POINTE PHASE I","7","Commercial","4/21/2025"
"LAMCO TN ASSET COMPANY 2 LLC","HARTFORD CIRCLE  414","126L","E","066.00","000","126L E 06600 000","ALBION DOWNS PH 3","90","Commercial","4/21/2025"
"LAMCO TN ASSET COMPANY 2 LLC","HARTFORD CIRCLE  407","126L","E","093.00","000","126L E 09300 000","ALBION DOWNS PH 3","97","Commercial","4/21/2025"
"LAMCO TN ASSET COMPANY 2 LLC","DUNCAN STREET  840","126N","D","009.00","000","126N D 00900 000","HALEWOOD EST. ADD. 2","8","Commercial","4/21/2025"
"LAMCO TN ASSET COMPANY 2 LLC","GREEN WAVE DRIVE  878","126O","E","004.00","000","126O E 00400 000","FOXFIRE SEC 1","16","Commercial","4/21/2025"
"LAMCO TN ASSET COMPANY 2 LLC","MORRIS DRIVE EAST  250","135B","A","028.00","000","135B A 02800 000","GREEN WAVE PARK SEC 3","26","Commercial","4/21/2025"
"LAMCO TN ASSET COMPANY 2 LLC","ANNA DRIVE  496","135H","D","005.00","000","135H D 00500 000","HUNTER ESTATES SEC 2","31","Commercial","4/21/2025"
"LAMCO TN ASSET COMPANY 2 LLC","NORTHRIDGE DRIVE  680","136L","D","006.00","000","136L D 00600 000","BAY POINT ESTATES SEC 2","237","Commercial","4/21/2025"
"LAMCO TN ASSET COMPANY 2 LLC","JESSE BROWN DRIVE  108","141D","C","032.00","000","141D C 03200 000","CIMMARON TRACE SEC 1","32","Commercial","4/21/2025"
"LAMCO TN ASSET COMPANY 2 LLC","LONGVIEW DRIVE  102","141D","E","010.00","000","141D E 01000 000","CIMMARON TRACE SEC 3","133-134","Commercial","4/21/2025"
"LAMCO TN ASSET COMPANY 2 LLC","LONGVIEW DRIVE  109","141D","E","015.00","000","141D E 01500 000","CIMMARON TRACE SEC 3","138","Commercial","4/21/2025"
"LAMCO TN ASSET COMPANY 2 LLC","CRENCOR DRIVE  2011","143B","D","036.00","000","143B D 03600 000","CRENCOR MANOR","29","Commercial","4/21/2025"
"LAMCO TN ASSET COMPANY 2 LLC","VALLEY VIEW COURT  107","144M","C","030.00","000","144M C 03000 000","HILLWOOD ESTS.SEC.3","0100","Commercial","4/21/2025"
"LAMCO TN ASSET COMPANY 2 LLC","CARDINAL LANE  105","145P","D","018.00","000","145P D 01800 000","GLEN OAK SEC 4","137","Commercial","4/21/2025"
"LAMCO TN ASSET COMPANY 2 LLC","SMOKY MOUNTAINS DRIVE  681","148I","A","030.00","000","148I A 03000 000","CUMBERLAND PLACE N SEC 2","118","Commercial","4/21/2025"
"LAMCO TN ASSET COMPANY 2 LLC","SMOKY MOUNTAINS DRIVE  577","148I","D","002.00","000","148I D 00200 000","","92","Commercial","4/21/2025"
"LAMCO TN ASSET COMPANY 2 LLC","BRYCE CANYON WAY  431","148I","E","016.00","000","148I E 01600 000","","55","Commercial","4/21/2025"
"LAMCO TN ASSET COMPANY 2 LLC","BROOKVIEW DRIVE  405","157A","A","024.00","000","157A A 02400 000","BROOKHAVEN ACRES","73","Commercial","4/21/2025"
"LAMCO TN ASSET COMPANY 2 LLC","LA VIEW ROAD  122","164D","C","016.00","000","164D C 01600 000","WATER VIEW SEC 13","29","Commercial","4/21/2025"
"LAMCO TN ASSET COMPANY 2 LLC","LUNA LANE  127","169A","G","033.00","000","169A G 03300 000","CANDLE WOODS SEC 2","9","Commercial","4/21/2025"
"LAMCO TN ASSET COMPANY 2 LLC","CROSS COVE COURT  113","170L","E","041.00","000","170L E 04100 000","CROSS COVE","7","Commercial","4/21/2025"
"LANIUS DEBORAH","MAIN STREET EAST  261","126C","K","014.00","000","126C K 01400 000","FRAN OGLESBEE PROP","1","Commercial","11/12/2024"
"LANIUS NOEL E ETUX SHEILA L","SPRINGFIELD HWY  858","141","","037.00","000","141    03700 000","FITZPATRICK","0006","Commercial","7/6/1988"
"LANIUS SHEELA NAN","CENTER POINT ROAD  1200","160","","021.01","000","160    02101 000","","","Commercial","8/13/2013"
"LANIUS STEVEN B","SLATERS CREEK ROAD  1612","119L","A","005.00","000","119L A 00500 000","BROWNS WOODS","5","Commercial","12/12/2008"
"LAOYAN JOSEPH B LAOYAN ZENAIDA A ETUX","CROSSFIELD DRIVE  111","164P","C","023.00","000","164P C 02300 000","","","Commercial","11/30/2015"
"LARIZADEH ROSBEH","BRUSH HILL COURT  148","135L","E","006.00","000","135L E 00600 000","BRUSH HILL","6","Commercial","10/18/2012"
"LAROY MACK H LAROY DEBBIE J ETUX","SOUTH RUSSELL STREET  707","033J","A","011.00","000","033J A 01100 000","","","Commercial","7/31/2013"
"LARUE MICHAEL D","CALDWELL DRIVE  134","161","","007.00","000","161    00700 000","HIGH CHAPARRAL SEC 2","41","Commercial","9/21/2017"
"LATIMER DAVID R ETUX TAMMY","OPOSSUM LANE  1024","051","","021.00","001","051    02100 001","","","Commercial","7/30/2008"
"LATIMER JOSH LATIMAR THERESA N ETUX","52 HWY  949","034","","051.02","000","034    05102 000","HENRY RAGAN HALL SUB","1","Commercial","9/29/2021"
"LAVRIN JANICE","SUMNER HALL DRIVE  336","126I","A","017.00","000","126I A 01700 000","SUMNER HALL RESUB LT 7","7B-7","Commercial","6/28/2006"
"LAWRENCE JAMES LAWRENCE MARY BETH ETUX","VICTOR REITER PARK WAY  112","033A","D","013.00","000","033A D 01300 000","","","Commercial","5/1/2018"
"LAWRENCE JAMES LAWRENCE REBA ETUX","MARTIN CHAPEL ROAD  345","014","","007.01","001","014    00701 001","","1","Commercial","4/18/2016"
"LAXMI MATA INC","BROADWAY EAST","113N","C","038.00","000","113N C 03800 000","","","Commercial","4/28/2017"
"LAYNE KRISTINA M ETVIR JOHN P","NEW SHACKLE ISLAND RD  538","145","","065.00","000","145    06500 000","NEW SHACKLE VETERINARY HOSPITAL","1","Commercial","8/14/2001"
"LEATH DAVID ETUX RITA","PLEASANT GROVE ROAD  1118","044D","C","013.00","000","044D C 01300 000","","","Commercial","12/5/2011"
"LEATH JOHN ANTHONY C/O TANGI LEATH","31E HWY OLD  1541","044","","023.00","001","044    02300T001","","","Commercial","12/10/2004"
"LEATH JOSHUA M LEATH LEERIN L ETUX","RADER ROAD  1251","118","","173.00","000","118    17300 000","HENSON PROP SUB","5","Commercial","9/2/2016"
"LEBBERES REALTY CORP & RICHLAND SOUTH LLC","IMPERIAL BLVD","163C","F","002.00","041","163C F 00200C041","IMPERIAL POINTE CONDOMINIUM","E","Commercial","8/28/2023"
"LEBBERES REALTY CORP & RICHLAND SOUTH LLC","IMPERIAL BLVD","163C","F","002.00","051","163C F 00200C051","IMPERIAL POINTE CONDOMINIUM","F","Commercial","8/28/2023"
"LEDFORD COURTNEY A ETUX JEREMY C","POND ROAD  207","074","","147.00","001","074    14700 001","","","Commercial","2/21/2012"
"LEE ANTHONY C TR ERNEST C LEE TR","WALTON FERRY ROAD  115","160M","C","003.00","000","160M C 00300 000","","","Commercial","11/17/2016"
"LEE HAROLD LIVING TRUST","AIRPORT ROAD  1761","135","","012.05","000","135    01205 000","CROSSINGS SEC 4 RESU","5-1","Commercial","10/27/2005"
"LEE JAMES E SR DBA J E LEE COMPANY","NORTH BROADWAY  801","019","","031.10","000","019    03110 000","LARRY COLLINS HWY 10","1","Commercial","4/19/2004"
"LEE JAMES TROY","RIDGECREST DRIVE  119","144P","A","009.00","000","144P A 00900 000","RIDGECREST ESTATES","44,PO43","Commercial","11/26/2024"
"LEE JONATHAN LEE JENNIFER ETUX","BONITA PARK WAY  149","159K","A","018.00","000","159K A 01800 000","","","Commercial","3/6/2015"
"LEE MICHAEL K LEE CATHERINA J ETUX","NASHVILLE PIKE  1210","125M","A","002.00","000","125M A 00200 000","","","Commercial","4/5/2016"
"LEE RENTALS LEE WALTER DOUGLAS & BARBARA I","HIGHLAND DRIVE  101","097E","B","033.00","000","097E B 03300 000","HIGHLAND EST SEC 1","0001","Commercial","12/2/2021"
"LEE RENTALS LLC DOUG LEE C/O","ROLLING ACRES DRIVE  200","097E","C","005.00","000","097E C 00500 000","ROLLING ACRES SEC 1","4","Commercial","12/30/2004"
"LEE RENTALS LLC DOUG LEE C/O","ROLLING ACRES DRIVE  205","097E","C","009.00","000","097E C 00900 000","ROLLING ACRES SEC 1","8","Commercial","12/30/2004"
"LEE TRACEY DENISE","ROLLING ACRES DRIVE  115","097E","C","011.00","000","097E C 01100 000","ROLLING ACRES SEC 1","10","Commercial","7/23/2021"
"LEESON JEREMY","31W HWY  1822","099","","009.01","000","099    00901 000","BOBBY GALBRAITH PROP","2-2","Commercial","3/29/2019"
"LEESON JEREMY L","31W HWY  1822","099","","009.04","000","099    00904 000","BOBBY GAILBRAITH PRO","1","Commercial","3/23/2018"
"LEGACY 972 LLC","CLOVERBROOK WAY  321","124B","D","021.00","000","124B D 02100 000","CARELLTON PH 5","567","Commercial","11/16/2023"
"LEGACY 972 LLC","OTTER GLEN DRIVE  127","164C","D","058.00","000","164C D 05800 000","OTTER POINTE","10","Commercial","11/14/2023"
"LEGACY HORIZONS","SOUTH BROADWAY  826","039B","B","019.00","000","039B B 01900 000","","","Commercial","12/17/2025"
"LEGACY PARTNERS GP","RAIN DROP LANE  136","145J","A","009.00","000","145J A 00900 000","NORTH CREEK","9","Commercial","12/18/2015"
"LEGACY PARTNERS GP","NORTH BIRCHWOOD DRIVE  346","145P","D","038.00","000","145P D 03800 000","GLEN OAK SEC 4","157","Commercial","3/15/2018"
"LEGACY PARTNERS GP","LAUREL LANE  125","160E","F","036.00","000","160E F 03600 000","BROOKLAWN TERRACE SE","29","Commercial","6/20/2016"
"LEGACY PARTNERS GP","WALTON VILLAGE DRIVE  129","163D","E","068.00","000","163D E 06800 000","VILLAGES OF WALTON SQUARE PH 3","135","Commercial","3/30/2018"
"LEGATE RETAIL PTS C/O BRYAN CHANCE","31E HWY  2145","146","","112.00","000","146    11200 000","SAVANNAH MARKETPLACE PH 4 COM 2+3","2","Commercial","12/21/2022"
"LEGGE HOMER REESE & TAMARA COOK TRS HOMER REESE & TAMARA COOK LEGGE REVOCABL","LOCK 4 ROAD","126P","I","004.00","000","126P I 00400 000","GREEN WAVE PARK SEC.","4","Commercial","12/31/2025"
"LEGGE HOMER REESE & TAMARA COOK TRS HOMER REESE & TAMARA COOK LEGGE REVOCABL","LOCK 4 ROAD","126P","I","005.00","000","126P I 00500 000","GREEN WAVE PARK SEC.","5","Commercial","12/31/2025"
"LEGGE HOMER REESE & TAMARA COOK TRS HOMER REESE & TAMARA COOK LEGGE REVOCABL","EDGEWOOD DRIVE","135D","E","035.00","000","135D E 03500 000","SPRINGBROOK SEC 2 RES 27-54","31","Commercial","12/31/2025"
"LEGGE HOMER REESE & TAMARA COOK TRS HOMER REESE & TAMARA COOK LEGGE REVOCABL","EDGEWOOD DRIVE","135D","E","036.00","000","135D E 03600 000","SPRINGBROOK SEC 2 RES 27-54","32","Commercial","12/31/2025"
"LEGGO CAMERON","COUNCIL AVENUE NORTH  659","113K","A","001.00","000","113K A 00100 000","LINCOLN PARK S/D","50","Commercial","7/28/2016"
"LEGGO CAMERON","BLYTHE AVENUE  0","113K","A","011.01","000","113K A 01101 000","CLASSIC BROADCASTING","2","Commercial","7/28/2016"
"LEGION REAL ESTATE HOLDINGS LLC","ELLETA STREET  113","126K","G","004.00","000","126K G 00400 000","LONGVIEW ESTATES A","6","Commercial","1/3/2025"
"LEHMANN FREDDIE E & GRACE TRS OF FGL COMMUNITY PROPERTY TRUST","WEST MAIN STREET  530","160M","A","007.00","000","160M A 00700 000","","","Commercial","5/21/2025"
"LEJSEK TOM","WALTON FERRY ROAD  130","163D","C","003.00","000","163D C 00300 000","","","Commercial","4/26/1990"
"LEONARD DOROTHY V","SHIVEL DRIVE  128","163D","B","007.00","000","163D B 00700 000","SHIVEL ADDN TO HENDERSONVILLE","PO67+68","Commercial","2/11/1993"
"LEONARD-MILLER DOROTHY V","SHIVEL DRIVE  124","163D","B","009.00","000","163D B 00900 000","GRACE GOURLEY ESTATE","2","Commercial","10/26/1994"
"LEONE FAMILY LP","NEW SHACKLE ISLAND RD  320","144M","D","002.00","000","144M D 00200 000","TENTEX COMM PROP-TEN","2C-2","Commercial","1/6/2015"
"LESUEUR ERIC LESUEUR DAWN","LAKE TERRACE DRIVE  151","169K","D","001.02","000","169K D 00102 000","INDIAN LAKE FOREST SEC 12","392","Commercial","11/3/2017"
"LEWIS BRIAN LEWIS EMILY ETUX","31W HWY  2408","097E","B","011.00","000","097E B 01100 000","HIGHLAND EST SEC 1","3","Commercial","9/21/2017"
"LGN REALTY LLC","BLUE JAY WAY NORTH  840","136","","043.00","000","136    04300 000","HEAVENLY RE LLC","1","Commercial","5/25/2016"
"LIBERTY FEDERAL CREDIT UNION","SOARING EAGLE WAY PVT  580","145","","074.02","000","145    07402 000","INDIAN LAKE VILLAGE-","14","Commercial","11/1/2022"
"LIBRA 730 REALTY CO LLC  ETAL","WEST MAIN STREET  673","163C","A","026.00","000","163C A 02600 000","FOREST RETREAT","1","Commercial","5/15/2023"
"LICKLITER HOWARD C TRUSTEE & LINDA C LICKLITER TR","DEPOT STREET  1","044D","B","027.01","000","044D B 02701 000","","","Commercial","6/22/2009"
"LIFE CHRISTIAN ACADEMY INC","31W HWY  3012","077","","078.00","000","077    07800 000","","","Commercial","7/23/2025"
"LINDSEY WILLIAM H ETUX TERESA A","52E HWY  108","033G","F","001.01","000","033G F 00101 000","SHERIE ESTATES RESUB","2-2","Commercial","9/5/2008"
"LINEBERRY PROPERTIES INC","NORTH BROADWAY  807","019","","031.06","000","019    03106 000","LARRY COLLINS HWY 10","5","Commercial","2/6/1991"
"LINEBERRY PROPERTIES INC","GLENBROOK WAY  1017","144","","118.00","000","144    11800 000","GLENBROOK NORTH SEC-","8-8","Commercial","3/5/2019"
"LINK JEFFREY SEAN MELVIN LINK","VENA STUART DRIVE  510","113K","G","015.00","001","113K G 01500 001","","","Commercial",""
"LINK MELVIN LIFE EST","31E HWY OLD  3901","010","","070.00","000","010    07000 000","","","Commercial","1/8/2026"
"LINK STEVE E ETUX PENNY L","31W HWY  2950","077","","080.01","000","077    08001 000","","","Commercial","3/2/1984"
"LIONS ROSE 2040 LLC PAUL RUBENSTEIN","WEST MAIN STREET  449","163C","F","007.00","000","163C F 00700 000","IMPERIAL SQUARE SEC 4","3","Commercial","3/27/2026"
"LISA LUTZ TR C/O KC BELL INC ATTN PAUL HOOVER","WESTGATE DRIVE  1006","135F","F","001.00","000","135F F 00100 000","PATTERSON FARMS PH 1 RES 207","2","Commercial","12/7/2022"
"LITTLE BETH B","INDIAN LAKE ROAD  105","159J","A","025.00","000","159J A 02500 000","MAPLE ROW CENTER SEC 4","1","Commercial","3/31/2009"
"LITTLE BRICK CHURCH LLC","31E HWY OLD  500","068","","086.01","000","068    08601 000","BETHPAGE METHODIST C","2","Commercial","9/29/2022"
"LITTLE DEVELOPMENTS LLC","PUMPING STATION ROAD  102","148","","048.00","000","148    04800 000","","2","Commercial","1/8/2009"
"LITTLE DEVELOPMENTS LLC","109S HWY  1468","148","","048.00","001","148    04800 001","","","Commercial","1/8/2009"
"LITTLE DEVELOPMENTS LLC","109S HWY  1474","148","","049.01","000","148    04901 000","","","Commercial","10/28/2014"
"LITTLE DICKY LLC","SANDERS FERRY ROAD  153","164A","A","037.00","000","164A A 03700 000","","","Commercial","6/3/2019"
"LITTLE DICKY LLC","SANDERS FERRY ROAD  155","164A","A","038.00","000","164A A 03800 000","","","Commercial","6/3/2019"
"LITTLE SAM ETUX JOAN B LISA & EMILY CUNNINGHAM","PUMPING STATION ROAD  234","148","","043.01","000","148    04301 000","VANDERCOOK SUB","3","Commercial","9/14/2006"
"LIU CHUNG-YOU TR LIU YUAN-YUAN TR","HUNT CLUB BLVD  1509","146F","A","003.00","006","146F A 00300C006","HUNT CLUB OFFICE PAR","800","Commercial","2/5/2021"
"LIVING WELL PROPERTIES LLC","TRIGG AVENUE NORTH  131","113N","E","020.00","000","113N E 02000 000","","","Commercial","2/17/2017"
"LIVING WELL PROPERTIES LLC","INDEPENDENCE WAY PVT  116","126D","D","017.02","000","126D D 01702 000","","8","Commercial","10/19/2018"
"LKE EL CAMINO REAL LLC & 450/460 EL CAMI c/o WALGREEN CO C/O","EAST MAIN STREET  731","146P","A","032.00","000","146P A 03200 000","WINSTON HILLS PH 6","1","Commercial","4/16/2013"
"LLJ STRATFORD GREEN WOOD LLC","GREEN WAVE DRIVE  790","126J","B","004.00","000","126J B 00400 000","GREENWOOD APARTMENTS","1-LIST","Commercial","6/22/2023"
"LM RENTALS LLC","BALES STREET  1025","126M","D","029.00","000","126M D 02900 000","WOODWARDS RESUB-WOOD","4-4","Commercial","12/12/2018"
"LOCKE SPRINGS","76 HWY  4688","075","","052.07","000","075    05207 000","","","Commercial","4/6/2022"
"LOCKE SPRINGS","ECHO LANE  106","140","","065.00","000","140    06500 000","","","Commercial","2/28/2023"
"LOCKE SPRINGS LLC","76 HWY  4608","075","","048.00","000","075    04800 000","HILLTOP ESTATES","3","Commercial","8/8/2024"
"LOCKE SPRINGS LLC","76 HWY  4620","075","","050.00","000","075    05000 000","HILLTOP EST.","P/O5","Commercial","5/30/2025"
"LONG HOLLOW 665 LLC","LONG HOLLOW PIKE  665","143J","C","001.00","000","143J C 00100 000","","","Commercial","5/17/2013"
"LONG HOLLOW LAND INC","LONG HOLLOW PIKE  2064","124","","004.00","000","124    00400 000","","","Commercial","4/6/1989"
"LONG TANYA MICHELLE","LONG HOLLOW PIKE  3985","139","","058.00","001","139    05800 001","","","Commercial","3/10/2017"
"LONGMIRE JOSEPH Y JR ETUX WENDY LYNNE","BLUEGRASS COMMONS BLVD  103","158A","B","011.00","000","158A B 01100 000","BLUEGRASS COMMONS","9","Commercial","7/1/2003"
"LOPEZ JULIO CESAR RAMIREZ DIAZ MARIA DOLORES","WATER AVENUE NORTH  635","113K","G","011.00","000","113K G 01100 000","","","Commercial","9/12/2022"
"LORD HERBERT S JR ETUX RHONDA LYNN","31W HWY  2902","077P","A","009.00","000","077P A 00900 000","","","Commercial","9/19/2007"
"LORI DARLENE ATCHLEY REVOCABLE TRUST","DUNN STREET  115","163D","C","018.00","000","163D C 01800 000","","","Commercial","10/4/2023"
"LORI DARLENE ATCHLEY REVOCABLE TRUST","CAMPUS DRIVE  103","163D","F","012.00","000","163D F 01200 000","H B RONEY ADDITION","LIST","Commercial","10/4/2023"
"LOUISVILLE HWY INDUSTRIAL LL % AL NEYER LLC","LOUISVILLE HWY","141","","058.02","000","141    05802 000","LOUISVILLE HWY INDUSTRIAL SUB","","Commercial","2/10/2026"
"LOUISVILLE PROPERTIES LLC","MCMURTRY ROAD  65","118","","070.00","000","118    07000 000","","1","Commercial","10/27/2015"
"LOUISVILLE PROPERTIES LLC","MCMURTRY ROAD  69","118","","070.02","000","118    07002 000","","3","Commercial","10/27/2015"
"LOUISVILLE PROPERTIES LLC","MCMURTRY ROAD  67","118","","070.03","000","118    07003 000","","2","Commercial","10/27/2015"
"LOUISVILLE PROPERTIES LLC","MCMURTRY ROAD  71","118","","071.00","000","118    07100 000","","4","Commercial","12/23/2015"
"LOUISVILLE PROPERTIES LLC","MCMURTRY ROAD  73","118","","071.03","000","118    07103 000","","5","Commercial","12/23/2015"
"LOUISVILLE PROPERTIES LLC","LOUISVILLE HWY  1384","118","","133.00","000","118    13300 000","","","Commercial","7/1/2015"
"LOUISVILLE PROPERTIES LLC","LOUISVILLE HWY  1386","118","","134.00","000","118    13400 000","","","Commercial","5/15/2026"
"LOVELL DAVID EDWARD TR LOVELL PAMELA FRANKLIN TR","WEST MAIN STREET  257","163D","C","011.00","000","163D C 01100 000","VOLUNTEER VILLAGE LLC","1","Commercial","5/17/2021"
"LOVELL MATTHEW W ETUX LOVELL JEAN M","AIRPORT ROAD  1781","135","","012.06","000","135    01206 000","CROSSINGS SEC 4 RESU","4","Commercial","10/31/2003"
"LOVELY BUILDING INC THE CATHIE MOSS C/O","WEST MAIN STREET  240","160M","B","021.00","000","160M B 02100 000","","","Commercial","6/1/2007"
"LOVELY BUILDING INC THE CATHIE MOSS C/O","OLD SHACKLE ISLAND RD  135","160M","B","028.00","000","160M B 02800 000","","","Commercial","3/30/2016"
"LOWE GROUP LLC","MAPLE ROW BOULEVARD  117","159O","D","016.00","000","159O D 01600 000","MAPLE ROW BLVD.","16","Commercial","7/1/2020"
"LOWERY JEWELL M","SUSAN DRIVE  109","163L","D","005.00","000","163L D 00500 000","HICKORY VILLAGE SEC 1","92","Commercial","12/9/2014"
"LOWERY LINDA GAIL","31W HWY  1007","141","","049.01","000","141    04901 000","BESSIE LONG SUB","1A&B","Commercial","8/19/2009"
"LOWES HOME CENTERS INC ATTN: TAX DEPT.","NASHVILLE PIKE  1301","136","","036.00","000","136    03600 000","LOWES HOME CENTERS I","1","Commercial","11/18/2004"
"LOWES HOME CENTERS INC ATTN: TAX DEPT.","BLUE JAY WAY NORTH  0","136","","044.00","000","136    04400 000","HEAVENLY RE LLC","3","Commercial","11/30/2004"
"LP HUTCHINS GP","HARTSVILLE PIKE  1002","112P","D","021.00","000","112P D 02100 000","GREEN ACRES NO 2","1-9","Commercial","2/4/2015"
"LP HUTCHINS GP","FRANKLIN STREET EAST  122","126C","C","008.00","000","126C C 00800 000","","","Commercial","2/4/2015"
"LP HUTCHINS GP","FRANKLIN STREET EAST  124","126C","C","009.00","000","126C C 00900 000","THOMAS KIRK SUDDARTH","1","Commercial","2/4/2015"
"LP HUTCHINS GP","LEIGH LANE  882","127A","D","001.00","000","127A D 00100 000","BROOKFIELD ESTATES","1-2","Commercial","2/4/2015"
"LP HUTCHINS GP","JAMIE DRIVE  127","127A","E","010.00","000","127A E 01000 000","BROOKFIELD EST.","7","Commercial","2/4/2015"
"LP HUTCHINS GP","LEIGH LANE  887","127A","E","011.00","000","127A E 01100 000","BROOKFIELD EST.","8","Commercial","2/4/2015"
"LR DAMPIER COSMETIC SURGERY CE","STADIUM DRIVE  196","163C","F","003.07","000","163C F 00307 000","FIRST BAPTIST CHURCH","PO11","Commercial","1/17/2013"
"LRW PROPERTIES LLC","OLD SHACKLE ISLAND RD  224","159I","B","033.00","000","159I B 03300 000","","","Commercial","7/5/2023"
"LRW PROPERTIES LLC","OLD SHACKLE ISLAND RD  224","159I","B","034.00","000","159I B 03400 000","","","Commercial","7/5/2023"
"LU CHE HAO","WALTON FERRY ROAD  123","160M","C","006.00","000","160M C 00600 000","","","Commercial","9/16/2024"
"LUCAS DONNA HARTLEY","COLLEGE STREET  111","126C","E","008.00","000","126C E 00800 000","LOUIS HUNTER BUSINESS LOTS","1-7","Commercial","10/19/2010"
"LUCKEY DAVID J","INDIAN LAKE BLVD  125","159J","A","032.00","000","159J A 03200 000","125 INDIAN LAKE BLVD","10","Commercial","9/10/2024"
"LUISI RICHARD CHRISTIAN TR 137 RAINDROP LANE TRUST","SAUNDERSVILLE ROAD  174","145","","093.00","304","145    09300C304","","","Commercial","11/12/2025"
"LUNDBLADE & CO INC","25W HWY  2559","079","","029.04","000","079    02904 000","","1","Commercial","11/30/2021"
"LWAG GALLATIN LLC","GREENLEA BLVD  914","136","","018.01","000","136    01801 000","GREENSBORO VILLAGE P","1-LIST","Commercial","12/26/2012"
"LYLES HAROLD WADE ETUX TAMMY RENEE","SCOTTY PARKER ROAD  2048","092","","006.04","001","092    00604 001","","","Commercial",""
"LYNN RALPH JR","EXECUTIVE PARK DRIVE  12","163C","F","003.00","000","163C F 00300 000","FIRST BAPTIST CHURCH","4","Commercial","3/2/2026"
"LYNN RALPH JR ETUX SHIRLEY","EAST MAIN STREET  200","159J","A","021.06","000","159J A 02106 000","INDIAN LAKE SEC 2","4","Commercial","4/20/2004"
"LYNN RALPH JR ETUX SHIRLEY E","CANFIELD PLACE  114","160M","C","023.00","015","160M C 02300C015","HENDERSONVILLE COURT","7","Commercial","10/17/1994"
"LYNNS PATIO SHOP BUILDINGS LLC","WEST MAIN STREET  441","163C","F","008.01","000","163C F 00801 000","IMPERIAL SQUARE SEC 13","12","Commercial","2/3/2014"
"M & K HOLDINGS LLC","SAUNDERSVILLE ROAD  174","145","","093.00","503","145    09300C503","INDIAN LAKE OFFICE CONDOS","","Commercial","1/20/2026"
"M & K HOLDINGS LLC","SAUNDERSVILLE ROAD  174","145","","093.00","504","145    09300C504","INDIAN LAKE OFFICE CONDOS","","Commercial","1/20/2026"
"M J K LLC","SCHELL STREET EAST  128","126F","E","002.01","000","126F E 00201 000","","","Commercial","9/13/2023"
"M PRINTING LLC","LOUISE AVENUE PVT  213","160O","D","001.01","000","160O D 00101 000","WILLIAM FERGUSON","1","Commercial","4/24/2023"
"M&K HOLDINGS LLC","SAUNDERSVILLE ROAD  174","145","","093.00","501","145    09300C501","INDIAN LAKE OFFICE CONDOS","","Commercial","1/20/2026"
"M&S PROPERTIES LLC","ALICE SMITH DRIVE  104","032A","A","002.00","000","032A A 00200 000","DEERFIELD SUB","2","Commercial","1/24/2020"
"M&S PROPERTIES, LLC","EZRA COURT","016A","B","001.00","000","016A B 00100 000","","1","Commercial","2/28/2020"
"M&S PROPERTIES, LLC","EZRA COURT","016A","B","004.00","000","016A B 00400 000","","4","Commercial","2/28/2020"
"M&S PROPERTIES, LLC","EZRA COURT  112","016A","B","007.00","000","016A B 00700 000","","7","Commercial","2/28/2020"
"MAA BRIK LLC AVONDALE @ KENNESAW FARMS C/O","KENNESAW BLVD  1060","136","","024.01","000","136    02401 000","KENNESAW FARMS APART","1","Commercial","5/2/2011"
"MACIAS ARTHUR","MAIN STREET  121","033H","D","030.00","000","033H D 03000 000","","","Commercial","3/10/1994"
"MACIAS ARTHUR FELIPE GARCIA","MAIN STREET  117","033H","D","031.00","000","033H D 03100 000","","","Commercial","9/13/2005"
"MACON BANK & TRUST CO","31E HWY NE 5284","044","","118.00","000","044    11800 000","MACON BANK & TRUST C","1-2&3","Commercial","12/31/2003"
"MACON BANK & TRUST CO","NASHVILLE PIKE  683","126G","C","017.00","000","126G C 01700 000","LACKEY ADD","IST","Commercial","3/21/2017"
"MACS CONVENIENCE STORES LLC","BROADWAY EAST  1059","113","","026.09","000","113    02609 000","RAMSEY & BEATY RESUB","1","Commercial","4/24/2023"
"MACSNEWCO LLC","SOUTH BROADWAY  0","033I","C","013.00","000","033I C 01300 000","","","Commercial","11/1/2023"
"MACSNEWCO LLC","LONG HOLLOW PIKE  1113","125","","017.01","000","125    01701 000","","1","Commercial","11/1/2023"
"MACSNEWCO LLC C/O CIRCLE K STORES INC","GREENSBORO DRIVE  985","136F","E","001.00","000","136F E 00100 000","GREENSBORO VILLAGE PH 1 SEC 1","1","Commercial","11/1/2023"
"MACWILLIAMS KEVIN MACWILLIAMS SADA ETUX","WALTON FERRY ROAD  129","160M","C","009.00","000","160M C 00900 000","GREGORY KNOX & SCOTT","1-1&2","Commercial","9/27/2018"
"MADDOT PARTNERSHIP GP","AUSTIN PEAY HWY  5634","044","","139.00","000","044    13900 000","LINVILLE","3A","Commercial","9/3/2024"
"MADRID LLC","SANTA MONICA BLVD  101","104N","C","004.00","000","104N C 00400 000","HOLLYWOOD HILLS","113","Commercial","3/2/2023"
"MADRID LLC","SANTA MONICA BLVD  109","104N","C","005.00","000","104N C 00500 000","HOLLYWOOD HILLS","0114","Commercial","3/6/2024"
"MAE DAVIS PROPERTIES LLC","THACKER DRIVE  101","019J","B","012.00","000","019J B 01200 000","CREEKWOOD RESUB","21","Commercial","3/13/2019"
"MAE DAVIS PROPERTIES LLC","LOCK 4 ROAD  1144","135","","112.00","027","135    11200C027","MARINERS COVE CONDOS","F3","Commercial","9/8/2020"
"MAEHARA NORMAN A TR MAEHARA MARDY J TR","SAUNDERSVILLE ROAD  0","145","","071.03","000","145    07103 000","","26","Commercial","7/9/2019"
"MAGNOLIA BUSINESS CENTER LLC","SAUNDERSVILLE ROAD  174","145","","093.00","302","145    09300C302","","","Commercial","3/4/2021"
"MAGNOLIA BUSINESS CENTER LLC","SAUNDERSVILLE ROAD  174","145","","093.00","303","145    09300C303","","","Commercial","5/31/2023"
"MALENO STADIUM TOWNHOMES LLC","STADIUM DRIVE  237","163C","E","023.00","000","163C E 02300 000","NOKES ADDITION RESUB 27-41 BL D","27A","Commercial","9/28/2023"
"MALENO STADIUM TOWNHOMES LLC","OLD TOWN CIRCLE PVT  101","163C","E","023.00","001","163C E 02300 001","STADIUM DRIVE TOWNHOMES","27A","Commercial","9/28/2023"
"MALENO STADIUM TOWNHOMES LLC","OLD TOWN CIRCLE PVT  102","163C","E","023.00","002","163C E 02300 002","STADIUM DRIVE TOWNHOMES","27A","Commercial","9/28/2023"
"MALENO STADIUM TOWNHOMES LLC","OLD TOWN CIRCLE PVT  103","163C","E","023.00","003","163C E 02300 003","STADIUM DRIVE TOWNHOMES","27A","Commercial","9/28/2023"
"MALENO STADIUM TOWNHOMES LLC","OLD TOWN CIRCLE PVT  104","163C","E","023.00","004","163C E 02300 004","STADIUM DRIVE TOWNHOMES","27A","Commercial","9/28/2023"
"MALENO STADIUM TOWNHOMES LLC","OLD TOWN CIRCLE PVT  301","163C","E","023.00","005","163C E 02300 005","STADIUM DRIVE TOWNHOMES","27A","Commercial","9/28/2023"
"MALENO STADIUM TOWNHOMES LLC","OLD TOWN CIRCLE PVT  302","163C","E","023.00","006","163C E 02300 006","STADIUM DRIVE TOWNHOMES","27A","Commercial","9/28/2023"
"MALENO STADIUM TOWNHOMES LLC","OLD TOWN CIRCLE PVT  303","163C","E","023.00","007","163C E 02300 007","STADIUM DRIVE TOWNHOMES","27A","Commercial","9/28/2023"
"MALENO STADIUM TOWNHOMES LLC","OLD TOWN CIRCLE PVT  304","163C","E","023.00","008","163C E 02300 008","STADIUM DRIVE TOWNHOMES","27A","Commercial","9/28/2023"
"MALENO STADIUM TOWNHOMES LLC","OLD TOWN CIRCLE PVT  501","163C","E","023.00","009","163C E 02300 009","STADIUM DRIVE TOWNHOMES","27A","Commercial","9/28/2023"
"MALENO STADIUM TOWNHOMES LLC","OLD TOWN CIRCLE PVT  502","163C","E","023.00","010","163C E 02300 010","STADIUM DRIVE TOWNHOMES","27A","Commercial","9/28/2023"
"MALENO STADIUM TOWNHOMES LLC","OLD TOWN CIRCLE PVT  503","163C","E","023.00","011","163C E 02300 011","STADIUM DRIVE TOWNHOMES","27A","Commercial","9/28/2023"
"MALENO STADIUM TOWNHOMES LLC","OLD TOWN CIRCLE PVT  504","163C","E","023.00","012","163C E 02300 012","STADIUM DRIVE TOWNHOMES","27A","Commercial","9/28/2023"
"MALENO STADIUM TOWNHOMES LLC","OLD TOWN CIRCLE PVT  601","163C","E","023.00","013","163C E 02300 013","STADIUM DRIVE TOWNHOMES","27A","Commercial","9/28/2023"
"MALENO STADIUM TOWNHOMES LLC","OLD TOWN CIRCLE PVT  602","163C","E","023.00","014","163C E 02300 014","STADIUM DRIVE TOWNHOMES","27A","Commercial","9/28/2023"
"MALENO STADIUM TOWNHOMES LLC","OLD TOWN CIRCLE PVT  603","163C","E","023.00","015","163C E 02300 015","STADIUM DRIVE TOWNHOMES","27A","Commercial","9/28/2023"
"MALENO STADIUM TOWNHOMES LLC","OLD TOWN CIRCLE PVT  701","163C","E","023.00","016","163C E 02300 016","STADIUM DRIVE TOWNHOMES","27A","Commercial","9/28/2023"
"MALENO STADIUM TOWNHOMES LLC","OLD TOWN CIRCLE PVT  702","163C","E","023.00","017","163C E 02300 017","STADIUM DRIVE TOWNHOMES","27A","Commercial","9/28/2023"
"MALENO STADIUM TOWNHOMES LLC","OLD TOWN CIRCLE PVT  703","163C","E","023.00","018","163C E 02300 018","STADIUM DRIVE TOWNHOMES","27A","Commercial","9/28/2023"
"MALENO STADIUM TOWNHOMES LLC % JAMES WASHBURN","OLD TOWN CIRCLE PVT  801","163C","E","023.00","039","163C E 02300 039","STADIUM DRIVE TOWNHOMES","27A","Commercial","1/30/2023"
"MALENO STADIUM TOWNHOMES LLC % JAMES WASHBURN","OLD TOWN CIRCLE PVT  802","163C","E","023.00","040","163C E 02300 040","STADIUM DRIVE TOWNHOMES","27A","Commercial","1/30/2023"
"MALENO STADIUM TOWNHOMES LLC % JAMES WASHBURN","OLD TOWN CIRCLE PVT  803","163C","E","023.00","041","163C E 02300 041","STADIUM DRIVE TOWNHOMES","27A","Commercial","1/30/2023"
"MALENO STADIUM TOWNHOMES LLC % JAMES WASHBURN","OLD TOWN CIRCLE PVT  804","163C","E","023.00","042","163C E 02300 042","STADIUM DRIVE TOWNHOMES","27A","Commercial","1/30/2023"
"MALENO STADIUM TOWNHOMES LLC % JAMES WASHBURN","OLD TOWN CIRCLE PVT  901","163C","E","023.00","043","163C E 02300 043","STADIUM DRIVE TOWNHOMES","27A","Commercial","1/30/2023"
"MALENO STADIUM TOWNHOMES LLC % JAMES WASHBURN","OLD TOWN CIRCLE PVT  902","163C","E","023.00","044","163C E 02300 044","STADIUM DRIVE TOWNHOMES","27A","Commercial","1/30/2023"
"MALENO STADIUM TOWNHOMES LLC % JAMES WASHBURN","OLD TOWN CIRCLE PVT  903","163C","E","023.00","045","163C E 02300 045","STADIUM DRIVE TOWNHOMES","27A","Commercial","1/30/2023"
"MALENO STADIUM TOWNHOMES LLC % JAMES WASHBURN","OLD TOWN CIRCLE PVT  904","163C","E","023.00","046","163C E 02300 046","STADIUM DRIVE TOWNHOMES","27A","Commercial","1/30/2023"
"MALENO STADIUM TOWNHOMES LLC % JAMES WASHBURN","OLD TOWN CIRCLE PVT  1001","163C","E","023.00","047","163C E 02300 047","STADIUM DRIVE TOWNHOMES","27A","Commercial","1/30/2023"
"MALENO STADIUM TOWNHOMES LLC % JAMES WASHBURN","OLD TOWN CIRCLE PVT  1002","163C","E","023.00","048","163C E 02300 048","STADIUM DRIVE TOWNHOMES","27A","Commercial","1/30/2023"
"MALENO STADIUM TOWNHOMES LLC % JAMES WASHBURN","OLD TOWN CIRCLE PVT  1003","163C","E","023.00","049","163C E 02300 049","STADIUM DRIVE TOWNHOMES","27A","Commercial","1/30/2023"
"MALENO STADIUM TOWNHOMES LLC % JAMES WASHBURN","OLD TOWN CIRCLE PVT  1004","163C","E","023.00","050","163C E 02300 050","STADIUM DRIVE TOWNHOMES","27A","Commercial","1/30/2023"
"MALENO STADIUM TOWNHOMES LLC C/O JAMES WASHBURN","OLD TOWN CIRCLE PVT  201","163C","E","023.00","031","163C E 02300 031","STADIUM DRIVE TOWNHOMES","27A","Commercial","5/10/2023"
"MALENO STADIUM TOWNHOMES LLC C/O JAMES WASHBURN","OLD TOWN CIRCLE PVT  202","163C","E","023.00","032","163C E 02300 032","STADIUM DRIVE TOWNHOMES","27A","Commercial","5/10/2023"
"MALENO STADIUM TOWNHOMES LLC C/O JAMES WASHBURN","OLD TOWN CIRCLE PVT  203","163C","E","023.00","033","163C E 02300 033","STADIUM DRIVE TOWNHOMES","27A","Commercial","5/10/2023"
"MALENO STADIUM TOWNHOMES LLC C/O JAMES WASHBURN","OLD TOWN CIRCLE PVT  204","163C","E","023.00","034","163C E 02300 034","STADIUM DRIVE TOWNHOMES","27A","Commercial","5/10/2023"
"MALENO STADIUM TOWNHOMES LLC C/O JAMES WASHBURN","OLD TOWN CIRCLE PVT  401","163C","E","023.00","035","163C E 02300 035","STADIUM DRIVE TOWNHOMES","27A","Commercial","5/10/2023"
"MALENO STADIUM TOWNHOMES LLC C/O JAMES WASHBURN","OLD TOWN CIRCLE PVT  402","163C","E","023.00","036","163C E 02300 036","STADIUM DRIVE TOWNHOMES","27A","Commercial","5/10/2023"
"MALENO STADIUM TOWNHOMES LLC C/O JAMES WASHBURN","OLD TOWN CIRCLE PVT  403","163C","E","023.00","037","163C E 02300 037","STADIUM DRIVE TOWNHOMES","27A","Commercial","5/10/2023"
"MALENO STADIUM TOWNHOMES LLC C/O JAMES WASHBURN","OLD TOWN CIRCLE PVT  404","163C","E","023.00","038","163C E 02300 038","STADIUM DRIVE TOWNHOMES","27A","Commercial","5/10/2023"
"MALI PROPERTIES LLC","JENNINGS DRIVE  115","170D","A","011.00","000","170D A 01100 000","LAKE CUMBERLAND ACRES 2","7","Commercial","4/19/2023"
"MALL PROPERTIES LLC","EXECUTIVE PARK DRIVE  16","163C","F","003.02","000","163C F 00302 000","FIRST BAPTIST CHURCH","5","Commercial","8/6/2018"
"MALONE ARDEN LAGENA DENNIS EDWARD LAUDERDALE","BLAKEMORE AVENUE NORTH  319","113O","K","016.01","000","113O K 01601 000","","","Commercial","11/21/2003"
"MALONE TERESA M","LONG HOLLOW PIKE  0","126B","G","013.00","000","126B G 01300 000","WASHINGTON PARK","04-5","Commercial","11/16/2012"
"MALONE VINCENT EDWARD","BLYTHE AVENUE  616","113J","C","019.02","000","113J C 01902 000","","","Commercial","7/10/2001"
"MANAI LLC","INDIAN LAKE BLVD  161","159J","A","041.00","000","159J A 04100 000","INDIAN LAKE SEC 9","14","Commercial","5/19/2022"
"MANDYWOOD PROPERTIES INC","NASHVILLE PIKE  650","126G","A","004.00","000","126G A 00400 000","DR KELLY LOTS","IST","Commercial","11/26/2003"
"MANDYWOOD PROPERTIES INC","NASHVILLE PIKE  650","126G","A","004.01","000","126G A 00401 000","","","Commercial","12/4/2014"
"MANDYWOOD PROPERTIES INC","NASHVILLE PIKE  650","126G","A","005.01","000","126G A 00501 000","","","Commercial","10/15/1988"
"MANDYWOOD PROPERTIES INC","NASHVILLE PIKE  650","126G","A","005.02","000","126G A 00502 000","","","Commercial","10/15/1987"
"MANDYWOOD PROPERTIES INC","NASHVILLE PIKE  650","126G","A","005.03","000","126G A 00503 000","","","Commercial","10/15/1987"
"MANLOVE KIMBERLY TR DORIS HICKLEN MCALISTER LIVING TRUST","INDUSTRIAL PARK DRIVE  5","160N","C","032.01","000","160N C 03201C000","HENDERSONVILLE PARK","3","Commercial","2/13/2024"
"MAPLE 131 INVESTMENT LLC","MAPLE ROW BLVD  131","159O","D","021.00","013","159O D 02100C013","MAPLE ROW PROF BLDG-","500-500","Commercial","9/12/2023"
"MAPLE GLEN HOLDINGS LLC","EAST MAIN STREET  313","159J","A","013.00","000","159J A 01300 000","MAPLE GLEN","PO1","Commercial","12/13/2024"
"MAPLE GLEN HOLDINGS LLC","EAST MAIN STREET  311","159J","A","013.01","000","159J A 01301 000","MAPLE GLEN","PO1","Commercial","12/13/2024"
"MAPLE INVESTMENT PARTNERS","MAPLE ROW BOULEVARD  143","159O","D","029.00","000","159O D 02900 000","MAPLE ROW BLVD","29","Commercial","11/19/2014"
"MAPLE INVESTMENT PARTNERS","MAPLE ROW BLVD  132","159O","D","033.00","000","159O D 03300 000","MAPLE ROW SHOPPING C","3","Commercial","2/23/2017"
"MAPLE INVESTMENT PARTNERS","MAPLE ROW BLVD  132","159O","D","033.00","410","159O D 03300C410","","","Commercial","2/23/2017"
"MAPLE INVESTMENT PARTNERS","MAPLE ROW BLVD  132","159O","D","033.00","430","159O D 03300C430","","","Commercial","2/23/2017"
"MAPLE INVESTMENT PARTNERS","MAPLE ROW BLVD  132","159O","D","033.00","440","159O D 03300C440","","","Commercial","2/23/2017"
"MAPLE INVESTMENT PARTNERS","MAPLE ROW BLVD  132","159O","D","033.00","450","159O D 03300C450","","","Commercial","2/23/2017"
"MAPLE INVESTMENT PARTNERS","MAPLE ROW BLVD  132","159O","D","033.00","530","159O D 03300C530","","","Commercial","2/23/2017"
"MAPLE INVESTMENT PARTNERS","MAPLE ROW BLVD  132","159O","D","033.00","540","159O D 03300C540","","","Commercial","2/23/2017"
"MAPLE INVESTMENT PARTNERS","MAPLE ROW BLVD  132","159O","D","033.00","550","159O D 03300C550","","","Commercial","2/23/2017"
"MAPLE INVESTMENT PARTNERS","MAPLE ROW BLVD  132","159O","D","033.00","560","159O D 03300C560","","","Commercial","2/23/2017"
"MAPLE INVESTMENT PARTNERS","MAPLE ROW BLVD  132","159O","D","033.00","570","159O D 03300C570","","","Commercial","2/23/2017"
"MAPLE INVESTMENT PARTNERS","MAPLE ROW BLVD  132","159O","D","033.00","610","159O D 03300C610","MAPLE ROW SHOPPING C","3","Commercial","2/23/2017"
"MAPLE INVESTMENT PARTNERS","MAPLE ROW BLVD  132","159O","D","033.00","620","159O D 03300C620","MAPLE ROW SHOPPING C","3","Commercial","2/23/2017"
"MAPLE INVESTMENT PARTNERS","MAPLE ROW BLVD  132","159O","D","033.00","630","159O D 03300C630","MAPLE ROW SHOPPING C","3","Commercial","2/23/2017"
"MAPLE INVESTMENT PARTNERS","MAPLE ROW BLVD  132","159O","D","033.00","640","159O D 03300C640","MAPLE ROW SHOPPING C","3","Commercial","2/23/2017"
"MAPLE INVESTMENT PARTNERS","MAPLE ROW BLVD  132","159O","D","033.00","650","159O D 03300C650","MAPLE ROW SHOPPING C","3","Commercial","2/23/2017"
"MAPLE INVESTMENT PARTNERS","MAPLE ROW BLVD  132","159O","D","033.00","700","159O D 03300C700","MAPLE ROW SHOPPING C","3","Commercial","2/23/2017"
"MAPLE INVESTMENTS PARTNERS","MAPLE ROW BLVD  139","159O","D","027.00","001","159O D 02700C001","MAPLE ROW BLVD RESUB","27-27","Commercial","2/10/2017"
"MAPLE INVESTMENTS PARTNERS","MAPLE ROW BLVD  139","159O","D","027.00","004","159O D 02700C004","MAPLE ROW BLVD RESUB","27-27","Commercial","2/10/2017"
"MAPLE INVESTMENTS PARTNERS","MAPLE ROW BLVD  139","159O","D","027.00","005","159O D 02700C005","MAPLE ROW BLVD RESUB","27-27","Commercial","2/10/2017"
"MAPLE INVESTMENTS PARTNERS","MAPLE ROW BLVD  139","159O","D","027.00","006","159O D 02700C006","MAPLE ROW BLVD RESUB","27-27","Commercial","2/10/2017"
"MAPLE MORTORS ENTERPRISES LLC","LOUISE DRIVE  205","160O","D","002.00","000","160O D 00200 000","","","Commercial","5/22/2015"
"MAPLE MOTORS ENTERPRISES LLC","WEST MAIN STREET  815","160O","C","009.00","000","160O C 00900 000","","","Commercial","9/27/2018"
"MAPLE ROW PARTNERS LLC","EAST MAIN STREET  235","159J","A","019.13","000","159J A 01913 000","MAPLE ROW SHOPPING CENTER","2","Commercial","8/28/2014"
"MAPLE STREET PARTNERS LLC","MAPLE STREET  143","160M","A","020.01","000","160M A 02001 000","","","Commercial","10/13/2022"
"MAPLE STREET PROPERTIES LLC","MAPLE STREET  393","126J","A","014.00","000","126J A 01400 000","MAPLE ST PROP","1","Commercial","10/2/2023"
"MAPLE STREET PROPERTIES LLC","MAPLE STREET  200","126J","A","014.00","001","126J A 01400 001","","","Commercial","11/14/2012"
"MAPLE STREET PROPERTIES LLC","HANCOCK STREET  179","126J","A","014.00","002","126J A 01400 002","","","Commercial","11/14/2012"
"MAPLE STREET PROPERTIES LLC","MAPLE STREET  393","126J","A","014.00","003","126J A 01400 003","MAPLE STREET PROPERTIES PH2","1","Commercial","11/14/2012"
"MARCUS SPICER PROPERTIES LLC","JAMES STREET  210","126L","B","024.00","000","126L B 02400 000","JAMES STREET S/D","5","Commercial","4/9/2024"
"MARGRO REALTY LLC","31W HWY  1514","118","","030.00","000","118    03000 000","","","Commercial","10/6/2014"
"MARKETING WORKS LLC","HOGANS BRANCH ROAD  376","121","","121.02","000","121    12102 000","MADISON CREEK PARK-S","IST","Commercial","10/29/2021"
"MARKETING WORKS LLC","MADISON CREEK ROAD  1236","140","","113.00","000","140    11300 000","DELOACH ESTATES","2","Commercial","10/29/2021"
"MARKETING WORKS LLC","MADISON CREEK ROAD  1230","140","","113.01","000","140    11301 000","","","Commercial","1/20/2023"
"MARKETING WORKS LLC","TWO VALLEY ROAD  137","160A","B","011.00","000","160A B 01100 000","TWIN VALLEY SEC 2","IST","Commercial","10/29/2021"
"MARKETING WORKS LLC","PEBBLE CREEK DRIVE  117","160E","B","054.00","000","160E B 05400 000","PEBBLE CREEK ESTS-RE","9","Commercial","10/29/2021"
"MARKETING WORKS LLC","CALDWELL DRIVE  127","161","","063.00","000","161    06300 000","HIGH CHAPARRAL SEC 1","19","Commercial","10/29/2021"
"MARKETING WORKS LLC","DONNA DRIVE  287","163E","F","001.00","000","163E F 00100 000","CLAIRMONT MANOR RESUB 23A","23A","Commercial","10/29/2021"
"MARKETING WORKS LLC","DONNA DRIVE  296","163E","F","012.00","000","163E F 01200 000","CLAIRMONT MANOR REVISED","12","Commercial","10/29/2021"
"MARKETING WORKS LLC","CIRCLE DRIVE  115","170N","A","023.00","000","170N A 02300 000","J B CURTIS","PO27+28","Commercial","10/29/2021"
"MARTIN DAVID DBA MARTIN MANAGEMENT SERVICES","COUNTRY CLUB DRIVE  100","159K","C","016.00","006","159K C 01600C006","CLUB PLACE OFFICE CO","F 200","Commercial","10/31/2023"
"MARTIN DWIGHT D CAROL R MARTIN TRUSTEES","SHUTE LANE  524","146N","A","025.00","000","146N A 02500 000","LAKE COUNTRY LODGE","","Commercial","8/7/2009"
"MARTIN JOHN M","CALDWELL ROAD  2020","143J","F","002.00","002","143J F 00200 002","NORTHCREEK BUSINESS PARK SEC 2","2","Commercial","3/27/1999"
"MARTIN NOEL P FAMILY LP","GLENN AVENUE  0","126N","E","016.00","000","126N E 01600 000","LONGVIEW ESTATE 2ND ADDN","2-6","Commercial","11/19/1998"
"MARTIN NOEL P FAMILY LP","MEADOWVIEW DRIVE  1192","135D","E","001.00","000","135D E 00100 000","SPRINGBROOK SEC 2 REV","67","Commercial","11/19/1998"
"MARTIN NOEL P FAMILY LP","MEADOWVIEW DRIVE  1188","135D","E","002.00","000","135D E 00200 000","SPRINGBROOK SEC 2 REV","68","Commercial","11/19/1998"
"MARTIN NOEL P FAMILY LP","MEADOWVIEW DRIVE  1184","135D","E","003.00","000","135D E 00300 000","SPRINGBROOK SEC 2 REV","69","Commercial","11/19/1998"
"MARTIN NOEL P FAMILY LP","MEADOWVIEW DRIVE  1171","135D","E","019.00","000","135D E 01900 000","SPRINGBROOK SEC 2 RES 55-56,81-82","60","Commercial","11/19/1998"
"MARTINS OAK OF KNOXVILLE LLC %JULIA B MARTIN","NOKES DRIVE  209","163E","E","015.00","000","163E E 01500 000","NOKES ADDN TO HENDERSONVILLE","35-38","Commercial","9/28/2018"
"MARTINS OAK OF KNOXVILLE LLC %JULIA B MARTIN","LAKE TERRACE DRIVE  257","169O","C","001.00","000","169O C 00100 000","CHEROKEE WOODS SEC 7 PT 4","129","Commercial","9/28/2018"
"MARY BETH HEARN ORTHODONTICS LLC","COUNTRY CLUB DRIVE  100","159K","C","016.00","001","159K C 01600C001","CLUB PLACE OFFICE CO","A 100","Commercial","8/26/2021"
"MASISON KATHRYN M","VULCO DRIVE  163","170L","D","008.00","000","170L D 00800 000","LAKESIDE PARK SEC 4","237","Commercial","4/17/2026"
"MASSMUTUAL ASSET FINANCE LLC ATTN: PROP VAL SVC","WATER AVENUE SOUTH  561","126F","H","003.00","000","126F H 00300 000","","","Commercial","12/2/2021"
"MAT INVESTMENTS LLC","CONNIE DRIVE","135H","C","014.00","000","135H C 01400 000","HUNTER ESTATES SEC 1","16","Commercial","2/28/2023"
"MATEI FLORIN","TRIGG AVENUE NORTH  228","113N","F","026.00","000","113N F 02600 000","AARON JACOBS PROP RE","2","Commercial","10/29/2018"
"MATEI FLORIN ETUX DANIELA","REED STREET  326","033A","B","024.00","000","033A B 02400 000","R. D. MOORE","IST","Commercial","11/1/2006"
"MATEI FLORIN ETUX DANIELA","REED STREET  321","033A","C","005.01","000","033A C 00501 000","R D MOORE","IST","Commercial","11/1/2006"
"MATEJKO WIESLAW MATEJKO JULIE ETUX","SHIVEL DRIVE  114","163D","B","013.00","000","163D B 01300 000","SHIVEL ADDN TO HENDERSONVILLE","59","Commercial","8/2/2018"
"MATEJKO WIESLAW MATEJKO JULIE ETUX","SHIVEL DRIVE  112","163D","B","014.00","000","163D B 01400 000","SHIVEL ADDN TO HENDERSONVILLE","58","Commercial","8/2/2018"
"MATTHEWS KIRSTEN","BOB PERRY ROAD  283","049","","009.01","001","049    00901 001","","","Commercial","2/24/2015"
"MAUCK LANDON","CLEARVIEW CIRCLE","159I","E","009.00","000","159I E 00900 000","NOKES HEIGHTS ADD 3","IST","Commercial","9/24/2024"
"MAURER JOSEPH ETUX SUSAN","WATER AVENUE SOUTH  1319","135L","A","010.00","000","135L A 01000 000","VALLEY OVER LOOK","41","Commercial","1/25/2016"
"MAXWELL RELLON E SR B CAROLYN MAXWELL","JAMES STREET  170","126L","B","020.00","000","126L B 02000 000","JAMES STREET S/D","1","Commercial","8/20/2008"
"MAYS JAMES L ETUX NORMA J","WALLACE DRIVE  505","143J","E","011.00","000","143J E 01100 000","PAGE HEIGHTS SEC 1","53","Commercial","4/6/1971"
"MAYS NAN KELLER","WESTLAND AVENUE SOUTH  200","126D","B","002.00","000","126D B 00200 000","TOMPKINS ADDITION","1","Commercial","3/6/2026"
"MCCARROLL INVESTMENTS LLC","NEW SHACKLE ISLAND RD  75","160N","C","032.00","000","160N C 03200 000","HENDERSONVILLE PARK SEC 7 REV","1","Commercial","7/17/2026"
"MCCARROLL JAMES M","WEST MAIN ST  700","160O","B","005.00","000","160O B 00500 000","FOREST RETREAT SUB REV LOT 2&3","2-3","Commercial","3/22/2024"
"MCCL GP","WEST MAIN STREET  1015","160O","D","010.00","000","160O D 01000 000","JOE H CORLEY SEC 2","4","Commercial","10/4/2023"
"MCCL GP","ROCKLAND ROAD  350","160O","D","012.04","000","160O D 01204 000","","","Commercial","12/10/2015"
"MCCL TRUST","WEST MAIN STREET  1009","160O","D","010.03","000","160O D 01003 000","JOE H CORLEY SEC 2","3","Commercial","12/23/2024"
"MCCLELLAN ARTHUR E ETUX CHARLOTTE L","PUBLIC SQUARE  116","126C","F","010.00","000","126C F 01000 000","","","Commercial","7/16/1976"
"MCCLELLAN DONAL","MAGNOLIA STREET  0","113J","H","031.00","001","113J H 03100 001","","","Commercial",""
"MCCLENDON JEREMY D","IMPERIAL BLVD  111","163C","F","002.00","013","163C F 00200C013","IMPERIAL POINTE CONDOMINIUM","B201","Commercial","9/6/2013"
"MCCLOUD JOHN","A B WADE ROAD  544","060","","002.00","001","060    00200 001","","","Commercial","3/21/1986"
"MCCLURE TERRY L ETUX MADELINE K","LOUISVILLE HWY  1380","118","","131.00","000","118    13100 000","","","Commercial","8/13/1971"
"MCCONNELL CONN M & BETTY D MCCONNELL TRS MCCONNELL FAMILY TRUST","LAKE TERRACE DRIVE  119","169F","A","003.00","000","169F A 00300 000","CHEROKEE WOODS SEC 6 PT 1","49","Commercial","3/2/2023"
"MCDANIEL KELLY MCDANIEL ELIZABETH ETUX","MAPLE ROW BLVD  131","159O","D","021.00","002","159O D 02100C002","MAPLE ROW PROF BLDG-","101-101","Commercial","8/18/2026"
"MCDONALD DENNY A ETUX SHERRY F","25W HWY  2401","094","","046.02","000","094    04602 000","ROGER LANIUS PROPERT","1","Commercial","6/22/1990"
"MCDONALDS CORPORATION #041/0082 - TAX DEPT","MAIN STREET WEST  402","126G","A","019.01","000","126G A 01901 000","MCDONALD BUILDING SI","","Commercial","10/29/1976"
"MCDONALDS CORPORATION 41-0751","GREENSBORO DRIVE  990","136F","E","002.00","000","136F E 00200 000","GREENSBORO VILLAGE PH 1 SEC 1","2","Commercial","2/4/2003"
"MCDONALDS CORPORATION C/O LEE MCNAIR","NEW SHACKLE ISLAND RD  305","160D","G","010.00","000","160D G 01000 000","MCDONALDS","1","Commercial","4/12/1994"
"MCDONALDS REAL ESTATE CO","SOUTH BROADWAY  401","033I","C","006.00","000","033I C 00600 000","","","Commercial","11/30/2010"
"MCDONALDS REAL ESTATE CO","INDIAN LAKE BLVD  258","145","","094.00","000","145    09400 000","INDIAN LAKE VILLAGE-","46-40","Commercial","4/20/2011"
"MCDONALDS REAL ESTATE CO","WEST MAIN STREET  393","163C","F","009.01","000","163C F 00901 000","IMPERIAL SQUARE SEC 8","PO10","Commercial","1/1/2005"
"MCDONALDS REAL ESTATE COMPANY","SOUTH BROADWAY  401","033I","C","007.01","000","033I C 00701 000","","","Commercial","11/22/2010"
"MCFADDEN ALAN","NORTH BROADWAY  509","033A","B","001.00","000","033A B 00100 000","FREEDLE","IST","Commercial","11/4/2025"
"MCG HENDERSONVILLE TIC 9 LLC","EAST MAIN STREET  393","159K","A","023.00","000","159K A 02300 000","LOT 5 MAPLES COMMERCIAL RESUB 1","1","Commercial","3/5/2021"
"MCG HENDERSONVILLE TIC 9 LLC","BONITA PKWY","159K","A","023.03","000","159K A 02303 000","MAPLES LOT 6","1 RA","Commercial","3/5/2021"
"MCH SER PROPERTY OWNER 3 LLC","OAK HILL COURT  111","019M","D","006.00","000","019M D 00600 000","NORTH RIDGE SUB","6","Commercial","5/11/2022"
"MCH SER PROPERTY OWNER 3 LLC","FREDERICKSBURG DRIVE  595","148H","C","028.00","000","148H C 02800 000","CUMBERLAND PLACE N RESUB P 3+5 S3","186","Commercial","3/30/2022"
"MCH SFR PROPERTY OWNER 1 LLC","MASON STREET  148","019O","G","018.00","000","019O G 01800 000","BROOKE HAVEN PLAT AM","17-17","Commercial","11/12/2021"
"MCH SFR PROPERTY OWNER 1 LLC","KALA CIRCLE  104","033F","A","003.00","000","033F A 00300 000","GREEN ACRES","3","Commercial","1/14/2022"
"MCH SFR PROPERTY OWNER 1 LLC","PALMERS CHAPEL ROAD  818","096E","B","002.00","000","096E B 00200 000","MORGAN TRACE PH 1","1","Commercial","11/12/2021"
"MCH SFR PROPERTY OWNER 1 LLC","HIGHLAND DRIVE  804","097L","C","025.00","000","097L C 02500 000","NORTHWOODS PH 7 SEC-","128-128","Commercial","11/17/2021"
"MCH SFR PROPERTY OWNER 1 LLC","LILYCREST DRIVE  639","114E","C","031.00","000","114E C 03100 000","TWIN EAGLES PH 4","83","Commercial","1/5/2022"
"MCH SFR PROPERTY OWNER 1 LLC","CLIFTON COURT  506","143H","B","013.00","000","143H B 01300 000","CAVALIER ESTATES SEC 2","17","Commercial","11/12/2021"
"MCH SFR PROPERTY OWNER 1 LLC","YOSEMITE COURT  703","148I","C","024.00","000","148I C 02400 000","","142","Commercial","12/9/2021"
"MCH SFR PROPERTY OWNER 1 LLC","RIVER BEND ROAD  109","163L","K","004.00","000","163L K 00400 000","GATES OF THE PENINSULA PH 3 SEC 2","25","Commercial","1/14/2022"
"MCH SFR PROPERTY OWNER 1 LLC","KNOX COURT  102","170L","H","014.00","000","170L H 01400 000","WALTON TRACE PH 3","64","Commercial","12/6/2021"
"MCH SFR PROPERTY OWNER 1B LLC","SHELBY COURT  103","033J","D","045.00","000","033J D 04500 000","AUTUMNS BROOKE SUB","7","Commercial","9/23/2022"
"MCH SFR PROPERTY OWNER 1B LLC","BEXLEY WAY  204","096H","E","027.00","000","096H E 02700 000","","272","Commercial","8/24/2022"
"MCH SFR PROPERTY OWNER 1B LLC","HAMPSHIRE WAY  119","096H","F","001.00","000","096H F 00100 000","SUMMERLIN SUB PH6","206","Commercial","8/22/2022"
"MCH SFR PROPERTY OWNER 1B LLC","CHISOLM TRAIL  1021","141D","G","004.00","000","141D G 00400 000","CINMMARON TRACE SEC 5 RES 200-203","203","Commercial","11/4/2022"
"MCH SFR PROPERTY OWNER 2 LLC","PORTLAND BOULEVARD  616","020J","D","009.00","000","020J D 00900 000","CORNERSTONE","9","Commercial","3/31/2026"
"MCH SFR PROPERTY OWNER 2 LLC","MILES DRIVE  108","033J","D","072.00","000","033J D 07200 000","AUTUMNS BROOKE SUB","27","Commercial","3/4/2022"
"MCH SFR PROPERTY OWNER 2 LLC","GRANT COURT  111","034A","B","004.00","000","034A B 00400 000","HWY 52 WEST SUB SEC","27","Commercial","2/14/2022"
"MCH SFR PROPERTY OWNER 2 LLC","CODY CIRCLE  111","034A","D","035.00","000","034A D 03500 000","EVERGREEN SUB HWY 52","139-139","Commercial","3/2/2022"
"MCH SFR PROPERTY OWNER 2 LLC","HEATHER DRIVE  1105","099J","B","004.00","000","099J B 00400 000","RIDGE CREST PHASE 3-","35-35","Commercial","1/20/2022"
"MCH SFR PROPERTY OWNER 2 LLC","GOODMAN DRIVE  513","114N","K","021.00","000","114N K 02100 000","","37","Commercial","2/15/2022"
"MCH SFR PROPERTY OWNER 2 LLC","RIDGE TRAIL  1008","120L","A","014.00","000","120L A 01400 000","NORTH POINTE PHASE 1","126","Commercial","1/25/2022"
"MCH SFR PROPERTY OWNER 2 LLC","KNOLLWOOD COURT  107","159N","H","067.00","000","159N H 06700 000","NORTHLAKE SEC 14","67","Commercial","3/10/2022"
"MCH SFR PROPERTY OWNER 3 LLC","CHASITY LANE  105","032A","B","003.00","000","032A B 00300 000","OAK POINTE","3","Commercial","5/17/2022"
"MCH SFR PROPERTY OWNER 3 LLC","CLOVERBROOK WAY  293","124B","D","027.00","000","124B D 02700 000","","432","Commercial","4/29/2022"
"MCH SFR PROPERTY OWNER 3 LLC","BRADFORD CIRCLE  137","159K","F","049.00","000","159K F 04900 000","BRADFORD SHADE SEC 3","90","Commercial","4/26/2022"
"MCH SFR PROPERTY OWNER 3 LLC","NORTHLAKE DRIVE  118","159N","H","056.00","000","159N H 05600 000","NORTHLAKE SEC 14","45","Commercial","4/15/2022"
"MCH SFR PROPERTY OWNER 3 LLC","ANCHOR DRIVE  126","163C","D","016.00","000","163C D 01600 000","GLENHAVEN","29","Commercial","5/18/2022"
"MCH SFR PROPERTY OWNER 3 LLC","CANDLE PLACE  100","170D","F","012.00","000","170D F 01200 000","CANDLE WOODS SEC 5","35","Commercial","5/12/2022"
"MCH SFR PROPERTY OWNER 4 LLC","STRASSLE DRIVE  128","077N","G","008.00","000","077N G 00800 000","STRASSLE ESTATES","8","Commercial","6/8/2022"
"MCH SFR PROPERTY OWNER 4 LLC","PERSIMMON PLACE  707","114E","C","003.00","000","114E C 00300 000","TWIN EAGLES PH 4","1005","Commercial","8/22/2022"
"MCH SFR PROPERTY OWNER 4 LLC","COATES LANE  1306","135F","F","074.00","000","135F F 07400 000","PATTERSON FARMS PH 1","7","Commercial","6/6/2022"
"MCH SFR PROPERTY OWNER 4 LLC","CIMMARON DRIVE  133","141D","D","038.00","000","141D D 03800 000","CIMMARON TRACE SEC 2","102","Commercial","9/19/2022"
"MCH SFR PROPERTY OWNER 4 LLC","CHISOLM TRAIL  1010","141D","G","016.00","000","141D G 01600 000","CIMMARON TRACE SEC 5 RES 212-216","215","Commercial","5/24/2022"
"MCHENRY JOHN C ETUX STEPHANIE A C/O SBA MONARCH TOWERS 1 LLC C/O","FLAT RIDGE ROAD  178","118","","055.00","001","118    05500 001","","","Commercial","7/3/2017"
"MCKEE FOODS TRANSPORTATION LLC","COLLEGE STREET  816","034","","008.01","000","034    00801 000","","","Commercial","6/27/2002"
"MCKISSACK DOROTHY R JANETH HARRISON C/O","SMALL STREET  553","113O","H","026.00","000","113O H 02600 000","CLEARVIEW HGTS #1","IST","Commercial","6/2/1948"
"MCKISSACK DOROTHY R JANETH HARRISON C/O","SMALL STREET  557","113O","H","026.00","001","113O H 02600 001","CLEARVIEW HEIGHTS 1","","Commercial",""
"MCLEAN MICHAEL","RIDGECREST DRIVE  103","144P","A","002.00","000","144P A 00200 000","RIDGECREST ESTATES","2","Commercial","5/21/2019"
"MCLERRAN PROPERTIES LLC","TELAVERA DRIVE  214","096G","D","016.00","000","096G D 01600 000","","57","Commercial","8/12/2026"
"MCLERRAN PROPERTIES LLC","ELECTRA STREET NORTH","113P","D","022.00","000","113P D 02200 000","MEADOWBROOK AD NO 2","0011","Commercial","11/30/2012"
"MCLERRAN PROPERTIES LLC","GWEN AVENUE  127","126A","A","016.00","000","126A A 01600 000","MEADOWBROOK ADD 2","0047","Commercial","4/9/2015"
"MCLERRAN PROPERTIES LLC","MORNINGSIDE DRIVE  141","126K","E","024.00","000","126K E 02400 000","MORNINGSIDE HEIGHTS","16","Commercial","6/16/2014"
"MCLERRAN PROPERTY LLC","DEER PARK CIRCLE","126A","F","021.00","000","126A F 02100 000","CREEKVIEW SEC. 1","0021","Commercial","5/9/2017"
"MCMAHON JOHN P MCMAHON CURTIS","25E HWY  1615","112K","A","002.00","000","112K A 00200 000","SUNNYMEADE S/D SEC 1","2","Commercial","6/8/2021"
"MCMANUS RONALD MONROE TR MCMANUS LINDA SUE TR","SOUTH BROADWAY  821","039B","A","014.00","000","039B A 01400 000","","","Commercial","3/16/2015"
"MCMURRAY J W TR ETAL M AND M PROPERTIES C/O","EAST MAIN STREET  639","158A","A","006.00","000","158A A 00600 000","SAUNDERSVILLE COURT SEC 2","3","Commercial","9/9/2008"
"MCMURRAY VICTOR E & GARY V & JAMES W TR","EAST MAIN STREET  641","158A","A","007.00","000","158A A 00700 000","SAUNDERSVILLE COURT SEC 2","4","Commercial","9/9/2008"
"MCMURTRY MICHAEL G ETUX JAN","MCMURTRY ROAD  263","117","","057.02","000","117    05702 000","","","Commercial","4/10/2008"
"MCPHERSON SHAW INC","MAPLE ROW BOULEVARD  147","159O","D","031.00","000","159O D 03100 000","MAPLE ROW BLVD.","31","Commercial","4/9/1998"
"MCPHERSON SHAW INC","HAZEL PATH DRIVE  100","164A","C","017.00","000","164A C 01700 000","HAZEL PATH SEC 2","3","Commercial","2/11/1997"
"MCRAE ARLIN L TR MCRAE RLT","WEST MAIN STREET  316","160M","B","016.00","000","160M B 01600 000","RONEY ELIZER S/D","1","Commercial","9/18/2024"
"MCWHIRTER MARY","DUNN STREET  111","163D","C","014.00","000","163D C 01400 000","","","Commercial","10/1/2020"
"MDC COAST 7 LLC","LOWES PLAZA  1050","159J","A","034.00","000","159J A 03400 000","INDIAN LAKE CENTER PH 4 LOWES","1","Commercial","2/28/2019"
"ME PROPERTIES LLC DBA ME PROPERTIES 1 LLC","WEST MAIN STREET  761","160O","C","006.00","000","160O C 00600 000","","","Commercial","11/8/2021"
"MEADOR SARAH ANN","VOLUNTEER DRIVE  124","159I","B","031.03","000","159I B 03103 000","SARAH MEADOR BS","1","Commercial","3/5/1998"
"MEADOR STEPHEN RANDEL & JANICE RUTH TRS STEPHEN RANDEL AND JANICE RUTH MEADOR RE","AUSTIN PEAY HWY  4928","044F","A","006.00","000","044F A 00600 000","","","Commercial","10/25/2023"
"MEHR ETHY","SUMNER DRIVE  106","039O","B","002.00","000","039O B 00200 000","CLOVERDALE","47","Commercial","11/14/2022"
"MELCO LAND & SEA LLC","NEWTON LANE  939","149","","023.02","001","149    02302 001","W D LEWIS HEIRS","4","Commercial","12/1/2025"
"MELENDEZ ANTONIO","VULCO DRIVE  159","170L","D","006.00","000","170L D 00600 000","LAKESIDE PARK SEC 4","239","Commercial","12/5/2024"
"MELLAHAY PROPERTIES LLC","BLEDSOE STREET  258","126C","L","029.00","000","126C L 02900 000","","","Commercial","6/26/2023"
"MELVIN STREET TRUCKING","SWAMP ROAD  1001","019","","026.00","000","019    02600 000","FRED WALTER COMM RES","4B-4","Commercial","12/8/2011"
"MEMORY LN LLC","MEMORY LANE  961","136","","014.01","000","136    01401 000","WOODS COMMONS SEC 1","2","Commercial","4/11/2016"
"MENDONCA BARRY J ETUX DEBBIE ROSS","LOCK 4 ROAD","135P","B","003.00","000","135P B 00300 000","AQUA ESTATE","85-89","Commercial","8/7/2013"
"MERCADO GUSTAVO BECERRA & HENRI BECERRA FLORES ETUX MARIA G ARANA","FAIRFIELD ROAD  1088","011","","001.05","000","011    00105 000","","","Commercial","8/23/2024"
"MERCER DIANA S","ANDERSON LANE  222","159N","A","029.00","000","159N A 02900 000","BENT CREEK RESUB-BEN","1B-1B","Commercial","6/20/1997"
"MERCER DON G TR & ETAL DON G MERCER FAMILY TRUST","WEST MAIN STREET  394","160M","A","012.00","000","160M A 01200 000","","","Commercial","11/12/2022"
"MERCER SCOTT A TR","WOODS FERRY ROAD  1041","126M","B","010.00","000","126M B 01000 000","WATSON ADD","3-6+TR","Commercial","7/21/2008"
"MERCHANT POINTE TN INC %HEITMAN CAPITAL MANAGEMENT ASSET NABAGE","INDIAN LAKE BLVD  217","159B","C","006.00","000","159B C 00600 000","INDIAN LAKE SEC 13 RESUB 23,24","24","Commercial","5/8/2018"
"MERCIER DIANNA KEMP","COLLEGE STREET  144","126C","D","009.00","000","126C D 00900 000","","","Commercial","5/24/2019"
"MERCURY REALTY LLC","TENNESSEE WAY  105","160M","A","025.00","000","160M A 02500 000","VOLUNTEER INDUSTRIAL","3","Commercial","3/12/2019"
"MERIDIAN PROPERTIES LLC","WEST MAIN STREET  0","160","","050.05","000","160    05005 000","MONTHAVEN PLACE","D","Commercial","9/28/2021"
"MERIDIAN PROPERTIES LLC","WEST MAIN STREET  1198","161","","039.00","000","161    03900 000","","","Commercial","8/14/2020"
"METRO MANOR LLC","EAST MAIN STREET  218","159J","A","021.12","000","159J A 02112 000","INDIAN LAKE SEC 2 RESUB 2A","2C","Commercial","11/5/2015"
"MFC 900 TIFFANY LLC MIDDLE FARMS CAPITAL LLC C/O","TIFFANY LANE  900","163D","E","020.01","000","163D E 02001 000","","","Commercial","1/14/2016"
"MFE HOLDINGS LLC","EAST MAIN STREET  698","146","","062.02","000","146    06202 000","JOHNNY CASH PROP RES","2","Commercial","2/18/2022"
"MG FUEL LLC C/O GRIRSH A. PANCHAL","NORTH BROADWAY  905","019","","026.04","000","019    02604 000","FRED WALTER COM SUB","2&3","Commercial","10/25/2019"
"MG PROPERTIES LLC","HALLTOWN ROAD  711","058","","116.01","000","058    11601 000","","","Commercial","8/15/2022"
"MHC 196 LLC","DAVIS STREET  123","020P","A","007.01","001","020P A 00701 001","","","Commercial","7/25/2022"
"MHC 203 LLC","NORTH BROADWAY  813","019","","028.09","000","019    02809 000","","","Commercial","8/7/2022"
"MHC 203 LLC","NORTH BROADWAY  813","019","","028.10","000","019    02810 000","","","Commercial","8/7/2022"
"MHC 203 LLC","NORTH BROADWAY  813","019","","031.04","000","019    03104 000","LARRY COLLINS HWY 10","7","Commercial","8/7/2022"
"MHC 203 LLC","NORTH BROADWAY  810","019E","A","002.00","000","019E A 00200 000","JACKSON PLACE REVISE","2-2","Commercial","8/2/2022"
"MHS PROPERTIES LLC","PARK STREET  1013","044D","B","007.00","000","044D B 00700 000","","","Commercial","4/9/2026"
"MHS PROPERTIES LLC","LONG HOLLOW PIKE  946","126A","F","001.00","000","126A F 00100 000","CREEKVIEW SEC. I RESUB 1+22","1","Commercial","4/9/2026"
"MHS PROPERTIES LLC","PUBLIC SQUARE  115","126C","F","019.00","000","126C F 01900 000","","","Commercial","4/9/2026"
"MHS PROPERTIES LLC","MAIN STREET EAST  115","126C","K","024.00","000","126C K 02400 000","","","Commercial","4/9/2026"
"MID AMERICA APARTMENTS LP #010","INDIAN LAKE BLVD  245","145","","070.07","000","145    07007 000","INDIAN LAKE VILLAGE-","23-23","Commercial","10/18/2011"
"MID CUMBERLAND COMMUNITY ACTION AGENCY INC","EASTLAND STREET WEST  242","113N","G","002.00","000","113N G 00200 000","","","Commercial","12/10/2025"
"MID SOUTH WAFFLES,INC","EAST MAIN STREET  241","159J","A","019.10","000","159J A 01910 000","MAPLE ROW SHOPPING CENTER PH 3","6","Commercial","8/28/2014"
"MID STATE AUTOMOTIVE THOMSON REUTERS PTS C/O","SOUTH BROADWAY  502","033I","C","018.00","000","033I C 01800 000","","","Commercial","10/8/1985"
"MID STATE AUTOMOTIVE THOMSON REUTERS PTS C/O","WEST MAIN STREET  639","163C","A","021.00","000","163C A 02100 000","RAY & KAREN MOORE","3","Commercial","12/6/2002"
"MID TENN,LLC","SAUNDERSVILLE ROAD  161","145","","072.03","000","145    07203 000","INDIAN LAKE VILLAGE","47","Commercial","2/6/2014"
"MIDDLE TENNESSEE PROPERTY GROUP LLC","KENWOOD DRIVE  110","016O","B","030.00","000","016O B 03000 000","NORTHVIEW ESTATES SE","93","Commercial","5/31/2022"
"MIDDLE TENNESSEE PROPERTY GROUP LLC","OAK HILL DRIVE  134","019M","C","008.00","000","019M C 00800 000","NABORS CHOICE SUB","8","Commercial","8/21/2024"
"MIDDLE TENNESSEE PROPERTY GROUP LLC","GILLIAM CIRCLE  104","019M","C","014.00","000","019M C 01400 000","NABORS CHOICE SEC 5","36","Commercial","8/21/2024"
"MIDDLE TENNESSEE PROPERTY GROUP LLC","BOBSWAY  114","019M","C","021.00","000","019M C 02100 000","NABORS CHOICE SEC 5","29","Commercial","8/21/2024"
"MIDDLE TENNESSEE PROPERTY GROUP LLC","BOBSWAY  110","019M","C","023.00","000","019M C 02300 000","NABORS CHOICE SEC 5","27","Commercial","8/21/2024"
"MIDDLE TENNESSEE PROPERTY GROUP LLC","GOOSTREE COURT  103","019M","C","028.00","000","019M C 02800 000","NABORS CHOICE SEC 5","22","Commercial","8/21/2024"
"MIDDLE TENNESSEE PROPERTY GROUP LLC","COLLEGE STREET  315","077G","B","012.00","000","077G B 01200 000","","","Commercial","5/18/2022"
"MIDDLE TENNESSEE PROPERTY GROUP LLC","DARBY ROAD  7625","118","","004.00","000","118    00400 000","J A DARBY PROPERTY","3","Commercial","2/16/2021"
"MIDDLE TENNESSEE PROPERTY GROUP LLC","DARBY ROAD  7629","118","","004.01","000","118    00401 000","J A DARBY PROP","1","Commercial","2/16/2021"
"MIDDLE TENNESSEE PROPERTY GROUP LLC","DARBY ROAD  7627","118","","004.06","000","118    00406 000","J A DARBY PROPERTY","2","Commercial","2/16/2021"
"MIDDLE TENNESSEE PROPERTY GROUP LLC","HENRY ROAD  115","119","","082.00","000","119    08200 000","HENRY HILLS SEC 3","11","Commercial","8/21/2024"
"MIDDLE TENNESSEE PROPERTY GROUP LLC","ELBA DRIVE  508","143J","C","019.00","000","143J C 01900 000","PAGE HEIGHTS SEC 1","0005","Commercial","7/1/2019"
"MIDDLE TENNESSEE PROPERTY GROUP LLC","ELBA DRIVE  509","143J","D","009.00","000","143J D 00900 000","PAGE HEIGHTS SEC 1","31","Commercial","12/4/2023"
"MIDDLE TN HOLDINGS LLC SERIES 51","SANDERS FERRY ROAD  250","164P","C","045.00","051","164P C 04500C051","DRAKES INLET CONDO","1","Commercial","2/6/2025"
"MIDDLE TN HOLDINGS LLC SERIES LH K3","LONG HOLLOW PIKE  1182","125","","019.05","051","125    01905C051","CAMBRIDGE CONDOS","K3","Commercial","3/5/2025"
"MIDDLE TN HOLDINGS LLC SERIES SF 14","SANDERS FERRY ROAD  250","164P","C","045.00","014","164P C 04500C014","DRAKES INLET CONDO","6","Commercial","2/6/2025"
"MIDDLE TN HOLDINGS LLC SERIES SF 30","SANDERS FERRY ROAD  250","164P","C","045.00","030","164P C 04500C030","DRAKES INLET CONDO","3","Commercial","2/6/2025"
"MIDDLE TN HOLDINGS LLC SERIES SF 41","SANDERS FERRY ROAD  250","164P","C","045.00","041","164P C 04500C041","DRAKES INLET CONDO","1","Commercial","2/6/2025"
"MIDDLE TN HOLDINGS LLC SERIES SF 45","SANDERS FERRY ROAD  250","164P","C","045.00","045","164P C 04500C045","DRAKES INLET CONDO","1","Commercial","2/6/2025"
"MIDDLE TN INVESTMENT LLC","COLLEGE STREET  414","033H","A","044.00","000","033H A 04400 000","","","Commercial","3/8/2023"
"MIDWAY EXCHANGE BORROWER 13 LLC","HEMLOCK COURT  107","160F","I","008.00","000","160F I 00800 000","BRIARCLIFF ESTATE SEC 2","92","Commercial","5/18/2021"
"MIDWAY EXCHANGE TRS 1 LLC","PARK AVENUE EAST  241","126F","K","032.00","000","126F K 03200 000","SUNSET VIEW RESUB-SU","23A-23","Commercial","9/9/2022"
"MIGHTY HEARTS HOME CARE INC","52E HWY  1005","032I","A","001.00","000","032I A 00100 000","DRAKEWOOD","23 & 24","Commercial","2/28/2018"
"MILE HIGH BORROWER 1 CORE LLC C/O STREETLANE HOME","HIGH MESA COURT  103","141D","E","019.00","000","141D E 01900 000","CIMMARON TRACE SEC 3","142","Commercial","6/27/2022"
"MILE HIGH BORROWER 1 LLC","CLOVERFIELD COURT  114","145P","E","008.00","000","145P E 00800 000","GLEN OAKS SEC 3","204","Commercial","2/25/2022"
"MILE HIGH BORROWER 1 LLC","SILVER MAPLE COURT  103","159N","E","027.00","000","159N E 02700 000","MAPLES SEC 3 PT 3","27","Commercial","7/30/2021"
"MILE HIGH BORROWER 1 VALUE LLC","LASSITER DRIVE  1007","120K","A","037.00","000","120K A 03700 000","NORTH POINTE PHASE I","77","Commercial","5/28/2021"
"MILE HIGH TL BORROWER 1 INCOME LLC C/O STREETLANE HOMES","CREEKVIEW LANE  3100","120L","A","028.00","000","120L A 02800 000","NORTH POINTE PHASE 1","136","Commercial","5/10/2022"
"MILE HIGH TL BORROWER 1 INCOME LLC C/O STREETLANE HOMES","BRADFORD CIRCLE  152","159K","F","050.00","000","159K F 05000 000","BRADFORD SHADE SEC 3","70","Commercial","5/10/2022"
"MILLER DOROTHY L","SHIVEL DRIVE  126","163D","B","008.00","000","163D B 00800 000","SHIVEL ADDN TO HENDERSONVILLE","LIST","Commercial","8/4/1993"
"MILLER DOROTHY V LEONARD","POWELL DRIVE  119","163D","B","023.00","000","163D B 02300 000","C L POWELL RESUB 8,9,PO10","8A","Commercial","4/29/1994"
"MILLER LEONARD DOROTHY","SHIVEL DRIVE  120","163D","B","010.00","001","163D B 01000 001","","","Commercial",""
"MILLER MARINE LLC","RIVER ROAD  128","163B","A","001.00","000","163B A 00100 000","","","Commercial","10/20/2025"
"MILLER NATHAN","LOUISVILLE HWY  1032","141","","062.01","000","141    06201 000","MILLER DIAZ SUB","1","Commercial","8/4/2023"
"MILLER RETTA F AKA RITA WILKERSON MILLER","PARK STREET  1023","044D","B","009.01","000","044D B 00901 000","","","Commercial","7/6/2007"
"MILLER THOMAS G MILLER BRYAN R","STADIUM DRIVE  115","163D","A","013.00","000","163D A 01300 000","PATE","40-42","Commercial","10/13/2022"
"MILLIKEN TAYLOR","PRINCE ST  136","126C","C","026.00","000","126C C 02600 000","LANE","7-8","Commercial","7/30/2021"
"MILLIKEN TONY JR MILLIKEN TARA RENEE ETUX","EASTLAND STREET WEST  358","113N","H","027.00","000","113N H 02700 000","","","Commercial","12/4/2020"
"MILLIKEN TONY R MILLIKEN TARA ETUX","HARVE BROWN ROAD  1196","029","","062.01","000","029    06201 000","PAUL ETUX CHRISITE W","1","Commercial","3/14/2022"
"MILLS MARK","NORTH BROADWAY  403","033A","B","019.00","000","033A B 01900 000","","","Commercial","4/25/2023"
"MINOR RODGER ETUX SHERRY","NORTH SUMNER ROAD  1401","023","","026.04","001","023    02604 001","","","Commercial",""
"MINTER ROBERT E JR","WINCHESTER STREET EAST  238","126C","P","017.00","000","126C P 01700 000","","","Commercial","5/7/2014"
"MIRAMONTES ERENDIRA ETVIR PEDRO MIRAMONTES JR","WOODS RD  331","016C","C","001.00","000","016C C 00100 000","RICKY HARTLEY ESTATES","1","Commercial","12/29/2025"
"MITBRY CORP","LOUISE DRIVE  217","160O","D","008.01","000","160O D 00801 000","WILLIAM FERGUSON","2","Commercial","12/4/2023"
"MITCHELL JIMMY R","LONG DRIVE  113","140","","084.03","000","140    08403 000","","","Commercial","1/6/2015"
"MITCHELL MARY ALICE MARIE & JULIE NICHOLE MITCHELL","HARTSVILLE PIKE  1715","112L","A","034.00","000","112L A 03400 000","SUNNYMEADE S/D SEC 1","154","Commercial","3/14/2011"
"MIW HOLDINGS BUSINESS TRUST","RAIN DROP LANE  121","145I","B","030.00","000","145I B 03000 000","COLONIAL ACRES SEC.","IST","Commercial","2/23/2018"
"MJK LLC","WATER AVENUE SOUTH  479","126F","E","003.00","000","126F E 00300 000","","","Commercial","9/13/2023"
"MKM INVESTMENT LLC","BROADWAY SOUTH  200","033H","H","026.01","000","033H H 02601 000","","","Commercial","7/3/2025"
"ML DESTINY PLAZA LLC","EASTLAND STREET WEST  126","113N","G","006.00","000","113N G 00600 000","AUTO ZONE INC","2","Commercial","5/18/2018"
"MMMSE BEWLEY LP %HAYNIE & CO C/O","NASHVILLE PIKE  684","126G","A","001.03","000","126G A 00103 000","GALLATIN CENTER","1","Commercial","9/3/2020"
"MMPF III HENDERSONVILLE TN LLC","SAUNDERSVILLE ROAD  127","145","","091.00","000","145    09100 000","INDIAN LAKE VILLAGE-","38","Commercial","6/27/2022"
"MOB 59 OF TENNESSEE LLC C/O HCP INC-PROPERTY TAX DEPT C/O","NEW SHACKLE ISLAND RD  353","144","","110.01","000","144    11001 000","HENDERSONVILLE OFFIC","IST","Commercial","1/16/2004"
"MOBERG THOMAS F MOBERG SHELIA A ETUX","WALNUT CREST DRIVE","113P","F","002.00","000","113P F 00200 000","CREEKVIEW SEC. 1","0056","Commercial","9/11/1992"
"MODERN PROPERTIES","STAGGS DRIVE  220","032H","A","015.00","000","032H A 01500 000","DRAKEWOOD SEC 2","58","Commercial","6/5/2026"
"MODERN PROPERTIES","THOMPSON LANE  3021","044C","F","017.00","000","044C F 01700 000","","","Commercial","4/14/2026"
"MODERN PROPERTIES LLC","KENWOOD DRIVE  120","016O","B","012.00","000","016O B 01200 000","NORTHVIEW ESTATES SE","88","Commercial","1/8/2026"
"MODERN PROPERTIES LLC","AIRPORT ROAD  641","020","","051.03","000","020    05103 000","DENNING FORD ESTATES","PO1","Commercial","2/12/2014"
"MODERN PROPERTIES LLC","PLEASANT GROVE ROAD  1323","028M","A","008.00","000","028M A 00800 000","","","Commercial","5/19/2026"
"MODERN PROPERTIES LLC","STAGGS DRIVE  204","032H","A","007.00","000","032H A 00700 000","DRAKEWOOD SEC 2","66","Commercial","5/6/2016"
"MODERN PROPERTIES LLC","LAW STREET  4007","044C","B","021.00","000","044C B 02100 000","WEST VIEW ADD.","05-7","Commercial","10/18/2013"
"MODERN PROPERTIES LLC","LOCUST STREET  1407","044E","E","008.00","000","044E E 00800 000","","","Commercial","3/7/2014"
"MODERN PROPERTIES LLC","POPLAR STREET  1208","044E","E","011.00","000","044E E 01100 000","BROWNS SUB RESUB-BRO","1-LIST","Commercial","3/16/2020"
"MODERN PROPERTIES LLC","POPLAR STREET  1212","044E","E","011.01","000","044E E 01101 000","BROWNS SUB","2","Commercial","3/16/2020"
"MODERN PROPERTIES LLC","POPLAR STREET  1210","044E","E","011.02","000","044E E 01102 000","BROWNS SUB","3","Commercial","3/16/2020"
"MODERN PROPERTIES LLC","LAMBERT DRIVE  2128","045H","B","024.00","000","045H B 02400 000","TWIN HILL SEC. B.","3","Commercial","6/16/2016"
"MODERN PROPERTIES LLC","LAMBERT DRIVE  2118","045H","B","025.00","000","045H B 02500 000","TWIN HILL SEC. B.","4","Commercial","5/6/2016"
"MOELIUS VERNON ETUX SANDRA & P","ROCKLAND ROAD  240","163C","A","005.00","001","163C A 00500 001","","","Commercial","1/3/2026"
"MOHARRERI SAEED S MOHARRERI TATYANA ZADORA ETUX","SOUTH BROADWAY  627","033P","A","007.00","000","033P A 00700 000","","","Commercial","10/20/2015"
"MONARCH RENTAL PROPERTIES TENN","MIKE STREET  738","126H","A","010.00","000","126H A 01000 000","HOLLAND HGTS #2","","Commercial","3/30/2014"
"MONTALBANO JOSEPH","SAUNDERSVILLE ROAD  174","145","","093.00","403","145    09300C403","","","Commercial","11/21/2016"
"MONTHAVEN PARK LLC MID AMERICA APTS C/O","MONTHAVEN PARK PL PVT  126","160","","050.00","000","160    05000 000","MONTHAVEN PLACE","A","Commercial","1/23/2004"
"MONTPELIER ASSETS LLC","STAR COURT  119","113P","H","032.00","000","113P H 03200 000","ESTATES OF FAIRWAY H","44","Commercial","10/22/2024"
"MONTPELIER ASSETS LLC","GRAY BILL DRIVE  1108","114M","B","030.00","000","114M B 03000 000","EAGLE CREEK SEC 2","72","Commercial","10/22/2024"
"MONTPELIER ASSETS LLC","BROOKVIEW COURT  1022","120E","A","007.00","000","120E A 00700 000","WILLOW CREEK SEC 4 R","215-215","Commercial","10/22/2024"
"MONTPELIER ASSETS LLC","GANNETT ROAD  1009","124I","A","005.00","000","124I A 00500 000","CREEKSIDE AT STATION","C5","Commercial","10/22/2024"
"MONTPELIER ASSETS LLC","BRYCE CANYON WAY  443","148I","E","013.00","000","148I E 01300 000","","58","Commercial","10/22/2024"
"MONTPELIER ASSETS LLC","FORREST MEADOWS DRIVE  102","160K","H","039.00","000","160K H 03900 000","FORREST MEADOWS SEC","17","Commercial","10/22/2024"
"MONTPELIER ASSETS LLC","WALTON TRACE SOUTH  138","170L","E","076.00","000","170L E 07600 000","WALTON TRACE PH 4","106","Commercial","10/22/2024"
"MONTPELIER ASSETS LLC","SHELTER COVE  107","172A","D","031.00","000","172A D 03100 000","WATERS EDGE SEC 1","119","Commercial","10/22/2024"
"MOONLIGHT PROPERTIES LLC","EAST MAIN STREET  735","146","","067.00","000","146    06700 000","SMITH TRAVEL RESEARC","","Commercial","8/31/2015"
"MOOR STEPHEN A MERCER DON G","WATER AVENUE SOUTH  1015","126N","G","007.00","000","126N G 00700 000","","","Commercial","8/20/2021"
"MOORE JOHN L III","WEST MAIN STREET  631","163C","A","021.01","000","163C A 02101 000","","","Commercial","3/8/1993"
"MOORE LIFE REALTY HOLDINGS LLC","MAIN STREET WEST  253","126C","H","001.00","000","126C H 00100 000","","","Commercial","2/20/2015"
"MOORE SETH THOMAS MOORE SHARON ETUX","BELVEDERE DRIVE NORTH  180","125M","A","022.00","021","125M A 02200C021","SUMNER CROSSINGS CON","21","Commercial","3/11/2016"
"MOORE WILLIAM L JR ETUX TERESA","PUBLIC SQUARE  119","126C","F","018.00","000","126C F 01800 000","","","Commercial","9/5/2000"
"MOORE YOUVONIA","WATER AVENUE SOUTH  460","126F","F","017.00","000","126F F 01700 000","WEST SCHELL ADD","IST","Commercial","5/26/2021"
"MORALES FAMILY TRUST","JENNINGS DRIVE  102","170D","A","015.00","000","170D A 01500 000","LAKE CUMBERLAND ACRES","2,PO1","Commercial","12/12/2023"
"MORE STRATEGIC HOLDING TRUST","WEST MAIN STREET  1023","160O","D","009.01","000","160O D 00901 000","O W FERGUSON PROP","2","Commercial","12/23/2024"
"MORELAND ASSOCIATES LTD","AUSTIN PEAY HWY  4733","044C","A","006.01","000","044C A 00601 000","","","Commercial","10/18/1985"
"MORGAN ROY E TR MORGAN JIMMY W TR","NEW SHACKLE ISLAND RD  89","160N","C","039.05","000","160N C 03905 000","H'VILLE BUSINESS PK","2 & 3","Commercial","7/18/2014"
"MORGAN STEVEN JOSEPH","SANDYE AVENUE  123","034E","B","018.07","000","034E B 01807 000","NORTHSIDE G&L PROP S","1","Commercial","4/13/2022"
"MORRIS MARK DOUGLAS & KELLEY MICHELLE TR MORRIS COMMUNITY PROPERTY TRUST","FLAT RIDGE ROAD  171","118","","048.01","000","118    04801 000","","2","Commercial","11/28/2025"
"MORRIS MARK DOUGLAS & KELLEY MICHELLE TR MORRIS COMMUNITY PROPERTY TRUST","FLAT RIDGE ROAD  169","118","","048.02","000","118    04802 000","PHILLIP GRAVES RESUB 3-4","3","Commercial","11/28/2025"
"MORRIS MARK DOUGLAS & KELLEY MICHELLE TR MORRIS COMMUNITY PROPERTY TRUST","FLAT RIDGE ROAD  165","118","","048.03","000","118    04803 000","PHILLIP GRAVES RESUB 3-4","4","Commercial","11/28/2025"
"MORRIS PHILLIP WAYNE MORRIS MARGARET ETUX","WEST MAIN STREET  531","163C","A","016.00","001","163C A 01600 001","","","Commercial","10/19/2017"
"MORRIS REAL ESTATE HOLDINGS LL DR J RICHARD MORRIS C/O","INDIAN LAKE BLVD  207","159J","A","046.00","000","159J A 04600 000","INDIAN LAKE SEC 12 LTS 17-18, 23-25","18","Commercial","5/15/2015"
"MORSE NEAL ETUX CHERI","MARTIN LANE  329","075","","011.18","001","075    01118 001","","","Commercial","1/23/2024"
"MORVANT BEN ETUX CONNIE","WEST MAIN STREET  755","160O","C","004.00","000","160O C 00400 000","","","Commercial","6/19/2006"
"MOSAYEBI ZACHERY R MOSAYEBI LINDSAY H ETUX","WEST MAIN STREET  713","160O","C","001.00","000","160O C 00100 000","MANDRELL-BANNON PROP","1&2","Commercial","7/17/2015"
"MOSAYEBI ZACHERY R MOSAYEBI LINDSAY H ETUX","WEST MAIN STREET  713","160O","C","001.01","000","160O C 00101 000","MANDRELL-BANNON PROP","BLDG 2","Commercial","7/17/2015"
"MOSELEY PROPERTIES LLC","JACKSON ROAD  107","033H","H","021.00","000","033H H 02100 000","","","Commercial","5/15/2025"
"MOSELEY PROPERTIES LLC","OAK STREET  101","033H","H","021.01","000","033H H 02101 000","","","Commercial","6/12/2025"
"MOSER R KIRKLAND","MAIN STREET EAST  119","126C","K","022.00","000","126C K 02200 000","","","Commercial","6/4/2019"
"MOSS CHARLES D MOSS ELIZABETH A ETUX","LOUISVILLE HWY  980","141","","051.00","000","141    05100 000","THOMPSON & HAILEY","IST","Commercial","3/24/2017"
"MOWATT TINA R","STADIUM DRIVE  119","163D","A","014.00","000","163D A 01400 000","PATE","43,PO44","Commercial","9/14/2011"
"MPES2 LLC","ELLEN DRIVE  606","143O","A","013.00","000","143O A 01300 000","PAGE HEIGHTS SEC 3","124","Commercial","9/1/2021"
"MPM FAMILY LP","AIRPORT ROAD  540","112","","073.01","000","112    07301 000","GALLATIN MINI STORAG","1-2","Commercial","12/23/2003"
"MPM FLP","NICHOLS LANE  120","135F","A","002.00","000","135F A 00200 000","ALBERT BENNETT & HAROLD WARDEN RES","3","Commercial","2/11/2016"
"MR 126","MAPLE ROW BOULEVARD  126","159O","D","010.00","000","159O D 01000 000","MAPLE ROW BLVD.","10","Commercial","4/15/2020"
"MS ELAINE KIDZ WORLD INC","TYREE SPRINGS ROAD  96","077G","B","009.00","000","077G B 00900 000","","","Commercial","4/10/2014"
"MSB TUST HOLDINGS LLC","BRADFORD CIRCLE  188","159K","E","008.00","000","159K E 00800 000","BRADFORD SHADE","2","Commercial","7/13/2018"
"MUDD MARY ANN HOLDER","BROADWAY SOUTH  105","033H","G","017.00","000","033H G 01700 000","","","Commercial","2/28/2026"
"MUDD MARY ANN HOLDER","BROADWAY SOUTH  103","033H","G","018.00","000","033H G 01800 000","","","Commercial","2/28/2026"
"MUDD MARY ANNE HOLDER","WATER AVENUE NORTH  132","126C","G","012.00","000","126C G 01200 000","","","Commercial","2/28/2026"
"MUDD MARY ANNE HOLDER","MAIN STREET EAST  107","126C","K","026.00","000","126C K 02600 000","","","Commercial","2/28/2026"
"MUDD MARY ANNE HOLDER","WATER AVENUE SOUTH  1040","126N","J","016.02","000","126N J 01602 000","HALEWOOD ESTATES RES","2","Commercial","9/29/1997"
"MUDD MARY ANNE HOLDER REGGIE MUDD C/O","WATER AVENUE NORTH  102","126C","G","001.00","000","126C G 00100 000","","","Commercial","5/13/2026"
"MUDD REGINALD ETUX MARY ANNE","EASTLAND STREET EAST  117","126C","C","022.00","000","126C C 02200 000","LANE","LIST","Commercial","2/28/2026"
"MUDD REGINALD M","WATER AVENUE NORTH  110","126C","G","003.00","000","126C G 00300 000","","","Commercial","2/28/2026"
"MUDD REGINALD M","WATER AVENUE NORTH  114","126C","G","005.00","000","126C G 00500 000","","","Commercial","2/28/2026"
"MUDD REGINALD M ETUX MARY ANNE","EASTLAND STREET EAST  150","113N","C","002.00","000","113N C 00200 000","","","Commercial","2/28/2026"
"MUDD REGINALD M ETUX MARY ANNE","PARK AVENUE EAST  305","126F","K","024.00","000","126F K 02400 000","SUNSET VIEW","IST","Commercial","1/9/2026"
"MUELLER JENNIFER J HARRINGTON MUELLER ROBERT E ETUX","GLENN HILL DRIVE  110","169F","C","023.00","000","169F C 02300 000","CHEROKEE WOODS SEC 7 PT 4","173","Commercial","9/15/2017"
"MUNDAY JEFFREY H ETUX MARY L","ROLLING ACRES DRIVE  111","097E","C","012.00","000","097E C 01200 000","ROLLING ACRES SEC 1","11","Commercial","7/30/2003"
"MUNDAY KENNETH H ETUX MARTHA","31W HWY  1642","099","","027.02","001","099    02702 001","","","Commercial",""
"MUNDAY KENNETH H ETUX MARTHA D","31W HWY  1650","099","","027.03","000","099    02703 000","KENNETH A MUNDAY","1","Commercial","3/4/2002"
"MUNOZ CHRISTIAN & CONCEPCION LUNAAVILA","GAYLA COURT  108","019M","B","005.00","000","019M B 00500 000","AUSBROOKS SUBD","5","Commercial","10/3/2025"
"MURPHY CAPITAL LLC","MAIN STREET WEST  211","126C","H","008.00","000","126C H 00800 000","","","Commercial","3/9/2020"
"MURPHY OIL USA INC","ANDERSON LANE NORTH  415","159B","B","015.01","000","159B B 01501 000","INDIAN LAKE MARKET RESUB LTS N+N1","N1","Commercial","4/29/2015"
"MURPHY ROBERT W ETUX JACKIE A","109S HWY  1420","135","","027.06","000","135    02706 000","","","Commercial","1/5/2015"
"MURRAY BAINBRIDGE LEE ETUX DONNA RATCLIFF","SUSAN DRIVE  115","163L","D","008.00","000","163L D 00800 000","HICKORY VILLAGE SEC 1","95","Commercial","5/31/2023"
"MURRAY MACHINE & TOOL CO LLC","WATER AVENUE SOUTH  0","135","","005.00","000","135    00500 000","","","Commercial","6/25/2013"
"MUSIC CITY H I LLC","EAST MAIN STREET  615","158A","B","001.00","000","158A B 00100 000","BLUEGRASS COMMONS RESUB 1,8,10","1","Commercial","11/29/2023"
"MY MOM LLC","WATER AVENUE SOUTH  1303","135L","A","005.00","000","135L A 00500 000","VALLEY OVER LOOK","46","Commercial","9/23/2024"
"MY MOM LLC","WATER AVENUE SOUTH  1303","135L","A","006.00","000","135L A 00600 000","VALLEY OVER LOOK","45","Commercial","9/23/2024"
"MYERS SHIRLEY DONNA","CANFIELD PLACE  114","160M","C","023.00","008","160M C 02300C008","HENDERSONVILLE COURT","8","Commercial","1/15/2015"
"NABORS GLENN F SR & NANCY A TRS GNN COMM GLENN F NABORS JR TR GLENN F JR REV TR","WEST MAIN STREET  624","160N","C","026.00","000","160N C 02600 000","","","Commercial","9/24/2025"
"NABORS GLENN F SR & NANCY A TRS GNN COMM GLENN F NABORS JR TR GLENN F JR REV TR","WEST MAIN STREET  798","160O","B","001.00","000","160O B 00100 000","FOREST RETREAT","9-13","Commercial","9/24/2025"
"NABORS GLENN F SR & NANCY A TRS GNN COMM GLENN F NABORS JR TR GLENN F JR REV TR","WEST MAIN STREET  792","160O","B","002.00","000","160O B 00200 000","","","Commercial","9/24/2025"
"NABORS GLENN F SR & NANCY A TRS GNN COMM GLENN F NABORS JR TR GLENN F JR REV TR","WEST MAIN STREET  788","160O","B","003.00","000","160O B 00300 000","PRIESTWOOD CENTER RE","4","Commercial","9/24/2025"
"NABORS GLENN F SR & NANCY A TRS GNN COMM GLENN F NABORS JR TR GLENN F JR REV TR","EAST MALLARD DRIVE  0","160O","B","023.00","000","160O B 02300 000","","","Commercial","9/24/2025"
"NACHMAN WILLIAM NACHMAN LISA ETUX","CALDWELL DRIVE  327","143","","069.01","000","143    06901 000","","1B","Commercial","5/6/2026"
"NADAULD WILLIAM GEORGE & MARIA E TR NADAULD FAMILY REVOCABLE TRUST OF 2010","COLLEGE STREET  520","034D","B","007.00","000","034D B 00700 000","","","Commercial","5/17/2024"
"NANTO HEIDI","WATER AVENUE NORTH  122","126C","G","009.00","000","126C G 00900 000","","","Commercial","7/8/2020"
"NAPLES FAMILY PROERTIES LLC","SAVELY DRIVE  244","160F","F","028.00","000","160F F 02800 000","BRIARCLIFF ESTATE SEC 2","118","Commercial","8/17/2018"
"NAPLES FAMILY PROERTIES LLC","EVERGREEN CIRCLE  185","160F","F","029.00","000","160F F 02900 000","BRIARCLIFF ESTATE SEC 2","119","Commercial","8/17/2018"
"NAPLES FAMILY PROERTIES LLC","HAVEN STREET  107","163D","E","006.00","000","163D E 00600 000","HICKORY HAVEN","19","Commercial","8/17/2016"
"NAPLES FAMILY PROERTIES LLC","BAY SHORE DRIVE  173","169D","B","004.00","000","169D B 00400 000","CUMBERLAND HILLS SEC N RESUB 6+7","6A","Commercial","8/17/2018"
"NAPLES FAMILY PROPERTIES LLC","WESSINGTON PLACE  133","159A","J","027.00","000","159A J 02700 000","COLONIAL ACRES SEC 3","243","Commercial","2/6/2020"
"NAPLES FAMILY PROPERTIES LLC","SANDERS FERRY ROAD  124","160M","C","016.00","000","160M C 01600 000","","2","Commercial","8/17/2018"
"NAPLES FAMILY PROPERTIES, LLC","WESSINGTON PLACE  135","159A","J","028.00","000","159A J 02800 000","COLONIAL ACRES SEC 3","242","Commercial","3/3/2020"
"NASHBOUND PROPERTIES LLC","EAST MAIN STREET  623","158A","A","002.00","000","158A A 00200 000","BLUEGRASS PROFESSIONAL PARK","2","Commercial","5/21/2025"
"NASHVILLE NORTH RVP LLC","LOUISVILLE HWY  1200","121","","187.00","000","121    18700 000","","","Commercial","8/8/2022"
"NASHVILLE PIKE CAGES BEND LLC","NASHVILLE PIKE  1955","147","","002.04","001","147    00204 001","","","Commercial","7/14/2022"
"NASHVILLE PIKE LLC","NASHVILLE PIKE  1395","136","","012.05","000","136    01205 000","","2A","Commercial","12/18/2018"
"NASHVILLE PIKE PROPERTIES LLC","NASHVILLE PIKE  1290","125","","045.00","000","125    04500 000","","","Commercial","6/12/2024"
"NASHVILLE PIKE PROPERTIES LLC","NASHVILLE PIKE  1394","136","","008.01","000","136    00801 000","NELLE EVELYN HACKETT","1","Commercial","6/12/2024"
"NATIONAL HEALTH INVESTORS INC","OLD SHACKLE ISLAND RD  370","159A","K","002.00","000","159A K 00200 000","SUMNER HEALTH CARE CENTER","1","Commercial","7/1/2026"
"NATURE BOY LLC","WINCHESTER STREET  0","126C","P","008.01","000","126C P 00801 000","","","Commercial","3/26/2024"
"NAVEL WILLIAM M ETUX MIRIAM M","ELLEN DRIVE  516","143O","A","008.00","000","143O A 00800 000","PAGE HEIGHTS SEC 3","119","Commercial","3/24/1994"
"NBP1 LLC","BUSINESS PARK CIRCLE  3099","143J","F","010.03","000","143J F 01003 000","NORTHCREEK BUSINESS PARK","22","Commercial","4/10/2024"
"NCG GALLATIN LLC ATTN: JEFFREY GEIGER","GREENSBORO DRIVE  1035","136","","016.03","000","136    01603 000","GREENSBORO VILLAGE P","2","Commercial","5/1/2006"
"NDL ASSOCIATES INC HARRISON`S LOCK SERVICE C/O","WATER AVENUE S 330 &  340","126F","B","011.00","000","126F B 01100 000","HAYNES SLOAN PROP","1","Commercial","5/30/1995"
"NDTCO TR","SUSAN DRIVE  127","163L","D","014.00","000","163L D 01400 000","HICKORY VILLAGE SEC 1","101","Commercial","4/30/2026"
"NEAL JAMES A","SANDYE AVENUE  104","033H","J","007.00","000","033H J 00700 000","PURYEAR S/D","IST","Commercial","4/6/2021"
"NEAL LEANNE R","31W HWY  2124","097","","049.00","000","097    04900 000","I. E. JERNIGAN FARM","4&5","Commercial","8/19/2016"
"NEIGUT BETTE MORRIS","STADIUM DRIVE  111","163D","A","011.01","000","163D A 01101 000","PATE REVISED","36","Commercial","5/14/2019"
"NEP TN LLC","INDIAN LAKE BLVD  203","159J","A","047.00","000","159J A 04700 000","INDIAN LAKE SEC 12 LTS 17-18, 23-25","23","Commercial","2/28/2022"
"NETWORKS U S A XXIV INC WALGREEN CO C/O","HARTSVILLE PIKE  580","113M","E","020.00","000","113M E 02000 000","SCHAMBERGER & ALLEN","LIST","Commercial","8/10/1993"
"NEW COVENANT INVESTMENT LLC","76 HWY  3212","058","","009.00","000","058    00900 000","","","Commercial","11/26/2025"
"NEW DEAL MINI STORAGE LLC","76 HWY  3235","058","","073.00","000","058    07300 000","HENDRIX S/D","4","Commercial","1/22/2021"
"NEW DEAL MINI STORAGE LLC","76 HWY  3241","058","","074.00","000","058    07400 000","HENDRIX S/D","3","Commercial","1/22/2021"
"NEW DEAL PROPERTIES","COLLEGE STREET  765","034B","A","001.00","000","034B A 00100 000","WILLIAM HUNTER PROP","1","Commercial","2/27/2004"
"NEW DEAL PROPERTIES","FIRESIDE DRIVE  103","034B","A","002.00","000","034B A 00200 000","WILLIAM HUNTER PROP","2","Commercial","2/27/2004"
"NEW DEAL PROPERTIES","FIRESIDE DRIVE  105","034B","A","003.00","000","034B A 00300 000","WILLIAM HUNTER PROP","3","Commercial","2/27/2004"
"NEW DEAL PROPERTIES","FIRESIDE DRIVE  107","034B","A","004.00","000","034B A 00400 000","WILLIAM HUNTER PROP","4","Commercial","2/27/2004"
"NEW DEAL PROPERTIES","FIRESIDE DRIVE  109","034B","A","005.00","000","034B A 00500 000","WILLIAM HUNTER PROP","5","Commercial","2/27/2004"
"NEW DEAL PROPERTIES","FIRESIDE DRIVE  111","034B","A","006.00","000","034B A 00600 000","WILLIAM HUNTER PROP","6","Commercial","2/27/2004"
"NEW ISLAND RETAIL","NEW SHACKLE ISLAND RD  264","160D","G","017.01","000","160D G 01701 000","NEW ISLAND RETAIL","1","Commercial","9/25/2008"
"NEW RESIDENTIAL BORROWER 2022-SFR1 LLC","PEBBLE CREEK DRIVE  109","160E","B","058.00","000","160E B 05800 000","PEBBLE CREEK ESTS","5","Commercial","1/13/2022"
"NEW RESIDENTIAL BORROWER 2022-SFR1 LLC","TIMBERLAKE DRIVE  176","160F","F","005.00","000","160F F 00500 000","ROLLINGBROOK TERRACE","142","Commercial","1/13/2022"
"NEW RESIDENTIAL BORROWER 2022-SFR2 LLC","IVY DRIVE  204","160L","B","007.00","000","160L B 00700 000","ROLLING ACRES SEC. 3","0104","Commercial","9/9/2022"
"NEW RESIDENTIAL BORROWER 2022-SFR2 LLC","VILLAGE COURT  103","163D","E","044.00","000","163D E 04400 000","VILLAGES OF WALTON SQUARE PH 2","111","Commercial","9/9/2022"
"NEW RESIDENTIAL BORROWER 2022-SFR2 LLC","MAPLE VIEW TRAIL  102","164C","C","022.00","000","164C C 02200 000","MAPLE ROW ESTATES SEC 10","1021","Commercial","8/3/2022"
"NEW VENTURE HOMES LLC","BRUSH HILL COURT  130","135L","E","005.00","000","135L E 00500 000","BRUSH HILL","5","Commercial","11/10/2022"
"NEW VENTURE HOMES LLC","BRUSH HILL COURT  147","135L","E","016.00","000","135L E 01600 000","BRUSH HILL","16","Commercial","11/10/2022"
"NEWELL-BERG HOLDINGS TN LLC","CALLENDER LANE  1000","159C","D","006.01","000","159C D 00601 000","","","Commercial","3/4/2021"
"NEWMAN MADELYN CHERYL","JACKSTAFF DRIVE  103","163M","A","022.00","000","163M A 02200 000","HENDERSONVILLE LAKEFRONT ESTATE SEC 2C","141","Commercial","9/20/1988"
"NEWMANS DEVELOPMENT LLC C/O PSM TN HOLDINGS LLC","LONG HOLLOW PIKE  1915","124","","119.00","000","124    11900 000","NEWMANS CROSSING PH2B  2ND REV 1","1","Commercial","7/17/2026"
"NEWTON ROBERT C NEWTON BRENDA B ETUX","MAIN STREET WEST  394","126G","A","020.00","000","126G A 02000 000","CHARLES W PAYNE ETUX","","Commercial","6/21/2010"
"NEWTON ROBERT C NEWTON BRENDA B ETUX","MAIN STREET WEST  394","126G","A","022.00","000","126G A 02200 000","CHARLES W PAYNE TR P","","Commercial","6/21/2010"
"NEWTON ROBERT C NEWTON BRENDA B ETUX","MAIN STREET WEST  394","126G","A","023.00","000","126G A 02300 000","","","Commercial","6/21/2010"
"NGUYEN THUY VUONG KHUAN + MICHAEL + ANH","WEST MAIN STREET  387","163C","F","009.00","000","163C F 00900 000","FIRST BAPTIST CHURCH","3","Commercial","5/1/2026"
"NGUYEN THUY VUONG KHUAN+MICHAEL+ANH","WEST MAIN STREET  699","163C","A","030.00","000","163C A 03000 000","FOREST RETREAT","LIST","Commercial","5/1/2026"
"NGUYEN TOM TRUNG ETUX TIFFINY THAO","VALLEY VIEW DRIVE  211","077J","A","016.00","000","077J A 01600 000","VALLEY VIEW, SEC. 1","0076","Commercial","4/21/2025"
"NHC HEALTHCARE SUMNER LLC","THORNE BOULEVARD  140","136","","022.02","000","136    02202 000","","1","Commercial","5/1/2025"
"NICKERSON PROPERTY HOLDINGS LLC","GLENBROOK WAY  1041","144","","104.03","000","144    10403 000","GLENBROOK NORTH SEC-","14-14","Commercial","2/16/2006"
"NIIST LLC","DOUGLAS BEND ROAD UNIT 1404 LOT 118  204","147","","003.00","118","147    00300 118","HARBOR CROSSING","118","Commercial","8/22/2024"
"NIIST LLC","DOUGLAS BEND ROAD UNIT 1403 LOT 119  204","147","","003.00","119","147    00300 119","HARBOR CROSSING","119","Commercial","8/22/2024"
"NIIST LLC","DOUGLAS BEND ROAD UNIT 1402 LOT 120  204","147","","003.00","120","147    00300 120","HARBOR CROSSING","120","Commercial","8/22/2024"
"NIIST LLC","DOUGLAS BEND ROAD UNIT 1401 LOT 121  204","147","","003.00","121","147    00300 121","HARBOR CROSSING","121","Commercial","8/22/2024"
"NIIST LLC","FOXLAND BLVD  1731","147J","E","021.00","000","147J E 02100 000","FOXLAND SEC 1 PH 6","1218","Commercial","6/6/2024"
"NIIST LLC","FENNER LANE  1028","147J","E","035.00","000","147J E 03500 000","FOXLAND SEC 1 PH 6","1204","Commercial","6/6/2024"
"NIXON JACK","STADIUM DRIVE  227","163C","E","021.00","000","163C E 02100 000","NOKES ADDITION","13-14","Commercial","3/23/1983"
"NIXON JACK","STADIUM DRIVE  227","163C","E","021.03","000","163C E 02103 000","NOKES ADDITION","15-16","Commercial","3/23/1983"
"NIXON JACK O","WALLACE DRIVE 503 A-B  0","143J","E","012.00","000","143J E 01200 000","PAGE HEIGHTS SEC 1","52","Commercial","3/23/1983"
"NIXON JACK O","PAGE DRIVE  501","143N","B","009.00","000","143N B 00900 000","PAGE HEIGHTS SEC 4","177","Commercial","9/17/1986"
"NIXON JACK O ETUX BRENDA","DOROTHY DRIVE  606","143J","E","024.00","000","143J E 02400 000","PAGE HEIGHTS SEC 2","84","Commercial","2/5/1986"
"NIXON JACK O ETUX BRENDA J","CALDWELL DRIVE  511","143","","078.03","000","143    07803 000","JACK NIXON PROP","1&2-2","Commercial","6/17/1999"
"NIXON JACK O ETUX BRENDA J","DOROTHY DRIVE  613","143O","A","021.00","000","143O A 02100 000","PAGE HEIGHTS SEC 2","96","Commercial","1/29/1988"
"NIXON JACK O ETUX BRENDA J","DONNA DRIVE  299","163E","F","009.00","000","163E F 00900 000","CLAIRMONT MANOR REVISED","15","Commercial","11/29/1983"
"NNN REIT, INC %SR VICE PRES ASSET MGR C/O","WEST MAIN STREET  182","159I","F","019.00","000","159I F 01900 000","","","Commercial","11/7/2018"
"NNN REIT, INC C/O EXPRESS OIL CHANGE, LLC C/O","NASHVILLE PIKE  2063","146","","037.09","000","146    03709 000","","2","Commercial","11/21/2019"
"NNN REIT, INC SR VP - ASSET MANAGER","INDIAN LAKE BLVD  291","145","","099.00","000","145    09900 000","INDIAN LAKE VILLAGE","49","Commercial","12/19/2014"
"NNN REIT, INC.","MAIN STREET EAST  309","126D","A","003.00","000","126D A 00300 000","BILL SIRLS","2","Commercial","10/13/2022"
"NOBLE ENTERPRISES INC","WEST MAIN STREET  1082","160","","049.03","000","160    04903 000","VALDA MARTZ","3","Commercial","1/2/2026"
"NORMAN ROBERT VAN","SHIVEL DRIVE  123","163D","C","028.00","000","163D C 02800 000","SHIVEL ADDN TO HENDERSONVILLE","45","Commercial","7/29/2025"
"NORRIS JOHN DEAN","NEW SHACKLE ISLAND RD  253","160E","G","003.00","000","160E G 00300 000","HUNTER APARTMENTS","","Commercial","2/15/2020"
"NORTH LAKE AUTOMOTIVE LLC","MAIN STREET WEST  240","126C","G","029.00","000","126C G 02900 000","","","Commercial","6/12/2019"
"NORTH LAKE AUTOMOTIVE LLC","MAIN STREET WEST  214","126C","G","030.00","000","126C G 03000 000","","","Commercial","4/4/2011"
"NORTH LAKE AUTOMOTIVE LLC","MAIN STREET WEST & LOCUST  0","126C","G","031.00","000","126C G 03100 000","","","Commercial","4/4/2011"
"NORTH MGT 2 LLC","SNAPDRAGON LANE  554","138C","C","017.00","000","138C C 01700 000","DURHAM FARMS PH 3 SEC 30","873","Commercial","1/30/2024"
"NORTH MGT LLC","DEVONSHIRE TRAIL  135","146O","B","012.00","000","146O B 01200 000","VILLAGE AT RIVERCHAS","28","Commercial","3/22/2024"
"NORTH MGT LLC","LA VIEW ROAD  132","164D","C","011.00","000","164D C 01100 000","WATER VIEW SEC 13","24","Commercial","5/30/2025"
"NORTH MGT LLC","CATTAIL LANE  132","164H","A","020.00","000","164H A 02000 000","WATERFORD CROSSING PH 1 SEC 2 RESUB","60","Commercial","7/7/2022"
"NORTH WATER LLC","WATER AVENUE NORTH  627","113K","G","012.00","000","113K G 01200 000","DUNCAN S/D","1","Commercial","1/9/2024"
"NORTHCREEK 42 LLC C/O ALLIANT COMML REALTY SVC LLC","BUSINESS PARK CIRCLE  3103","143J","F","010.02","000","143J F 01002 000","NORTHCREEK BUSINESS PARK","21","Commercial","10/28/2021"
"NOTHING VENTURED LLC","HATTEN TRACK ROAD  503","113G","C","001.00","000","113G C 00100 000","CLEARVIEW HGTS #5","35-40","Commercial","3/10/2017"
"NOTHING VENTURED LLC","ANTHONY STREET  794","113G","C","001.01","000","113G C 00101 000","","","Commercial","11/17/2015"
"NOTINGHAM PARTNERS LLC","SANDERS FERRY ROAD  228","164I","C","024.00","000","164I C 02400 000","SANDERS FERRY ROAD","7-9","Commercial","11/26/2014"
"NOVAK ERVEN N & LINDA A TR NOVAK FAMILY LIVING TRUST","SUSAN DRIVE  101","163L","D","001.00","000","163L D 00100 000","HICKORY VILLAGE SEC 1","88","Commercial","5/23/2024"
"NR SN TENNESSEE A LLC","EMMETT DRIVE PVT  200","077","","002.00","001","077    00200 001","HONEY RUN","200","Commercial","1/12/2022"
"NR SN TENNESSEE A LLC","BECKS PLACE  548","114L","F","029.00","000","114L F 02900 000","CUMBERLAND POINT PH1","29","Commercial","12/28/2021"
"NR SN TENNESSEE A LLC","HARPER DEAN WAY  1003","127G","A","034.00","000","127G A 03400 000","","34","Commercial","11/15/2021"
"NR SN TENNESSEE A LLC","KENNESAW BLVD  1120","136H","D","030.00","000","136H D 03000 000","KENNESAW FARMS PH 4 SEC 3","213","Commercial","10/14/2021"
"NUCKOLS GEORGE","BROADWAY SOUTH  109","033H","G","015.00","000","033H G 01500 000","","","Commercial","1/28/2020"
"OAK TREE PARTNERS LLC","BROADWAY EAST  345","113N","C","038.02","000","113N C 03802 000","BROWN & HAYNES","2","Commercial","7/25/2011"
"OAK TREE PARTNERS LLC","EASTLAND STREET WEST","113N","G","004.00","000","113N G 00400 000","","","Commercial","7/28/2011"
"OAK TREE PARTNERS LLC","LONG HOLLOW PIKE","125","","019.08","000","125    01908 000","","","Commercial","7/25/2011"
"OAK TREE PARTNERS LLC","LONG HOLLOW PIKE","125","","019.09","000","125    01909 000","","","Commercial","7/25/2011"
"OAK TREE PARTNERS LLC","DOROTHY JORDAN AVENUE  255","126B","D","016.00","000","126B D 01600 000","","","Commercial","7/28/2011"
"OAK TREE PARTNERS LLC","EASTLAND STREET WEST  243","126C","A","010.00","000","126C A 01000 000","TOWN CREEK RE DEV.","IST","Commercial","7/28/2011"
"OAK TREE PARTNERS LLC","FACTORY STREET  178","126F","G","020.00","000","126F G 02000 000","","","Commercial","7/25/2011"
"OAK TREE PARTNERS LLC","MAIN STREET WEST  317","126G","B","001.00","000","126G B 00100 000","","","Commercial","4/3/2024"
"OAK TREE PARTNERS LLC","MAIN STREET WEST  STE. M  335","126G","B","003.00","000","126G B 00300 000","CHARLES M HAYNES TRU","1","Commercial","7/25/2011"
"OAK TREE PARTNERS LLC","MAIN STREET WEST  359","126G","B","003.00","001","126G B 00300 001","","","Commercial","7/25/2011"
"OAK TREE PARTNERS LLC","NASHVILLE PIKE  1711","136","","029.04","000","136    02904 000","","","Commercial","5/11/2022"
"OAK TREE PARTNERS LLC","DOUGLAS BEND ROAD  210","147","","003.03","000","147    00303 000","","","Commercial","12/15/2021"
"OAK TREE PARTNERS LLC C/O SITEONE LANDSCAPE SUPPLIES","LONG HOLLOW PIKE  1270","125","","019.03","000","125    01903 000","GALLATIN DEV CO PROP","","Commercial","7/25/2011"
"OAKMONT PARTNERSHIP ANN DRAYTON C/O","BLYTHE AVENUE  0","113N","A","004.00","000","113N A 00400 000","","","Commercial","12/30/2005"
"OAKMONT PARTNERSHIP ANN DRAYTON C/O","BLYTHE AVENUE  0","113N","A","006.00","000","113N A 00600 000","","","Commercial","12/30/2005"
"OAKMONT PARTNERSHIP ANN DRAYTON C/O","BLYTHE AVENUE  417","113N","A","007.00","000","113N A 00700 000","","","Commercial","12/30/2005"
"OAKMONT PARTNERSHIP ANN DRAYTON C/O","BLYTHE AVENUE  0","113N","A","018.00","000","113N A 01800 000","","","Commercial","12/30/2005"
"OAKMONT PARTNERSHIP ANN DRAYTPM C/O","BLYTHE AVENUE  0","113N","A","005.00","000","113N A 00500 000","","","Commercial","12/30/2005"
"OB NASHVILLE LLC","SAUNDERSVILLE RD  117","145","","075.00","101","145    07500C101","INDIAN LAKE VILLAGE-","33","Commercial","6/12/2019"
"OB NASHVILLE LLC","SAUNDERSVILLE ROAD  117","145","","075.00","103","145    07500C103","INDIAN LAKE VILLAGE-","33","Commercial","6/12/2019"
"OB NASHVILLE LLC","SAUNDERSVILLE RD  117","145","","075.00","105","145    07500C105","INDIAN LAKE VILLAGE-","33","Commercial","6/12/2019"
"OBEDOS LEOVIGILDO T ETUX VICTORIA A","MEADOWVIEW DRIVE  1180","135D","E","004.00","000","135D E 00400 000","SPRINGBROOK SEC 2 REV","70","Commercial","6/29/2007"
"OBRIEN STEPHEN","HARTSVILLE PIKE  612","113M","E","022.00","000","113M E 02200 000","SCHAMBERGER & ALLEN","LIST","Commercial","4/14/2022"
"OCONNELL ELIZABETH CARTER MARY","BRITTAN STREET","159E","B","014.00","000","159E B 01400 000","","","Commercial","5/28/2020"
"OCTOBER SKY TN LLC","WALTON FERRY ROAD  0","163D","C","003.01","000","163D C 00301 000","","","Commercial","8/23/2016"
"ODGEN IRA PROPERTIES LLC","LOUANN LANE  109","145I","B","008.00","000","145I B 00800 000","COLONIAL ACRES SEC.","0395","Commercial","12/21/2015"
"ODOM PETER C","BOYERS STREET SOUTH  215","126C","L","020.00","000","126C L 02000 000","","","Commercial","12/21/2001"
"ODUM PAUL R JO ANN ODUM TRUSTEES","HANCOCK STREET  327","126O","D","003.01","000","126O D 00301 000","LACKEY PROP PHASE 3","24","Commercial","3/6/2007"
"OGDEN IRA PROPERTIES LLC","MORRIS DRIVE EAST  141","126P","I","029.00","000","126P I 02900 000","GREEN WAVE PARK SEC","8","Commercial","1/14/2016"
"OGDEN IRA PROPERTIES LLC","LAURIE LANE  925","135A","C","043.00","000","135A C 04300 000","LOCK FOUR ESTATES","21","Commercial","1/11/2016"
"OGDEN IRA PROPERTIES LLC","HARRINGTON DRIVE  1432","136F","B","030.00","000","136F B 03000 000","PLANTATION TRACE PH 1","65","Commercial","8/18/2022"
"OHB PROPERTIES LLC","LOUISVILLE HWY  850","142","","011.00","000","142    01100 000","BARDELL","P/02","Commercial","5/29/2025"
"OHI ASSET (TN) WESTMORELAND LLC C/O PROPERTY VALUATION SERVICES","52E HWY NEW  1559","044","","015.04","000","044    01504 000","","","Commercial","9/30/2016"
"OHMAN CHAD","RICHLAND COURT 102 &  104","126D","D","029.00","000","126D D 02900 000","RAMSEY PLACE S/D","IST","Commercial","4/18/2024"
"OHMAN CHAD","JILL STREET","126H","A","001.00","000","126H A 00100 000","HOLLAND HGTS #2","IST","Commercial","3/2/2026"
"OHMAN CHAD","JILL STREET","126H","A","003.00","000","126H A 00300 000","HOLLAND HGTS #2","IST","Commercial","3/2/2026"
"OHMAN CHAD","JILL STREET","126H","A","004.00","000","126H A 00400 000","HOLLAND HGTS #2","0046","Commercial","3/2/2026"
"OHMAN CHAD","JILL STREET","126H","A","005.00","000","126H A 00500 000","HOLLAND HGTS #2","0047","Commercial","3/2/2026"
"OHMAN CHAD","JILL STREET","126H","A","006.00","000","126H A 00600 000","HOLLAND HGTS #2","IST","Commercial","3/2/2026"
"OHMAN CHAD","JILL STREET","126H","A","007.00","000","126H A 00700 000","HOLLAND HGTS #2","IST","Commercial","3/2/2026"
"OHMAN CHAD","JILL STREET","126H","A","008.00","000","126H A 00800 000","HOLLAND HGTS #2","IST","Commercial","3/2/2026"
"OHNING JOEL BRIAN ETUX TARA RAE","WALTON FERRY ROAD  135","163D","D","003.00","000","163D D 00300 000","","","Commercial","9/10/2025"
"OLD HICKORY CREDIT UNION","KIRBY DRIVE  103","019","","026.01","000","019    02601 000","WALTERS SUB","1","Commercial","7/2/2014"
"OLD HICKORY CREDIT UNION","EAST MAIN STREET  543","159E","A","001.02","000","159E A 00102 000","BLUEGRASS COUNTRY CLUB LT 5","5","Commercial","9/27/2000"
"OLD HICKORY HOCKEY LLC c/o JAMIE MCMURRY TR C/O","NASHVILLE PIKE  2375","146","","040.01","000","146    04001 000","AVONDALE FARMS RESUB","2","Commercial","4/14/2020"
"OLDHAM JAMES","SMALL STREET  502","113J","G","019.00","000","113J G 01900 000","CLEARVIEW HTS. NO. 1","7-11","Commercial","6/3/2008"
"OLDHAM JAMES","BLAKEMORE AVENUE NORTH  398","113O","H","017.00","000","113O H 01700 000","VERTRESS TERRACE","45-46","Commercial","4/25/2016"
"OLDHAM JAMES","BLAKEMORE AVENUE NORTH  400","113O","H","018.00","000","113O H 01800 000","VERTRESS TERRACE","47-48","Commercial","4/25/2016"
"OLDHAM JAMES","DOROTHY JORDAN AVENUE  227","126B","D","020.00","000","126B D 02000 000","","","Commercial","12/23/2024"
"OLDHAM JAMES ALEXANDER TR OLDHAM MAE MARGARET TR","CHURCH STREET  433","126B","C","005.00","000","126B C 00500 000","","","Commercial","12/9/2021"
"OLDHAM JAMES ALEXANDER TR OLDHAM MAE MARGARET TR","BROADWAY WEST  161","126C","B","005.00","000","126C B 00500 000","TOWN CREEK RE DEV.-U","IST","Commercial","12/9/2021"
"OLDHAM JAMES OLDHAM MAE TRS","BLYTHE AVENUE  614","113J","C","018.00","000","113J C 01800 000","","","Commercial","3/26/2008"
"OLDHAM JAMES OLDHAM MAE TRS","BLYTHE AVENUE  620","113J","C","019.01","000","113J C 01901 000","","","Commercial","3/26/2008"
"OLDHAM JAMES OLDHAM MAE TRS","BLYTHE AVENUE  642","113J","C","020.00","000","113J C 02000 000","","","Commercial","3/26/2008"
"OLDHAM JAMES OLDHAM MAE TRS","BLYTHE AVE  709","113K","A","010.00","000","113K A 01000 000","","","Commercial","3/26/2008"
"OLDHAM JAMES OLDHAM MAE TRS","BLAKEMORE AVENUE NORTH  402","113O","H","019.00","000","113O H 01900 000","VERTRESS TERRACE","IST","Commercial","3/26/2008"
"OLDHAM JAMES OLDHAM MAE TRS","BLAKEMORE AVENUE NORTH  404","113O","H","020.00","000","113O H 02000 000","VERTREES TERRACE","IST","Commercial","3/26/2008"
"OLDHAM JAMES OLDHAM MAE TRS","BLAKEMORE AVENUE NORTH  397","113O","J","007.00","000","113O J 00700 000","VERTRESS TERRACE","IST","Commercial","3/26/2008"
"OLIPHANT CHRISTOPHER S OLIPHANT JULIE L ETUX","WALTON FERRY ROAD  127","160M","C","008.00","000","160M C 00800 000","","","Commercial","7/9/2021"
"OLIVE BRANCH-PORTLAND LLC","WEST KNIGHT STREET  0","033P","A","013.00","000","033P A 01300 000","","","Commercial","9/9/2021"
"OLIVE BRANCH-PORTLAND LLC","SOUTH BROADWAY  403","033P","A","013.00","001","033P A 01300 001","","","Commercial","9/9/2021"
"OLIVE BRANCH-PORTLAND LLC","WEST KNIGHT STREET 110A  0","033P","A","013.00","003","033P A 01300 003","","","Commercial","9/9/2021"
"OLIVE BRANCH-PORTLAND LLC","WEST KNIGHT STREET","033P","A","013.00","004","033P A 01300 004","","","Commercial","9/9/2021"
"OLIVE BRANCH-PORTLAND LLC","KNIGHT STREET","033P","A","014.00","000","033P A 01400 000","","","Commercial","9/9/2021"
"OLYMPUS BORROWER 1 LLC","AUGUSTA COURT  107","163L","D","044.00","000","163L D 04400 000","GATES OF THE PENINSULA PH 3 SEC 5","48","Commercial","11/30/2021"
"OLYMPUS BORROWER LLC","MANSKER DRIVE  1016","120K","A","025.00","000","120K A 02500 000","NORTH POINTE PHASE I","44","Commercial","12/16/2021"
"OLYMPUS OIKOS LLC LLC","BUSINESS PARK CIRCLE  3012","143J","F","004.01","000","143J F 00401 000","NORTHCREEK BUSINESS PARK SEC 12 RES 2","2","Commercial","10/8/2024"
"OM SAI 3/INC","MAIN STREET WEST  221","126C","H","004.00","000","126C H 00400 000","KING & QUEEN SUB","2","Commercial","8/12/2020"
"OM SHREE DURGA LLC","52E HWY  1820","032","","059.00","000","032    05900 000","PARSLEYS 66","","Commercial","10/22/2024"
"OM VINAYAK 105 LLC","GWEN AVENUE","126A","A","007.00","000","126A A 00700 000","MEADOWBROOK ADD 2","60","Commercial","8/27/2025"
"OM VINAYAK 105 LLC","ELECTRA STREET NORTH","126A","B","001.00","000","126A B 00100 000","MEADOWBROOK NO. 2","0012","Commercial","5/3/2024"
"OM VINAYAK 105 LLC","ELECTRA STREET NORTH","126A","B","002.00","000","126A B 00200 000","MEADOWBROOK NO. 2","0013","Commercial","5/3/2024"
"OM VINAYAK 105 LLC","ELECTRA STREET NORTH","126A","B","003.00","000","126A B 00300 000","MEADOWBROOK NO. 2","0014","Commercial","5/3/2024"
"OMC PROPERTIES LLC","BAYVIEW DRIVE  1118","157J","A","035.00","000","157J A 03500 000","SUNSET BAY RESORT","93","Commercial","6/12/2025"
"OMC PROPERTIES LLC","BOSTRING DRIVE  119","160D","F","010.00","000","160D F 01000 000","TOWN AND COUNTRY EST","0124","Commercial","6/12/2025"
"OMC PROPERTIES LLC","BOSTRING DRIVE  106","160D","F","020.00","000","160D F 02000 000","TOWN AND COUNTRY EST","0010","Commercial","6/12/2025"
"OMC PROPERTIES LLC","BOSTRING DRIVE  104","160D","F","021.00","000","160D F 02100 000","TOWN AND COUNTRY EST","0011","Commercial","6/12/2025"
"OMC PROPERTIES LLC","WINDING WAY DRIVE  108","160E","A","012.00","000","160E A 01200 000","BROOKLAWN TERRACE SE","0107","Commercial","6/12/2025"
"OOM PROPERTY MANAGEMENT","SANDERS FERRY ROAD  240","164I","C","023.01","000","164I C 02301 000","WALNUT HILLS ESTATES SEC 1","PO308","Commercial","4/23/2009"
"OPENDOOR PROPERTY TRUST I","COLLEGE STREET  844","034A","A","004.00","000","034A A 00400 000","HWY 52W SUBD","3","Commercial","3/30/2026"
"OPENDOOR PROPERTY TRUST I","DOUBLE TREE LANE  1040","090J","A","017.00","000","090J A 01700 000","SHILOH","17","Commercial","5/20/2026"
"OPENDOOR PROPERTY TRUST I","LANGWOOD DRIVE  1208","135E","E","019.01","000","135E E 01901 000","SPRINGBROOK SEC 3 RES98-99+101-107","8","Commercial","6/12/2026"
"OPENDOOR PROPERTY TRUST I","COUNTRY HILLS DRIVE  101","137P","B","026.00","000","137P B 02600 000","COUNTRY HILLS SEC 1","1","Commercial","4/30/2026"
"OPENDOOR PROPERTY TRUST I","COLE COURT  100","159I","B","030.00","000","159I B 03000 000","OAKVALE SEC 3C","199","Commercial","2/18/2021"
"OREILLY AUTOMOTIVE INC THOMSON REUTERS PTS C/O","WATER AVENUE SOUTH  1209","135D","F","002.00","000","135D F 00200 000","CROSSINGS SEC 3 RES 2+3","2","Commercial","3/30/2006"
"OREILLY AUTOMOTIVE STORES INC","BROADWAY EAST  447","113M","A","018.00","000","113M A 01800 000","31E COMMERCIAL TRACT","1","Commercial","7/18/2018"
"ORGAIN RICHARD TAYLOR F WILLIAM","INDIAN LAKE ROAD  131","159O","D","002.00","000","159O D 00200 000","MAPLE ROW BOULEVARD","2","Commercial","1/3/2020"
"ORICA USA INC","RADER ROAD  1200","118","","143.01","000","118    14301 000","","","Commercial","3/30/1998"
"OSBORNE MARK D","COMMONS DRIVE  600","126J","C","001.00","000","126J C 00100 000","COMMONS-SOUTHWEST DE","1A-P/O1","Commercial","12/11/2020"
"OSHKOSH AAP LLC","VILLAGE GREEN CROSS  1009","126I","A","020.00","000","126I A 02000 000","VILLAGE GREEN CROSSI","1","Commercial","3/9/2021"
"OSPREY HOLDINGS LLC","INDIAN LAKE BLVD  242","145","","087.00","000","145    08700 000","INDIAN LAKE VILLAGE-","37","Commercial","11/7/2014"
"OUM SOLYDA","STADIUM DRIVE  130","163D","A","002.00","000","163D A 00200 000","PATE","54-56","Commercial","8/23/2018"
"OUTPOST ARMORY 4 LLC","WEST MAIN STREET  600","160N","C","027.01","000","160N C 02701 000","CORONADO CENTER SEC","2","Commercial","10/6/2023"
"OVERGROUND RAILROAD LLC C/O O W MANAGEMENT LLC","WINDSOR DRIVE  1267","157D","A","009.00","000","157D A 00900 000","WINSTON PLACE SEC 2","48","Commercial","12/1/2022"
"OVERLOOK APARTMENTS LP","HANCOCK STREET  311","126O","D","002.00","000","126O D 00200 000","SOUTHWEST DEVELOPMEN","7","Commercial","12/12/2016"
"OVIEDO PROPERTIES LLC","RIDGECREST DRIVE  113","144P","A","007.00","000","144P A 00700 000","RIDGECREST ESTATES","0046","Commercial","8/27/2021"
"OWEN DAVID","INDIAN LAKE ROAD  251","164J","F","004.00","000","164J F 00400 000","C W SHACKLEFORD","1","Commercial","7/7/2025"
"OWEN ERNEST CARLTON JR OWEN DEBBIE L ETUX","IRIS DRIVE  102","160E","A","017.00","000","160E A 01700 000","BROOKLAWN TERRACE SE","0102","Commercial","9/29/1995"
"OWEN JAMES D","STOP THIRTY ROAD  2216","145","","020.05","000","145    02005 000","","","Commercial","6/18/2015"
"OWEN JAMES DAVID","PILOT VIEW  1571","146","","033.00","000","146    03300 000","BRANHAM CORNER","5","Commercial","9/14/2012"
"OWEN JAMES DAVID","NASHVILLE PIKE  2054","146","","033.05","000","146    03305 000","BRANHAM CORNER","1","Commercial","10/19/1995"
"OWENS WILLIAM & LARRY J KEEN","HAZE HYDE HOLLOW ROAD  135","064","","044.00","001","064    04400 001","","","Commercial","12/23/2022"
"OX PROPERTIES LLC","OLD SHACKLE ISLAND RD  157","160M","B","031.00","000","160M B 03100 000","","","Commercial","4/30/2025"
"P & J PROPERTIES","NEW SHACKLE ISLAND RD  101","160N","C","039.00","000","160N C 03900 000","P & J PROP SUB-H'VIL","1-6","Commercial","12/2/1992"
"P & M INVESTMENT COMPANY LLC","NASHVILLE PIKE  1152","125M","A","019.00","000","125M A 01900 000","HOME DEPOT","2","Commercial","11/21/2022"
"P&D INVESTMENT LLC","WEST MAIN STREET  891","160O","C","012.00","000","160O C 01200 000","","","Commercial","8/30/2019"
"P&D INVESTMENT LLC","WEST MAIN STREET  891","160O","C","013.00","000","160O C 01300 000","","","Commercial","8/30/2019"
"P&D INVESTMENT LLC","LAUDERDALE COURT  115","160O","C","016.00","000","160O C 01600 000","","","Commercial","8/30/2019"
"P&D INVESTMENT LLC","LAUDERDALE COURT  0","160O","C","017.00","000","160O C 01700 000","","","Commercial","8/30/2019"
"P&F PROPERTIES INC","ROCKLAND ROAD  230","163C","A","010.00","000","163C A 01000 000","JOHN SCHAFFER","1","Commercial","1/3/2025"
"PADEN LLC","NORTH BROADWAY  818","019","","012.03","000","019    01203 000","CONSTANCE DECARL PRO","1","Commercial","2/28/2019"
"PADEN LLC","NORTH BROADWAY  0","019","","012.06","000","019    01206 000","","","Commercial","2/28/2019"
"PADEN LLC","NORTH BROADWAY  818","019","","012.09","000","019    01209 000","","","Commercial","2/28/2019"
"PADRE PIO PROPERTIES LLC","109N HWY OLD  1234","104","","052.00","000","104    05200 000","R. B. MYERS ETAL","0010","Commercial","2/13/2020"
"PADRE PIO PROPERTIES LLC","MORRISON STREET  257","126F","E","014.00","000","126F E 01400 000","","","Commercial","2/13/2020"
"PADRE PIO PROPERTIES LLC","SCHELL STREET WEST  307","126F","F","014.00","000","126F F 01400 000","WEST SCHELL ADD","07-8","Commercial","2/13/2020"
"PAGODA 4 LLC","PLUMLEE DRIVE  138","163D","G","015.02","000","163D G 01502 000","BARNES ESTATES","5","Commercial","9/21/2022"
"PAISAN PROPERTIES LLC","WESSINGTON PLACE  115","159A","K","006.00","000","159A K 00600 000","COLONIAL ACRES SEC 3","259","Commercial","9/19/2022"
"PAISAN PROPERTIES LLC","CRESTMONT DRIVE  203","160F","E","019.00","000","160F E 01900 000","ROLLING ACRES SEC. 5","0182","Commercial","9/19/2022"
"PAISAN PROPERTIES LLC","WALTON VILLAGE DRIVE  127","163D","E","067.00","000","163D E 06700 000","VILLAGES OF WALTON S","134-134","Commercial","5/19/2021"
"PAISAN PROPERTIES LLC","SHADYDALE LANE  117","169A","B","013.00","000","169A B 01300 000","PENINSULA PARK","20","Commercial","9/19/2022"
"PAJDAK PREDRAG","SMITH STREET  313","126D","A","018.00","000","126D A 01800 000","","","Commercial","9/1/2016"
"PAJDAK PREDRAG","PARDUE AVENUE  215","126D","B","006.00","000","126D B 00600 000","","","Commercial","2/10/2012"
"PALADIN PROPERTIES LLC","WATERFORD WAY  126","146O","E","003.00","000","146O E 00300 000","RIVER CHASE","538","Commercial","11/25/2020"
"PALADIN PROPERTIES LLC","FAIRWAYS DRIVE  145","159C","A","009.00","000","159C A 00900 000","SCOTTISH HIGHLANDS SEC 3","120","Commercial","8/20/2018"
"PALAZZO BEVERLY B JOSEPH GREGORY BURGESS","WATER AVENUE SOUTH  1414","135","","027.05","000","135    02705 000","","","Commercial","1/4/2016"
"PALOMINO SALVADOR ZARAGOZ","LOUISVILLE HWY  1351","121","","081.01","000","121    08101 000","VALLEY VIEW 1","","Commercial","12/27/2018"
"PAPPAS ESTATES LLC","HUBERT DRIVE","113G","D","011.00","000","113G D 01100 000","CLEARVIEW HGTS NO. 7","27","Commercial","9/19/2022"
"PAPPAS ESTATES LLC","SCOTT DRIVE  758","113G","D","015.00","000","113G D 01500 000","CLEARVIEW HGTS NO. 7","23","Commercial","9/19/2022"
"PARDUE JASON ETUX ROXANNE","ODOMS BEND ROAD  244","149","","006.03","000","149    00603 000","","","Commercial","12/22/2023"
"PARIKH AJAYKUMAR C PATEL RAMIL V ETUX","31W HWY  6110","001","","002.00","000","001    00200 000","","","Commercial","12/9/2016"
"PARK & TUCKER & HOLLEMAN PARTNERSHIP","BROADWAY EAST  1412","112H","A","029.00","000","112H A 02900 000","GALLATIN MALL CONSOLDATION 26-27","1","Commercial","2/10/2025"
"PARK PLACE RETIREMENT INV GREYSTONE SER FARES C/O","EXECUTIVE PARK DRIVE  31","163C","F","002.05","000","163C F 00205 000","IMPERIAL SQUARE SEC 16","1","Commercial","3/7/2003"
"PARKER BRENTON M PARKER CAROLYN ETUX","CONNIE DRIVE  103","163L","F","002.00","000","163L F 00200 000","HICKORY VILLAGE SEC 1","2","Commercial","7/19/2022"
"PARKER GENERAL PARTNERSHIP","GARLAND COURT  109","075O","A","010.00","000","075O A 01000 000","BROWN ESTATES SEC 2","10","Commercial","6/16/2023"
"PARKER GENERAL PARTNERSHIP","MONROE COURT  1307","114J","D","026.00","000","114J D 02600 000","CAMBRIDGE FARMS PH 6","537","Commercial","6/16/2023"
"PARKER GENERAL PARTNERSHIP","LYNN DRIVE  104","169P","C","025.00","000","169P C 02500 000","CURTISWOOD SEC 1","10","Commercial","6/16/2023"
"PARKER RAY S ETUX ETHEL M","52E HWY OLD  451","031","","053.02","000","031    05302 000","","","Commercial","5/28/2004"
"PARKS ERIC BRENT TR ERIC BRENT & AMY LYNN PARKS LIVING TRUST","OLD SHACKLE ISLAND RD  0","159I","D","002.01","000","159I D 00201 000","NOKES HEIGHTS ADDN #2","2","Commercial","12/9/2024"
"PARKSIDE WATERFORD LLC","LAKESIDE PARK DRIVE  0","163E","B","003.02","000","163E B 00302 000","","","Commercial","12/16/2016"
"PARKVIEW GALLATIN LLC ATTN: PHILIP R PETERS","NASHVILLE PIKE  1305","136","","041.00","000","136    04100 000","LOWES HOME CENTERS I","6","Commercial","1/14/2022"
"PARSONS JONATHAN A PARSONS JOSIE A ETUX","WATER AVENUE SOUTH  425","126F","C","002.00","000","126F C 00200 000","","","Commercial","6/14/2017"
"PARSONS RAND ETUX CAROL ANN","JOSLIN AVENUE  526","126O","C","022.00","000","126O C 02200 000","HALEWOOD EST SEC 5","51","Commercial","7/3/1989"
"PARSONS TC ETUX SHEELAH AT&T NETWORK REAL ESTATE RE: 10061760 C/","TYREE SPRINGS ROAD  3388","100","","015.04","001","100    01504 001","","","Commercial",""
"PARTHENON INVESTMENT PARTNERS LLC","CARRIAGE HOUSE LANE  438","146G","A","001.00","000","146G A 00100 000","","384","Commercial","9/8/2015"
"PARTHENON INVESTMENT PARTNERS LLC","INNSBROOKE AVENUE  957","146H","B","012.00","000","146H B 01200 000","MILLSTONE","12","Commercial","9/28/2015"
"PARTHENON INVESTMENT PARTNERS LLC","SANDPIPER CIRCLE  110","170K","C","002.00","000","170K C 00200 000","WINDSTAR BAY SEC 5A","61","Commercial","12/23/2014"
"PARTNER REAL ESTATE GROUP","HANCOCK STREET  355","126O","D","004.04","001","126O D 00404C001","LINCOLN CONDOMINIUMS","1-20","Commercial","12/19/2024"
"PARTNER REAL ESTATE GROUP","HANCOCK STREET  355","126O","D","004.04","002","126O D 00404C002","LINCOLN CONDOMINIUMS","2-20","Commercial","7/13/2022"
"PARTNER REAL ESTATE GROUP","INDIAN LAKE BLVD  131","159J","A","030.00","001","159J A 03000C001","ABGK CONDO-INDIAN LA","100-6","Commercial","1/12/2022"
"PARTNERS FOR GYMNASTICS LLC","HANCOCK STREET  301","126O","D","001.00","000","126O D 00100 000","SOUTHWEST DEV PR REP","6A","Commercial","3/24/2008"
"PATEL 1 LLC","EASTLAND STREET WEST  661","113O","N","008.00","000","113O N 00800 000","MARY ALICE HARPER PR","2","Commercial","6/8/2020"
"PATEL 2 LLC","WESTLAND AVENUE SOUTH  948","126M","A","003.00","000","126M A 00300 000","DRIVERS S/D","4","Commercial","4/3/2023"
"PATEL 2 LLC","WESTLAND AVENUE SOUTH  944","126M","A","004.00","000","126M A 00400 000","DRIVERS ADD","5","Commercial","4/3/2023"
"PATEL 2 LLC","WESTLAND AVENUE SOUTH  940","126M","A","005.00","000","126M A 00500 000","","","Commercial","4/3/2023"
"PATEL 2 LLC","WESTLAND AVENUE SOUTH  930","126M","A","006.00","000","126M A 00600 000","","","Commercial","4/3/2023"
"PATEL 2 LLC","WESTLAND AVENUE SOUTH","126M","A","006.00","001","126M A 00600 001","","","Commercial","4/3/2023"
"PATEL 2 LLC","WESTLAND AVENUE SOUTH  928","126M","A","006.00","002","126M A 00600 002","","","Commercial","4/3/2023"
"PATEL 2 LLC","COLES FERRY ROAD  122","126M","A","023.00","000","126M A 02300 000","M M FORD ADD","IST","Commercial","4/2/2025"
"PATEL 2 LLC","COLES FERRY ROAD  132","126M","A","026.00","000","126M A 02600 000","","","Commercial","6/18/2021"
"PATEL 2 LLC","COLES FERRY ROAD  136","126M","A","027.00","000","126M A 02700 000","","","Commercial","9/10/2025"
"PATEL 3 LLC","WATER AVENUE SOUTH  428","126F","F","018.00","000","126F F 01800 000","","","Commercial","3/22/2022"
"PATEL AASHISH P","CEMETERY AVENUE  0","126C","H","018.00","000","126C H 01800 000","","","Commercial","4/30/2013"
"PATEL AASHISH P","SMITH STREET  0","126C","H","018.01","000","126C H 01801 000","","","Commercial","4/30/2013"
"PATEL ASHOK","OLD SHACKLE ISLAND RD  236","159I","C","038.00","000","159I C 03800 000","","","Commercial","4/3/2024"
"PATEL ASHOK","WALTON FERRY ROAD  133","163D","D","002.00","000","163D D 00200 000","","","Commercial","7/6/2021"
"PATEL ASHOK","NOKES DRIVE  102","163E","A","015.00","000","163E A 01500 000","NOKES ADDN TO HENDERSONVILLE","5-6","Commercial","11/27/2024"
"PATEL ASHOK PATEL VANITA ETUX","VULCO DRIVE 177A-B  0","170M","C","006.00","000","170M C 00600 000","LAKESIDE PARK SEC 4","117","Commercial","6/11/2020"
"PATEL BACHU ETUX PATEL GITABEN B","LOUISVILLE HWY  848","142","","006.00","000","142    00600 000","","","Commercial","11/13/2009"
"PATEL CHHITUBHAI R","231S HWY  1805","085","","040.00","000","085    04000 000","","","Commercial","12/8/2023"
"PATEL CHIRAG NATWAR PATEL PARUL CHIRAG ETUX","52 HWY  691","033","","071.00","000","033    07100 000","","","Commercial","6/30/2022"
"PATEL CHIRAG NATWAR PATEL PARUL CHIRAG ETUX","52 HWY  703","033","","071.11","000","033    07111 000","","","Commercial","6/30/2022"
"PATEL DHARMENDRA ETUX ILABEN","31W HWY  2904","077P","A","008.03","000","077P A 00803 000","R AND C ENTERPRISE PROP.","2","Commercial","10/18/2024"
"PATEL HARSHARD PATEL URMILABEN VITTHALBHAI ETUX","31W HWY  977","141","","049.00","000","141    04900 000","DEANA GIBBA PROPERTY","1-1","Commercial","6/6/2022"
"PATEL JAYANTILAL V ETUX HASHUMATI","FORKS ROAD  844","142","","006.02","000","142    00602 000","HEE-HAW MOTEL","","Commercial","11/1/1985"
"PATEL KAMALESH C PATEL MANISHABATEN K ETUX","WATER AVENUE SOUTH  911","126N","G","002.01","000","126N G 00201 000","","2","Commercial","6/1/2018"
"PATEL LALITKUMAR A PATEL PRAFULLABEN L ETUX","DOUGLAS BEND ROAD  200","147","","003.01","000","147    00301 000","FOXLAND ESTATES","11","Commercial","10/7/2019"
"PATEL LLC","BLYTHE AVENUE  301","113N","H","025.00","000","113N H 02500 000","","","Commercial","6/8/2020"
"PATEL NAYAN MARVIN F POER & CO C/O","INDIAN LAKE BLVD  302","145","","077.01","000","145    07701 000","INDIAN LAKE VILLAGE","13","Commercial","6/26/2018"
"PATEL SAMIRKUMAR ETUX ASHABEN","PARK STREET  1055","044D","B","016.00","000","044D B 01600 000","","","Commercial","4/29/2024"
"PATEL USHA","GARNET COURT  501","126P","J","017.00","000","126P J 01700 000","LACKEY PROP PUD RESU","1","Commercial","1/9/2017"
"PATEL USHA N","HARTSVILLE PIKE  0","112","","043.02","000","112    04302 000","ALEXANDERS CORNER","1","Commercial","7/9/2018"
"PATEL USHA NAVHINCHANDRA","GARNET COURT  505","126P","J","018.01","000","126P J 01801 000","","2B","Commercial","6/5/2018"
"PATEL VANITA","OLD SHACKLE ISLAND RD  234","159I","C","039.00","000","159I C 03900 000","OAKVALE SEC 3A","COMM TR","Commercial","2/3/2011"
"PATTERSON MICHELLE PATTERSON TRAVIS","WINCHESTER STREET EAST  155","126F","C","028.00","000","126F C 02800 000","","","Commercial","11/25/2020"
"PATTERSON PROPERTIES LLC","BELVEDERE DRIVE NORTH  180","125M","A","022.00","001","125M A 02200C001","SUMNER CROSSINGS CON","1","Commercial","3/15/2012"
"PATTERSON PROPERTIES LLC","BELVEDERE DRIVE NORTH  180","125M","A","022.00","002","125M A 02200C002","SUMNER CROSSINGS CON","2","Commercial","3/7/2008"
"PATTERSON PROPERTIES LLC","BELVEDERE DRIVE NORTH  180","125M","A","022.00","003","125M A 02200C003","SUMNER CROSSINGS CON","3","Commercial","3/7/2008"
"PATTERSON PROPERTIES LLC MARY KATHERINE BULLARD","BELVEDERE DRIVE NORTH  180","125M","A","022.00","004","125M A 02200C004","SUMNER CROSSINGS CON","4","Commercial","7/1/2010"
"PATTON BENJAMIN D","SCOTTY PARKER ROAD  1618","104","","005.01","000","104    00501 000","TED & JUANITA PAYNE PROP","1","Commercial","12/17/2024"
"PAYNE DALE R","POWELL DRIVE  113","163D","B","021.00","000","163D B 02100 000","C L POWELL","5,PO6","Commercial","5/15/2006"
"PAYNE DALE R","POWELL DRIVE  115","163D","B","022.00","000","163D B 02200 000","C L POWELL","LIST","Commercial","1/6/2000"
"PAYNE DALE R ETUX JENNIFER R","SHIVEL DRIVE  231","163E","A","023.00","000","163E A 02300 000","NOKES ADDN TO HENDERSONVILLE","20-25","Commercial","5/9/2024"
"PAYNE DALE R PAYNE JENNIFER D ETUX","POWELL DRIVE  116","163D","A","027.00","000","163D A 02700 000","C L POWELL","26","Commercial","3/26/2021"
"PAYNE DALE R PAYNE JENNIFER D ETUX","POWELL DRIVE  108","163D","A","030.00","000","163D A 03000 000","C L POWELL","29","Commercial","4/12/2019"
"PAYNE ELAINE","INDIAN LAKE BLVD  165","159J","A","021.16","106","159J A 02116C106","INDIAN LAKE OFFICES","106","Commercial","10/5/2017"
"PAYNE NICHOLAS PAYNE SHANNON ETUX","COUNTRY CLUB DRIVE  100","159K","C","016.00","002","159K C 01600C002","CLUB PLACE OFFICE CO","B 102","Commercial","9/29/2021"
"PAZOOKI MOSTAFA","SLATERS CREEK ROAD  0","119","","026.00","000","119    02600 000","","","Commercial","3/4/2015"
"PCW NASHVILLE REAL ESTATE I LLC","BONITA PARKWAY","159K","A","023.01","000","159K A 02301 000","LOT 5 MAPLES COMMERCIAL RESUB 1","5","Commercial","7/14/2022"
"PEACH VALLEY PROPERTIES LLC","RIDGECREST DRIVE  1055","120","","032.00","000","120    03200 000","","","Commercial","8/19/2025"
"PEACH VALLEY PROPERTIES LLC","RIDGECREST DRIVE  1055","120","","032.02","000","120    03202 000","","","Commercial","8/19/2025"
"PEAK HENDERSONVILLE LLC ATTN BEN PAIGE","SAUNDERSVILLE ROAD  1065","146","","004.02","000","146    00402 000","SAUNDERSVILLE CONSOLIDATION PLAT","","Commercial","1/8/2026"
"PEDCOR INVESTMENTS","ALBRIGHT FARMS DRIVE  199","126","","001.03","000","126    00103 000","","1","Commercial","12/8/2016"
"PEDIATRIC ENTERPRISES HARLETTA SPENCER","HARTSVILLE PIKE  648","113M","E","026.00","000","113M E 02600 000","SCHAMBERGER & ALLAN","LIST","Commercial","1/10/2006"
"PEDIGO GALLATIN PROPERTIES LP","BLUE JAY WAY  855","136D","C","003.00","000","136D C 00300 000","EAST CAMP BUSINESS PARK","3","Commercial","12/24/2004"
"PEDIGO JERROLD D TR","TULIP POPLAR DRIVE  1441","125M","A","001.04","000","125M A 00104 000","","","Commercial","8/12/2012"
"PEEK CLIFFORD ERIC & DIANE TORRI TRS CLIFFORD ERIC PEEK AND DIANE TORRI PEEK","HURT ROAD  0","139","","036.00","001","139    03600 001","","","Commercial","4/29/2025"
"PEGRAM DAVID RAY","ROLLING ACRES DRIVE  108","097E","C","002.00","000","097E C 00200 000","ROLLING ACRES SEC 1","1","Commercial","4/26/2024"
"PEGRAM LISA DARLENE","PAGE DRIVE  405","143N","B","011.00","000","143N B 01100 000","PAGE HEIGHTS SEC 4","179","Commercial","4/26/2024"
"PELLEGRIN JOHN","MAIN STREET WEST  111","126C","J","010.00","000","126C J 01000 000","CORDELL HULL OFFICE","1","Commercial","5/12/1989"
"PELLEGRIN JOHN","MAIN STREET WEST  0","126C","J","012.00","000","126C J 01200 000","CORDELL HULL OFFICE","3","Commercial","5/12/1989"
"PEMERTON RANDY K & SUZANNE M TRS OF RK & S PEMERTON RT","WILLIS BRANCH ROAD  1237","143","","052.01","001","143    05201 001","","","Commercial","9/26/2023"
"PENICK SHERRI L","EDGEWOOD DRIVE  155","164P","C","039.00","000","164P C 03900 000","OAKWOOD VILLA SEC 1 REV","3","Commercial","7/28/2006"
"PENICK SHERRI L","EDGEWOOD DRIVE  152","164P","C","041.00","000","164P C 04100 000","OAKWOOD VILLA SEC 1 REV","5","Commercial","3/10/2002"
"PENTEM PROPERTIES LLC","EASTLAND STREET EAST  156","113N","C","003.00","000","113N C 00300 000","","","Commercial","10/15/2025"
"PERALES NORBERTO BALDERAS SUSAN ETUX","TAMMY DRIVE  209","104J","A","019.00","000","104J A 01900 000","GREEN MEADOW","9","Commercial","9/9/2019"
"PERALES NORBERTO BALDERAS SUSANA ETUX","EDGEWOOD DRIVE  1162","135D","E","026.00","000","135D E 02600 000","SPRINGBROOK SEC 2 RES 27-54","40","Commercial","4/19/2022"
"PERDUE BILLY W TR CHARLOTTE M PERDUE TR","NORTH BROADWAY  658","019","","108.00","000","019    10800 000","","","Commercial","8/14/2026"
"PERDUE BILLY W TR JEREMY W HAMMONDS TR","FAIRFIELD ROAD  123","030","","045.00","000","030    04500 000","","","Commercial","6/16/2010"
"PERDUE BILLY W TR JEREMY W HAMMONDS TR","FAIRFIELD ROAD  109","030","","045.02","000","030    04502 000","WILLIAM DOUGLAS OAK","2","Commercial","6/16/2010"
"PERKINS STEVE ETUX TAMMY","VOLUNTEER DRIVE  60","160M","A","001.05","000","160M A 00105 000","PREMIER PARK","6","Commercial","8/16/2005"
"PERRY ROGER D ETUX CELESTE D","BUSINESS PARK CIRCLE  3050","143J","F","007.00","009","143J F 00700C009","NORTHCREEK BUSINESS PARK SEC 14 RES 11B","11B","Commercial","12/14/2009"
"PETERS HEATING & AIR CONDITIONING INC","LOUISE DRIVE  208","160O","D","008.00","000","160O D 00800 000","WILLIAM FERGUSON SEC 2","3","Commercial","1/11/2024"
"PETRIN MATTHEW THOMPSON SUZANNE","EASTLAND STREET WEST  241","126C","A","011.00","000","126C A 01100 000","","","Commercial","10/22/2019"
"PETTIS JOHN III ETUX BRANDI","SCOTTY PARKER ROAD  1887","092","","037.02","001","092    03702 001","","","Commercial","1/7/2013"
"PEYTON JENNIFER ETVIR JOSH PEYTON","WALTON FERRY ROAD  201","163D","E","016.00","000","163D E 01600 000","HICKORY HAVEN RESUB LT 1","1","Commercial","5/6/2026"
"PEYTON JENNIFER ETVIR JOSH PEYTON","WALTON FERRY ROAD  203","163D","E","016.01","000","163D E 01601 000","HICKORY HAVEN","2","Commercial","5/6/2026"
"PHILLIPS JOHN A PHILLIPS JULIE F ETUX","LOUISVILLE HWY  1189","121P","B","002.00","001","121P B 00200 001","","","Commercial","8/27/2018"
"PHILLIPS RUSSELL","BRUSH HILL COURT  174","135L","E","010.00","000","135L E 01000 000","BRUSH HILL","10","Commercial","12/5/2007"
"PHILLIPS WILMA T","CLUB CIRCLE  1409","112H","E","008.00","000","112H E 00800 000","COUNTRY CLUB ESTATES","0004","Commercial","8/26/1991"
"PIED PIPER EXTERMINATORS INC","52W HWY  401","034E","B","018.08","000","034E B 01808 000","NORTHSIDE G&L SUB SE","2","Commercial","8/3/2020"
"PIGG GARY R PIGG MARY E","SHIVEL DRIVE  116","163D","B","012.00","000","163D B 01200 000","SHIVEL ADDN TO HENDERSONVILLE","60","Commercial","10/9/2015"
"PILOT KNOB LLC","LAKELAND DRIVE  1050","136P","A","009.00","000","136P A 00900 000","STATION CAMP","PO 1","Commercial","4/7/2025"
"PILOT KNOB LLC","LAKELAND DRIVE  1050","136P","A","012.00","000","136P A 01200 000","STATION CAMP","PO 1","Commercial","4/7/2025"
"PINNACLE BANK","NOAH LANE  1534","136","","018.02","000","136    01802 000","GREENSBORO VILLAGE P","1","Commercial","7/31/2020"
"PINNACLE NASHVILLE REAL ESTATE INC","EAST MAIN STREET  270","159J","A","021.10","000","159J A 02110 000","SHOLODGE","6","Commercial","12/27/2006"
"PINNACLE STONE ENTERPRISES","WATER AVENUE NORTH  754","113F","B","002.00","000","113F B 00200 000","L M ROSS","PT 2","Commercial","4/12/2022"
"PJ PARTNERS LLC","SHUAB ROAD  220","019J","A","008.00","000","019J A 00800 000","","68","Commercial","5/14/2021"
"PJO PROPERTIES LLC","LUCY CIRCLE  436","113A","A","011.00","000","113A A 01100 000","","374","Commercial","10/10/2017"
"PJO PROPERTIES LLC","CAMBRIDGE DRIVE  101","135H","E","060.00","000","135H E 06000 000","ACADEMY ACRES SEC 1","56","Commercial","10/25/2017"
"PJO PROPERTIES LLC","HARRINGTON DRIVE  1428","136F","B","029.00","000","136F B 02900 000","PLANTATION TRACE PH 1","64","Commercial","10/16/2017"
"PJO PROPERTIES LLC","DILLON DRIVE  102","160E","E","027.00","000","160E E 02700 000","ROLLING ACRES SEC. 4","0113","Commercial","7/12/2017"
"PJO PROPERTIES LLC C/O PAMELA J OGDEN","HEDGEWAY COURT  177","114E","A","004.00","000","114E A 00400 000","TWIN EAGLES PH 2","62","Commercial","5/29/2024"
"PLAINSMAN GROUP LLC","JAMISON DRIVE  625","126","","006.00","001","126    00600 001","","","Commercial","7/28/2023"
"PLANK JERRY","EPPERSON SPRINGS ROAD  2618","044E","C","001.00","000","044E C 00100 000","JENKINS","2","Commercial","4/2/2026"
"PLAY BALL DEVELOPMENT LLC","SHIVEL DRIVE  209","163D","F","022.00","000","163D F 02200 000","SHIVEL ADDN TO HENDERSONVILLE","LIST","Commercial","5/10/2016"
"PLEXUS REALTY LLC","HUNTERS TRAIL  122","159I","F","006.01","000","159I F 00601 000","NOKES HEIGHTS ADDN #2","LIST","Commercial","1/23/2023"
"PLEXUS REALTY LLC","PAXTON DRIVE  116","164I","A","026.00","000","164I A 02600 000","WALNUT HILLS ESTATES SEC 6","25","Commercial","1/23/2023"
"PLR PROPERTIES LLC","ELLEN DRIVE  611","143N","A","007.00","000","143N A 00700 000","PAGE HEIGHTS SEC 3","136","Commercial","3/31/2026"
"PMN RESIDENTIAL BUYER LLC","CREEKVIEW LANE  3106","120L","B","003.00","000","120L B 00300 000","NORTH POINTE PH 2","139","Commercial","9/12/2022"
"POCH PROPERTIES LLC","SAUNDERSVILLE ROAD  174","145","","093.00","600","145    09300C600","","","Commercial","11/13/2015"
"POINDEXTER FLOYD LEE TR POINDEXTER BETTY TR OF","109S HWY  1380","135","","026.00","000","135    02600 000","FLOYD & BETTY POINDEXTER RESUB","1","Commercial","2/18/2020"
"POINT AT WATERFORD LLC FREEMAN WEBB INC C/O","SPADELEAF BLVD  100","163E","B","003.03","000","163E B 00303 000","","","Commercial","12/28/2016"
"POINT AT WATERFORD LLC FREEMAN WEBB INC C/O","SPADELEAF BLVD  100","164H","A","009.00","000","164H A 00900 000","WATERFORD CROSSING PH 1 SEC 1 LT 70","70","Commercial","12/28/2016"
"POKU BARIMA ETUX VICTORIA BOAHEMAA","HARTSVILLE PIKE  620","113M","E","023.00","000","113M E 02300 000","SCHAMBERGER & ALLEN","LIST","Commercial","11/19/2024"
"POOLE ELIZABETH CROWN COMMUNICATIONS C/O","FACTORY AVENUE  290","126F","G","015.00","001","126F G 01500 001","","","Commercial","12/23/2009"
"POPE JAMES ETUX REBECCA","LONG HOLLOW PIKE  640","126B","A","005.00","000","126B A 00500 000","","","Commercial","3/10/1977"
"POPESCU VIOREL F ETUX LOREDANA C","BOSTRING DRIVE  108","160D","F","019.00","000","160D F 01900 000","TOWN AND COUNTRY EST","9","Commercial","2/4/2026"
"POPKIN DANIEL MANN MARGARET WING YAN ETUX","MAPLE ROW BOULEVARD","159J","A","019.04","000","159J A 01904 000","MAPLE ROW BLVD RESUB LT 3","3","Commercial","3/1/2019"
"PORTER LAURA ANN","52 HWY NE 3803","029","","061.04","001","029    06104 001","","","Commercial","5/31/2017"
"PORTER PAUL ETUX REBECCA","SOUTH BROADWAY  934","039","","062.01","000","039    06201 000","J H CROWDER SUBD","2-10","Commercial","8/22/2007"
"PORTER ROBERT T TR","TRAIL DRIVE  735","126H","B","018.00","000","126H B 01800 000","HOLLAND HGTS #2","40","Commercial","7/22/2014"
"PORTER ROBERT T TR","TRAIL DRIVE  739","126H","B","019.00","000","126H B 01900 000","HOLLAND HGTS #2","41","Commercial","7/22/2014"
"PORTER ROBERT T TR","TRAIL DRIVE  743","126H","B","020.00","000","126H B 02000 000","HOLLAND HGTS #2","42","Commercial","7/22/2014"
"PORTER ROBERT T TR REDWING TRUST C/O","MEADOWVIEW DRIVE  1164","135D","E","008.00","000","135D E 00800 000","SPRINGBROOK SEC 2 REV","74","Commercial","7/1/2014"
"PORTICO 3 LLC","BUCKINGHAM BOULEVARD  302","114N","D","013.00","000","114N D 01300 000","CAMBRIDGE FARMS SEC","77","Commercial","3/18/2026"
"PORTICO 3 LLC","LASSITER DRIVE  2020","120K","B","011.00","000","120K B 01100 000","NORTH POINTE PHASE I","102","Commercial","3/18/2026"
"PORTICO 3 LLC","HULL LANE  105","160E","B","039.00","000","160E B 03900 000","BROOKLAWN TERRACE SE","0129","Commercial","7/1/2022"
"PORTICO 3 LLC","STADIUM DRIVE  266","163D","G","014.00","000","163D G 01400 000","BARNES ESTATES","1","Commercial","3/18/2026"
"PORTICO 3 LLC","STADIUM DRIVE  262","163D","G","014.01","000","163D G 01401 000","BARNES ESTATES","2","Commercial","3/18/2026"
"PORTLAND CARES INC","E 52 HWY  615","033","","074.07","000","033    07407 000","HARRIS ACRES","3","Commercial","10/6/2005"
"PORTLAND HALL APARTMENTS LP","MAGNOLIA SPRINGS ROAD  1155","016","","031.07","000","016    03107 000","ELM TREE ACRES","1","Commercial","1/26/2022"
"PORTLAND HARDWARE COMPANY LLC","MAIN STREET  108","033H","D","019.00","000","033H D 01900 000","","","Commercial","12/27/2022"
"PORTLAND PRESCRIPTION SHOP LLC","SOUTH BROADWAY  705","033P","A","002.01","000","033P A 00201 000","BENNIE HAWKS PROP RE","1A-1","Commercial","3/30/2017"
"PORTLAND STATION LLC A L JOHNSON C/O","BROADWAY SOUTH  301","033I","C","001.00","000","033I C 00100 000","","","Commercial","3/20/2020"
"PORTLAND TENNESSEE STORAGE LLC","NORTH BROADWAY  461","033A","B","005.00","000","033A B 00500 000","FREEDLE","04-6","Commercial","9/26/2023"
"PORTLAND TENNESSEE STORAGE LLC","NORTH BROADWAY  457","033A","B","006.00","000","033A B 00600 000","FREEDLE","02-3","Commercial","9/26/2023"
"POTTS JANE B TR OF OF POTTS MANAGEMENT TRUST","WEST MAIN STREET 334-336  0","160M","A","017.00","000","160M A 01700 000","","","Commercial","11/28/2018"
"POTTS JANE B TR OF POTTS MGMT TRUST","WEST MAIN STREET  330","160M","A","018.00","000","160M A 01800 000","","","Commercial","3/14/2020"
"POTTS JANE B TR OF POTTS MGMT TRUST","WEST MAIN STREET  230","160M","B","022.00","000","160M B 02200 000","FREEDS","","Commercial","3/14/2020"
"POTTS JANE B TR OF POTTS MGMT TRUST","OLD SHACKLE ISLAND RD  101","160M","B","023.00","000","160M B 02300 000","","","Commercial","3/14/2020"
"POTTS JANE B TR OF POTTS MGMT TRUST","OLD SHACKLE ISLAND RD  105","160M","B","024.00","000","160M B 02400 000","","","Commercial","3/14/2020"
"POTTS JANE B TR OF POTTS MGMT TRUST","OLD SHACKLE ISLAND RD  109","160M","B","025.00","000","160M B 02500 000","","","Commercial","3/14/2020"
"POTTS JANE B TR OF POTTS MGMT TRUST","OLD SHACKLE ISLAND RD  115","160M","B","026.00","000","160M B 02600 000","","","Commercial","3/14/2020"
"POTTS JANE B TR OF POTTS MGMT TRUST","OLD SHACKLE ISLAND RD  117","160M","B","027.00","000","160M B 02700 000","","","Commercial","3/14/2020"
"POTTS MICHAEL POTTS LEIGH ANN ETUX","MILL STREET  1214","044D","C","009.00","000","044D C 00900 000","MICHAEL POTTS CONSTRUCTION LLC","1","Commercial","10/19/2021"
"POTTS MICHAEL POTTS LEIGH ANN ETUX","MILL STREET  1216","044D","C","009.01","000","044D C 00901 000","MICHAEL POTTS CONSTRUCTION LLC","2A","Commercial","10/19/2021"
"POTTS MICHAEL POTTS LEIGH ANN ETUX","MILL STREET  1218","044D","C","009.02","000","044D C 00902 000","MICHAEL POTTS CONSTRUCTION LLC","2B","Commercial","10/19/2021"
"POUNDERS ROBERT V B ETUX CHERYL DARLENE","EAST MAIN STREET  247","159J","A","019.12","000","159J A 01912 000","MAPLE ROW SHOPPING CENTER","3","Commercial","3/3/2023"
"POWERS HELEN","JENNINGS DRIVE  100","170D","A","016.00","000","170D A 01600 000","LAKE CUMBERLAND ACRES","PO1","Commercial","5/12/2022"
"POWERS HELEN J","LOUISVILLE HWY  1034","141","","063.00","000","141    06300 000","","","Commercial","12/8/2000"
"POWERS JOE POWERS SANDRA J ETUX","MALLARD DRIVE  103","160O","A","005.00","000","160O A 00500 000","FOREST RETREAT","2PT1","Commercial","10/30/2020"
"POWERS JOE POWERS SANDRA J ETUX","MALLARD DRIVE  105","160O","A","006.00","000","160O A 00600 000","FOREST RETREAT","0003","Commercial","10/30/2020"
"POWERS JOE POWERS SANDRA J ETUX","MALLARD DRIVE  0","160O","A","007.00","000","160O A 00700 000","FOREST RETREAT","0004","Commercial","10/30/2020"
"POWERS STEVEN D & LORELEI TR STEVEN AND LORELEI POWERS 2023 JOINT REV","BROADWAY SOUTH  304","033H","H","030.00","000","033H H 03000 000","PORTLAND PROP LLC SU","1-1","Commercial","9/8/2023"
"PR HENDERSONVILLE INC","WEST MAIN STREET  476","160M","A","008.02","000","160M A 00802 000","KIMCO CENTER","2","Commercial","11/12/2019"
"PRD OWNER LLC ATTN: PM DEPT 13429","INDIAN LAKE BLVD","145","","100.00","000","145    10000 000","INDIAN LAKE VILLAGE","50","Commercial","10/19/2018"
"PRECISION CARE TIRE & AUTO SERVICE INC","SOUTH BROADWAY  633","033P","A","005.00","000","033P A 00500 000","","","Commercial","9/27/2024"
"PREGEL RYAN ETUA WENDY J","BROADWAY EAST  1406","112H","A","023.00","001","112H A 02300 001","GALLATIN MALL","","Commercial",""
"PREGEL RYAN ETUX WENDY J","BROADWAY EAST  1394","112H","A","016.01","000","112H A 01601 000","","","Commercial","10/25/2023"
"PREGEL RYAN ETUX WENDY J","BROADWAY EAST  1404","112H","A","023.00","000","112H A 02300 000","GALLATIN MALL","IST","Commercial","10/25/2023"
"PREMIER CENTRE LLC","VOLUNTEER DRIVE  90","160M","A","001.00","000","160M A 00100 000","PREMIER PARK","2","Commercial","1/30/2026"
"PREMIER CENTRE LLC","VOLUNTEER DRIVE  90","160M","A","001.00","001","160M A 00100 001","PREMIER PARK","2","Commercial","1/30/2026"
"PREMIER CENTRE LLC","VOLUNTEER DRIVE  90","160M","A","001.00","002","160M A 00100 002","PREMIER PARK","2","Commercial","1/30/2026"
"PREMIER CENTRE LLC","VOLUNTEER DRIVE  90","160M","A","001.00","003","160M A 00100 003","PREMIER PARK","2","Commercial","1/30/2026"
"PRESERVE AT CHANDLER DESERT LLC","HARRIS LANE  300","125","","034.02","000","125    03402 000","CHANDLER PARK PH II","2","Commercial","1/30/2025"
"PRESLEY VAN PRESLEY CHAUNDEL ETUX","AUSTIN PEAY HWY  5716","044","","117.00","000","044    11700 000","TWIN HILLS SHOP CNTR","1","Commercial","9/10/2021"
"PRICE MICHAEL T ETUX WILLOUGHBY DAVID","SAUNDERSVILLE ROAD  174","145","","093.00","201","145    09300C201","","","Commercial","7/23/2015"
"PRICE MICHAEL T ETUX WILLOUGHBY DAVID","SAUNDERSVILLE ROAD  174","145","","093.00","202","145    09300C202","","","Commercial","7/23/2015"
"PRICE MICHAEL T ETUX WILLOUGHBY DAVID","SAUNDERSVILLE ROAD  174","145","","093.00","203","145    09300C203","","","Commercial","2/6/2026"
"PRICE MICHAEL T ETUX WILLOUGHBY DAVID","SAUNDERSVILLE ROAD  174","145","","093.00","204","145    09300C204","","","Commercial","7/23/2015"
"PRIME MORRISON LLC","ROCKLAND ROAD  316","160O","D","017.01","000","160O D 01701 000","WILLIAM FERGUSON SEC 3","1","Commercial","1/12/2024"
"PRIME PROPERTIES INC","MAHARRIS DRIVE PVT  208","135C","E","005.00","000","135C E 00500 000","WINDSONG","5","Commercial","2/10/2023"
"PRIME PROPERTIES OF MIDDLE TN LLC","HAVEN STREET  125","163D","E","018.00","000","163D E 01800 000","","","Commercial","10/25/2023"
"PROFESSIONAL TRAFFIC CONTROL SERVICES LL","INDUSTRIAL PARK DRIVE  9","160N","C","032.02","000","160N C 03202 000","HENDERSONVILLE PARK-","4","Commercial","11/14/2016"
"PROGRESS NASHVILLE LLC","ELDORADO COURT  109","159N","B","026.00","000","159N B 02600 000","MAPLES, SEC. 1","20","Commercial","5/31/2022"
"PROGRESS NASHVILLE LLC","TOWNSHIP DRIVE  183","160C","C","013.00","000","160C C 01300 000","HILLWOOD SEC. 4-C,PA","77","Commercial","5/19/2022"
"PROGRESS RESDENTIAL BORROWER 2 LLC","PRIVETT COURT  101","137G","A","004.00","000","137G A 00400 000","SAUNDERSVILLE STATION PH 4 SEC 1","150","Commercial","11/21/2017"
"PROGRESS RESDENTIAL BORROWER 2 LLC","HOMESTEAD LANE  100","144N","B","010.00","000","144N B 01000 000","HOMESTEAD PLACE PH 2","38","Commercial","11/21/2017"
"PROGRESS RESDENTIAL BORROWER 2 LLC","IRIS DRIVE  270","144N","E","039.00","000","144N E 03900 000","HOMESTEAD PLACE PH 3","63","Commercial","11/21/2017"
"PROGRESS RESDENTIAL BORROWER 2 LLC","SUMNER MEADOW LANE  139","145P","G","007.00","000","145P G 00700 000","SUMNER MEADOWS PH 2","24","Commercial","11/21/2017"
"PROGRESS RESDENTIAL BORROWER 2 LLC","NORTHLAKE COURT  104","159N","H","045.00","000","159N H 04500 000","NORTHLAKE SEC 14","56","Commercial","11/21/2017"
"PROGRESS RESIDENTIAL 7 BORROWER LLC","HARMONY LANE  1008","124I","B","024.00","000","124I B 02400 000","CREEKSIDE AT STATION","C67","Commercial","4/15/2019"
"PROGRESS RESIDENTIAL 7 BORROWER LLC","NORTHLAKE DRIVE  175","159N","H","038.00","000","159N H 03800 000","NORTHLAKE SEC 14","38","Commercial","4/15/2019"
"PROGRESS RESIDENTIAL BORROWER 1 LLC","GANNETT ROAD  1008","124I","A","050.00","000","124I A 05000 000","CREEKSIDE AT STATION","C191","Commercial","7/14/2017"
"PROGRESS RESIDENTIAL BORROWER 1 LLC","STIRRUP COURT  104","144H","B","036.00","000","144H B 03600 000","MANSKER FARMS PH 10 SEC 3","497","Commercial","7/14/2017"
"PROGRESS RESIDENTIAL BORROWER 1 LLC","ROCKTON COURT  103","144K","B","004.00","000","144K B 00400 000","ALEXANDREA PLACE PH2","45","Commercial","7/14/2017"
"PROGRESS RESIDENTIAL BORROWER 1 LLC","HOMESTEAD PLACE  137","144N","E","025.00","000","144N E 02500 000","HOMESTEAD PLACE PH 3","39","Commercial","7/14/2017"
"PROGRESS RESIDENTIAL BORROWER 1 LLC","STOP THIRTY ROAD  2032","145G","A","010.00","000","145G A 01000 000","MEADOWS SEC 1","29","Commercial","7/14/2017"
"PROGRESS RESIDENTIAL BORROWER 1 LLC","EDGEWATER PLACE  106","159M","E","012.00","000","159M E 01200 000","EDGEWATER SEC 2","23","Commercial","7/14/2017"
"PROGRESS RESIDENTIAL BORROWER 1 LLC","NORTHLAKE DRIVE  131","159N","H","016.00","000","159N H 01600 000","NORTHLAKE SEC 14","16","Commercial","7/14/2017"
"PROGRESS RESIDENTIAL BORROWER 1 LLC","SUMMERLAKE PLACE  115","163D","E","019.04","000","163D E 01904 000","SUMMERLAKE SEC 3 PH 1","2","Commercial","7/14/2017"
"PROGRESS RESIDENTIAL BORROWER 1 LLC","EDGEHILL LANE  101","163L","D","023.00","000","163L D 02300 000","GATES OF THE PENINSULA","36","Commercial","7/14/2017"
"PROGRESS RESIDENTIAL BORROWER 1 LLC","COLDWATER DRIVE  111","164C","E","019.00","000","164C E 01900 000","OTTER CREEK REVISION 1","19","Commercial","7/14/2017"
"PROGRESS RESIDENTIAL BORROWER 1 LLC","RUSHING WATER COURT  104","164C","E","031.00","000","164C E 03100 000","OTTER CREEK REVISION 1","31","Commercial","7/14/2017"
"PROGRESS RESIDENTIAL BORROWER 1 LLC","LUNA LANE  135","169A","G","037.00","000","169A G 03700 000","CANDLE WOOD SEC 3","13","Commercial","7/14/2017"
"PROGRESS RESIDENTIAL BORROWER 1 LLC","LUNA LANE  185","170D","A","003.05","000","170D A 00305 000","CORNERSTONE","1","Commercial","7/14/2017"
"PROGRESS RESIDENTIAL BORROWER 1 LLC","WALTON TRACE SOUTH  107","170L","F","021.00","000","170L F 02100 000","WALTON TRACE PH 1","21","Commercial","7/14/2017"
"PROGRESS RESIDENTIAL BORROWER 11, LLC","BRAXTON LANE EAST  131","144N","D","006.00","000","144N D 00600 000","TRACE AT ALEXANDREA-","23","Commercial","10/3/2019"
"PROGRESS RESIDENTIAL BORROWER 11, LLC","IRIS DRIVE  299","144N","E","019.00","000","144N E 01900 000","HOMESTEAD PLACE PH 3","32","Commercial","10/3/2019"
"PROGRESS RESIDENTIAL BORROWER 11, LLC","IRIS DRIVE  278","144N","E","024.00","000","144N E 02400 000","HOMESTEAD PLACE PH 3","36","Commercial","10/3/2019"
"PROGRESS RESIDENTIAL BORROWER 11, LLC","SHADY VIEW DRIVE  119","144N","E","038.00","000","144N E 03800 000","HOMESTEAD PLACE PH 3","62","Commercial","10/3/2019"
"PROGRESS RESIDENTIAL BORROWER 11, LLC","BRADFORD CIRCLE  106","159K","D","005.00","000","159K D 00500 000","BRADFORD SHADE","28","Commercial","10/3/2019"
"PROGRESS RESIDENTIAL BORROWER 11, LLC","BRADFORD CIRCLE  110","159K","D","015.00","000","159K D 01500 000","BRADFORD SHADE","26","Commercial","10/3/2019"
"PROGRESS RESIDENTIAL BORROWER 11, LLC","BRAXTON LANE EAST  151","160C","E","009.00","000","160C E 00900 000","TRACE AT ALEXANDREA-","33","Commercial","10/3/2019"
"PROGRESS RESIDENTIAL BORROWER 11, LLC","WATERS EDGE LANE  119","172A","D","019.00","000","172A D 01900 000","WATERS EDGE SEC 1","19","Commercial","10/3/2019"
"PROGRESS RESIDENTIAL BORROWER 11,LLC","JESSE BROWN DRIVE  118","141D","C","027.00","000","141D C 02700 000","CIMMARON TRACE SEC 1","27","Commercial","10/3/2019"
"PROGRESS RESIDENTIAL BORROWER 11,LLC","EDGEWATER PLACE  109","159M","E","006.00","000","159M E 00600 000","EDGEWATER SEC 2","17","Commercial","10/3/2019"
"PROGRESS RESIDENTIAL BORROWER 13, LLC","HARMONY LANE  1004","124I","B","022.00","000","124I B 02200 000","CREEKSIDE AT STATION","C69","Commercial","2/22/2020"
"PROGRESS RESIDENTIAL BORROWER 13, LLC","BENJAMIN LANE  167","145K","B","002.00","000","145K B 00200 000","","117","Commercial","2/21/2020"
"PROGRESS RESIDENTIAL BORROWER 13, LLC","SOUTH BIRCHWOOD DRIVE  161","145P","E","034.00","000","145P E 03400 000","GLEN OAKS SEC 3","215","Commercial","2/21/2020"
"PROGRESS RESIDENTIAL BORROWER 13, LLC","MEADOW CREST COURT  102","145P","G","035.00","000","145P G 03500 000","SUMNER MEADOWS PH 2","77","Commercial","2/21/2020"
"PROGRESS RESIDENTIAL BORROWER 13,LLC","GANNETT ROAD  1031","124I","A","040.00","000","124I A 04000 000","CREEKSIDE AT STATION","C152","Commercial","2/21/2020"
"PROGRESS RESIDENTIAL BORROWER 14 LLC","CREEKVIEW LANE  3005","120L","A","009.00","000","120L A 00900 000","NORTH POINTE PHASE 1","121","Commercial","5/21/2020"
"PROGRESS RESIDENTIAL BORROWER 14 LLC","VICTORIA LANE EAST  109","144K","A","007.00","000","144K A 00700 000","ALEXANDREA PLACE","7","Commercial","5/21/2020"
"PROGRESS RESIDENTIAL BORROWER 16 LLC","CREEKVIEW LANE  3009","120L","A","011.00","000","120L A 01100 000","NORTH POINTE PHASE 1","123","Commercial","4/27/2021"
"PROGRESS RESIDENTIAL BORROWER 16 LLC","CREEKVIEW LANE  3102","120L","B","001.00","000","120L B 00100 000","NORTH POINTE PH 2","137","Commercial","4/27/2021"
"PROGRESS RESIDENTIAL BORROWER 16 LLC","WALTON VILLAGE DRIVE  123","163D","E","063.00","000","163D E 06300 000","VILLAGES OF WALTON SQUARE PH 3","130","Commercial","4/27/2021"
"PROGRESS RESIDENTIAL BORROWER 16 LLC","WALTON TRACE SOUTH  125","170L","H","019.00","000","170L H 01900 000","WALTON TRACE PH 3","69","Commercial","4/27/2021"
"PROGRESS RESIDENTIAL BORROWER 18 LLC","CREEKVIEW LANE  3108","120L","B","004.00","000","120L B 00400 000","NORTH POINTE PHASE 2","140","Commercial","10/19/2021"
"PROGRESS RESIDENTIAL BORROWER 18 LLC","RAIN DROP LANE  143","145J","A","015.00","000","145J A 01500 000","NORTH CREEK","15","Commercial","10/19/2021"
"PROGRESS RESIDENTIAL BORROWER 18 LLC","TOWNSHIP COURT  112","160C","C","052.00","000","160C C 05200 000","TOWNSHIP COURT SEC 2","11","Commercial","10/19/2021"
"PROGRESS RESIDENTIAL BORROWER 18 LLC","DOLPHUS DRIVE  227","169A","C","012.01","000","169A C 01201 000","JOHNSTON ESTATES SEC 1 RESUB 5","2","Commercial","10/19/2021"
"PROGRESS RESIDENTIAL BORROWER 19 LLC","VALLEY DRIVE  1013","120K","A","005.00","000","120K A 00500 000","NORTH POINTE PHASE I","4","Commercial","4/26/2022"
"PROGRESS RESIDENTIAL BORROWER 19 LLC","CLOVERFIELD COURT  121","145P","E","022.00","000","145P E 02200 000","GLEN OAKS SEC 3","199","Commercial","4/26/2022"
"PROGRESS RESIDENTIAL BORROWER 19 LLC","DOGWOOD PLACE  104","145P","F","005.00","000","145P F 00500 000","GLEN OAKS SEC 5","257","Commercial","4/26/2022"
"PROGRESS RESIDENTIAL BORROWER 19 LLC","POST OAK ROAD  104","160K","H","034.00","000","160K H 03400 000","FORREST MEADOWS SEC","22","Commercial","4/26/2022"
"PROGRESS RESIDENTIAL BORROWER 19 LLC","SUMMERLAKE PLACE  130","163D","E","034.00","000","163D E 03400 000","SUMMERLAKE SEC 4 PH 1","20","Commercial","4/26/2022"
"PROGRESS RESIDENTIAL BORROWER 2 LLC","CHISOLM TRAIL  1002","141D","G","012.00","000","141D G 01200 000","CIMMARON TRACE SEC 5","211","Commercial","7/31/2024"
"PROGRESS RESIDENTIAL BORROWER 2 LLC","OTTERMAN COURT  104","164C","E","039.00","000","164C E 03900 000","OTTER CREEK REVISION 1","39","Commercial","11/21/2017"
"PROGRESS RESIDENTIAL BORROWER 2 LLC","BREAKWATER DRIVE  213","164D","D","038.00","000","164D D 03800 000","BREAKWATER SEC 1","21","Commercial","11/21/2017"
"PROGRESS RESIDENTIAL BORROWER 2 LLC","CANDLE WOOD DRIVE  119","170D","F","001.00","000","170D F 00100 000","CANDLE WOODS SEC 5","95","Commercial","11/21/2017"
"PROGRESS RESIDENTIAL BORROWER 2 LLC","WALTON TRACE SOUTH  105","170L","F","020.00","000","170L F 02000 000","WALTON TRACE PH 1","20","Commercial","11/21/2017"
"PROGRESS RESIDENTIAL BORROWER 20 LLC","MIDDLE DAYLE DRIVE  226","016B","A","016.00","000","016B A 01600 000","","75","Commercial","6/13/2022"
"PROGRESS RESIDENTIAL BORROWER 20 LLC","HOBBS DRIVE  102","077I","A","009.00","000","077I A 00900 000","OAKVALLEY SUB","9","Commercial","6/13/2022"
"PROGRESS RESIDENTIAL BORROWER 20 LLC","ROCKY TOP STREET NORTH  434","112O","E","016.00","000","112O E 01600 000","STONEHEDGE PH 3","43","Commercial","6/13/2022"
"PROGRESS RESIDENTIAL BORROWER 20 LLC","ROSE COTTAGE CIRCLE  574","112P","F","022.00","000","112P F 02200 000","STONE COTTAGE VILLAS","22","Commercial","6/13/2022"
"PROGRESS RESIDENTIAL BORROWER 20 LLC","GAYLE AVENUE  156","113L","D","028.00","000","113L D 02800 000","TWIN OAKS EST.","0006","Commercial","6/13/2022"
"PROGRESS RESIDENTIAL BORROWER 20 LLC","WILLIAMSON ROAD  1522","120","","005.18","000","120    00518 000","","1","Commercial","6/13/2022"
"PROGRESS RESIDENTIAL BORROWER 20 LLC","LEE COURT  121","126P","I","009.00","000","126P I 00900 000","GREEN WAVE PARK SEC","67","Commercial","6/13/2022"
"PROGRESS RESIDENTIAL BORROWER 20 LLC","WOODS FERRY ROAD  1263","135","","009.01","000","135    00901 000","WAKEFIELD EST","2","Commercial","6/13/2022"
"PROGRESS RESIDENTIAL BORROWER 20 LLC","CARTWRIGHT PARK WAY  125","141D","D","014.00","000","141D D 01400 000","CIMMARON TRACE SEC 2","78","Commercial","6/13/2022"
"PROGRESS RESIDENTIAL BORROWER 20 LLC","HIGH CHAPERAL DRIVE  229","141D","D","023.00","000","141D D 02300 000","CIMMARON TRACE SEC 2","87","Commercial","6/13/2022"
"PROGRESS RESIDENTIAL BORROWER 20 LLC","JESSE BROWN DRIVE  127","141D","D","048.00","000","141D D 04800 000","CIMMARON TRACE SEC 2","112","Commercial","6/13/2022"
"PROGRESS RESIDENTIAL BORROWER 20 LLC","HILLWOOD DRIVE  103","144M","A","003.00","000","144M A 00300 000","HILLWOOD ESTS SEC II","8","Commercial","6/13/2022"
"PROGRESS RESIDENTIAL BORROWER 20 LLC","CREEKWOOD LANE  142","145I","G","034.00","000","145I G 03400 000","CREEKWOOD SEC.3A","168","Commercial","6/13/2022"
"PROGRESS RESIDENTIAL BORROWER 20 LLC","LIGHTBERRY LANE  105","146H","A","085.00","000","146H A 08500 000","STONECREST PH 1","85","Commercial","6/13/2022"
"PROGRESS RESIDENTIAL BORROWER 20 LLC","REDONDO COURT NORTH  204","159K","B","035.00","000","159K B 03500 000","MAPLES, SEC. 1","47","Commercial","6/13/2022"
"PROGRESS RESIDENTIAL BORROWER 20 LLC","BREAKWATER NORTH  118","159M","D","010.00","000","159M D 01000 000","EDGEWATER SEC 1","9","Commercial","6/13/2022"
"PROGRESS RESIDENTIAL BORROWER 20 LLC","CLOVERDALE COURT  118","160F","D","017.00","000","160F D 01700 000","ROLLING ACRES SEC. 5","0162","Commercial","6/13/2022"
"PROGRESS RESIDENTIAL BORROWER 20 LLC","TIMBERLAKE DRIVE  167","160F","G","025.00","000","160F G 02500 000","ROLLINGBROOK TERRACE","147","Commercial","6/13/2022"
"PROGRESS RESIDENTIAL BORROWER 20 LLC","BONITA PARK WAY  406","164F","E","017.00","000","164F E 01700 000","CUMBERLAND PLACE SEC 5","83","Commercial","6/13/2022"
"PROGRESS RESIDENTIAL BORROWER 20 LLC","LAKESIDE PARK DRIVE  121","170M","C","024.00","000","170M C 02400 000","LAKESIDE PARK SEC 10","127","Commercial","6/13/2022"
"PROGRESS RESIDENTIAL BORROWER 21 LLC","EAST HARBOR  100","163C","G","026.00","000","163C G 02600 000","HARBORTOWNE PHASE 1","107","Commercial","8/1/2022"
"PROGRESS RESIDENTIAL BORROWER 23 LLC","BRANHAM MILL ROAD  156","106","","018.16","000","106    01816 000","","3","Commercial","9/20/2022"
"PROGRESS RESIDENTIAL BORROWER 23 LLC","TANGLEWOOD LANE  213","138G","D","012.00","000","138G D 01200 000","DURHAM PH 1 SEC 19","209","Commercial","9/20/2022"
"PROGRESS RESIDENTIAL BORROWER 24 LLC","FLAXTON STREET  1017","124H","B","034.00","000","124H B 03400 000","CREEKSIDE AT STATION","B59","Commercial","2/13/2023"
"PROGRESS RESIDENTIAL BORROWER 24 LLC","HIGHLAND RIDGE  117","146I","E","004.00","000","146I E 00400 000","WYNCREST PHASE 5B","163","Commercial","2/13/2023"
"PROGRESS RESIDENTIAL BORROWER 25 LLC","SHUN PIKE  587","078","","031.20","000","078    03120 000","LAMBERTH SPRINGS RES","1-1","Commercial","4/4/2024"
"PROGRESS RESIDENTIAL BORROWER 25 LLC","MANSKER DRIVE  2000","120K","B","041.00","000","120K B 04100 000","NORTH POINTE PHASE I","54","Commercial","4/4/2024"
"PROGRESS RESIDENTIAL BORROWER 25 LLC","ANNAPOLIS BEND CIRCLE  119","137J","C","014.00","000","137J C 01400 000","SAUNDERSVILLE STATION PH 5 SEC 2A","408","Commercial","4/4/2024"
"PROGRESS RESIDENTIAL BORROWER 3 LLC","SHADY VIEW DRIVE  115","144N","B","017.00","000","144N B 01700 000","HOMESTEAD PLACE PH 2","60","Commercial","2/14/2018"
"PROGRESS RESIDENTIAL BORROWER 3 LLC","BURNHAM DRIVE SOUTH  1055","144N","D","052.00","000","144N D 05200 000","TRACE AT ALEXANDREA-","155","Commercial","2/14/2018"
"PROGRESS RESIDENTIAL BORROWER 3 LLC","IRIS DRIVE  277","144N","E","002.00","000","144N E 00200 000","HOMESTEAD PLACE PH 3","72","Commercial","2/14/2018"
"PROGRESS RESIDENTIAL BORROWER 3 LLC","BRADFORD CIRCLE  100","159K","D","002.00","000","159K D 00200 000","BRADFORD SHADE","31","Commercial","2/14/2018"
"PROGRESS RESIDENTIAL BORROWER 3 LLC","BRADFORD CIRCLE  113","159K","D","022.00","000","159K D 02200 000","BRADFORD SHADE","19","Commercial","2/14/2018"
"PROGRESS RESIDENTIAL BORROWER 3 LLC","BRADFORD CIRCLE  130","159K","F","040.00","000","159K F 04000 000","BRADFORD SHADE SEC 3","81","Commercial","2/14/2018"
"PROGRESS RESIDENTIAL BORROWER 3 LLC","NORTHLAKE COURT  102","159N","H","046.00","000","159N H 04600 000","NORTHLAKE SEC 14","55","Commercial","2/14/2018"
"PROGRESS RESIDENTIAL BORROWER 3 LLC","CHARLESTON COURT  102","163C","G","032.00","000","163C G 03200 000","HARBORTOWNE PH 1","101","Commercial","2/14/2018"
"PROGRESS RESIDENTIAL BORROWER 3 LLC","BENTREE DRIVE  108","164C","D","032.00","000","164C D 03200 000","BENT TREE","15","Commercial","2/14/2018"
"PROGRESS RESIDENTIAL BORROWER 3 LLC","LUNA LANE  104","164P","C","013.02","000","164P C 01302 000","LAKE HORIZON ESTATES","2","Commercial","2/14/2018"
"PROGRESS RESIDENTIAL BORROWER 3 LLC","CANDLE WOOD DRIVE  128","169A","G","058.00","000","169A G 05800 000","CANDLE WOODS SEC 4A","49","Commercial","2/14/2018"
"PROGRESS RESIDENTIAL BORROWER 3 LLC","WALTON TRACE SOUTH  104","170L","F","026.00","000","170L F 02600 000","WALTON TRACE PH 1","26","Commercial","2/14/2018"
"PROGRESS RESIDENTIAL BORROWER 4 LLC","FULMAN ROAD  1003","124I","A","007.00","000","124I A 00700 000","CREEKSIDE AT STATION","C7","Commercial","7/26/2018"
"PROGRESS RESIDENTIAL BORROWER 4 LLC","LATHAM COURT  105","137J","B","066.00","000","137J B 06600 000","SAUNDERSVILLE STATION PH 3","109","Commercial","7/26/2018"
"PROGRESS RESIDENTIAL BORROWER 4 LLC","HOMESTEAD PLACE  134","144N","A","001.00","000","144N A 00100 000","HOMESTEAD PLACE PHAS","5","Commercial","7/26/2018"
"PROGRESS RESIDENTIAL BORROWER 4 LLC","HOMESTEAD PLACE  140","144N","B","003.00","000","144N B 00300 000","HOMESTEAD PLACE PH 2","2","Commercial","7/26/2018"
"PROGRESS RESIDENTIAL BORROWER 4 LLC","HOMESTEAD PLACE  142","144N","B","004.00","000","144N B 00400 000","HOMESTEAD PLACE PH 2","1","Commercial","7/26/2018"
"PROGRESS RESIDENTIAL BORROWER 4 LLC","IRIS DRIVE  268","144N","E","040.00","000","144N E 04000 000","HOMESTEAD PLACE PH 3","64","Commercial","7/26/2018"
"PROGRESS RESIDENTIAL BORROWER 4 LLC","LOUANN LANE  128","145J","A","025.00","000","145J A 02500 000","NORTH CREEK","25","Commercial","7/26/2018"
"PROGRESS RESIDENTIAL BORROWER 4 LLC","SUMNER MEADOWS LANE  126","145P","G","039.00","000","145P G 03900 000","SUMNER MEADOWS PH 2","88","Commercial","7/26/2018"
"PROGRESS RESIDENTIAL BORROWER 4 LLC","SOUTH BIRCHWOOD DRIVE  142","159A","P","001.00","000","159A P 00100 000","GLEN OAK - SEC 8","299","Commercial","7/26/2018"
"PROGRESS RESIDENTIAL BORROWER 4 LLC","EDGEWATER PLACE  103","159M","E","003.00","000","159M E 00300 000","EDGEWATER SEC 2","14","Commercial","7/26/2018"
"PROGRESS RESIDENTIAL BORROWER 4 LLC","ALRED CIRCLE  104","160D","B","025.00","000","160D B 02500 000","IRIS COVE","3","Commercial","7/26/2018"
"PROGRESS RESIDENTIAL BORROWER 4 LLC","RUSHING WATER COURT  102","164C","E","030.00","000","164C E 03000 000","OTTER CREEK REVISION 1","30","Commercial","7/26/2018"
"PROGRESS RESIDENTIAL BORROWER 4 LLC","RUSHING WATER COURT  106","164C","E","032.00","000","164C E 03200 000","OTTER CREEK REVISION 1","32","Commercial","7/26/2018"
"PROGRESS RESIDENTIAL BORROWER 5 LLC","TOWNSHIP COURT  110","160C","C","053.00","000","160C C 05300 000","TOWNSHIP COURT SEC 2","12","Commercial","8/30/2021"
"PROGRESS RESIDENTIAL BORROWER 6 LLC","ENGLAND PLACE  102","137G","C","002.00","000","137G C 00200 000","SAUNDERSVILLE STATION PH 5 SEC 5","419","Commercial","2/8/2019"
"PROGRESS RESIDENTIAL BORROWER 6 LLC","BURNHAM DRIVE SOUTH  1047","144N","D","048.00","000","144N D 04800 000","TRACE AT ALEXANDREA-","151","Commercial","2/8/2019"
"PROGRESS RESIDENTIAL BORROWER 6 LLC","BREAKWATER DRIVE  211","164D","D","039.00","000","164D D 03900 000","BREAKWATER SEC 1","22","Commercial","2/8/2019"
"PROGRESS RESIDENTIAL BORROWER 8 LLC","FIELDCREST DRIVE  114","144I","A","015.00","000","144I A 01500 000","FIELDS AT MANSKER FARMS P1 S2","109","Commercial","4/15/2019"
"PROGRESS RESIDENTIAL BORROWER, LLC","WOOD DUCK LANE  105","172A","B","037.00","000","172A B 03700 000","WATERS EDGE SEC 1","98","Commercial","2/21/2020"
"PROGRESSIVE PROPERTIES DEMPSEY WILSON CO C/O","HAZEL PATH  115","164A","C","025.00","000","164A C 02500C000","HAZEL PATH SEC 2","6 UNIT 1","Commercial","11/15/1984"
"PROPERTY 1036 LLC","31W HWY  1036","141","","062.02","000","141    06202 000","RAGAN HALL III PROP","2","Commercial","1/16/2024"
"PROPERTY MANAGEMENT PROFESSIONALS LLC","PALMERS CHAPEL ROAD  434","077","","036.02","000","077    03602 000","PROPERTY MANAGEMENT","2","Commercial","5/19/2026"
"PS SOUTHEAST ONE INC","HANCOCK STREET  209","126J","A","015.00","000","126J A 01500 000","MAPLE STREET PROP SU","1","Commercial","3/3/2016"
"PS SOUTHEAST ONE INC DEPT PT TN 26671 C/O","HANCOCK STREET  287","126J","B","005.00","000","126J B 00500 000","SOUTHWEST DEVELOPERS","5","Commercial","9/19/2018"
"PSM TENNESSEE HOLDINGS LLC","NASHVILLE PIKE  1483","136F","E","003.00","000","136F E 00300 000","GREENSBORO VILLAGE PH 1 SEC 1","3","Commercial","5/10/2024"
"PSM TENNESSEE HOLDINGS LLC %PUBLIX  ATTN: KAREN PHENIS C/O","LONG HOLLOW PIKE  460","143J","G","001.00","000","143J G 00100 000","PUBLIX","1","Commercial","5/19/2017"
"PSM TENNESSEE HOLDINGS LLC %PUBLIX ATTN KAREN PHENIS C/O","LONG HOLLOW PIKE  440","143J","G","002.00","000","143J G 00200 000","PUBLIX","2","Commercial","5/19/2017"
"PSM TENNESSEE HOLDINGS LLC %PUBLIX ATTN KAREN PHENIS C/O","LONG HOLLOW PIKE  480","143J","G","003.00","000","143J G 00300 000","PUBLIX","3","Commercial","5/19/2017"
"PSM TENNESSEE HOLDINGS LLC %PUBLIX ATTN: KAREN PHENIS C/O","LONG HOLLOW PIKE  0","143J","G","004.01","000","143J G 00401 000","PUBLIX REV 1","4","Commercial","5/19/2017"
"PUBLIC SAFETY RADIO %CONNIE PARK C/O","JAMES STREET  200","126L","B","023.00","000","126L B 02300 000","JAMES STREET S/D","4","Commercial","8/31/1988"
"PUBLIC SQUARE LLC","PUBLIC SQUARE  106","126C","F","013.00","000","126C F 01300 000","","","Commercial","5/21/2018"
"PUBLIC SQUARE LLC","PUBLIC SQUARE  101","126C","F","023.00","000","126C F 02300 000","","","Commercial","9/27/2022"
"PUBLIC SQUARE LLC","FRANKLIN STREET WEST  115","126C","G","013.00","000","126C G 01300 000","RUTLEDGE PROPERTY","1","Commercial","8/7/2019"
"PUBLIC SQUARE LLC","MAIN STREET WEST  117","126C","J","011.00","000","126C J 01100 000","","","Commercial","5/21/2018"
"PUBLIX TENNESSEE LLC","INDIAN LAKE BLVD  0","159J","A","021.07","000","159J A 02107 000","INDIAN LAKE SEC 2 RESUB 2","2B","Commercial","12/10/2025"
"PUBLIX TENNESSEE LLC EXP PAYABLES LEASE TEAM C/O","INDIAN LAKE BLVD  110","159J","A","021.03","000","159J A 02103 000","INDIAN LAKE SEC 2 RESUB 2A","2A","Commercial","8/9/2002"
"PUTMAN ROBERT R ETUX BLANCHE D","ODOMS BEND ROAD  0","149","","006.05","000","149    00605 000","","","Commercial","12/8/1975"
"QIQIEH SAED","HUME AVENUE NORTH  121","113M","J","002.00","000","113M J 00200 000","","","Commercial","11/8/2017"
"QIQIEH SAED GHANEM RANA ETUX","NEW HOPE ROAD  2040","123","","041.00","000","123    04100 000","","","Commercial","12/14/2020"
"QUALITY ALUMINUM INC","LOUISVILLE HWY  1070","140","","069.01","000","140    06901 000","","","Commercial","3/19/2020"
"QUIKTRIP CORPORATION","31W HWY  944","141","","050.00","000","141    05000 000","QUIKTRIP CORP PROP","","Commercial","11/17/2020"
"QUINN JONATHAN ETUX HOLLI","CANFIELD PLACE  114","160M","C","023.00","011","160M C 02300C011","HENDERSONVILLE COURT","3","Commercial","10/3/2025"
"QUINN JONATHAN ETUX HOLLI","CANFIELD PLACE  114","160M","C","023.00","012","160M C 02300C012","HENDERSONVILLE COURT","4","Commercial","10/3/2025"
"R & C ENTERPRISES","31W HWY  2910","077P","A","008.01","000","077P A 00801 000","R AND C ENTERPRISE PROP.","1","Commercial","2/10/2016"
"R & C ENTERPRISES","EAST MAIN STREET  267","159J","A","016.00","000","159J A 01600 000","ALEXANDER COMMERCIAL","3","Commercial","9/14/2022"
"R & C ENTERPRISES","EAST MAIN STREET  261","159J","A","017.00","000","159J A 01700 000","ALEXANDER COMMERCIAL","2","Commercial","10/5/2022"
"R & C ENTERPRISES","EAST MAIN STREET  255","159J","A","018.00","000","159J A 01800 000","ALEXANDER COMMERCIAL","1","Commercial","9/27/2022"
"R & C RE LLC","HUNT CLUB BLVD  1525","146F","A","004.00","001","146F A 00400C001","HUNT CLUB SEC 2","4","Commercial","5/12/2022"
"R & L HOLDINGS LLC","INNOVATION WAY  229","160M","A","005.03","000","160M A 00503 000","","9","Commercial","9/24/2021"
"R & P INVESTING LLC","HILLCREEK COURT  121","019O","B","043.00","000","019O B 04300 000","HUNTERS CROSSING PH","76","Commercial","12/4/2023"
"R & P INVESTING LLC","HILL STREET  590","113O","E","017.00","000","113O E 01700 000","MAPLE HILL BL D RESUB 1-11,34-44","10","Commercial","3/28/2023"
"R & P INVESTING LLC","TOWNSHIP DRIVE  234","160C","C","025.00","000","160C C 02500 000","HILLWOOD SEC.4-C, PA","78","Commercial","9/3/2020"
"R & S PROPERTY HOLDING CORP","NASHVILLE PIKE  661","126G","C","010.00","000","126G C 01000 000","LACKEY ADD","01-3","Commercial","3/29/1984"
"R C & K INVESTMENTS","OLD SHACKLE ISLAND RD  173","160M","B","032.01","000","160M B 03201 000","EAGLE ROCK PROP","3","Commercial","2/7/2006"
"R HOLDINGS LLC C/O JEREMY RIGGS","GREENLEA BLVD  880","136","","018.07","000","136    01807 000","GREENSBORO VILLAGE P","1","Commercial","11/16/2021"
"R MANUEL DL HENDERSONVILLE","WEST MAIN STREET  500","160M","A","008.00","000","160M A 00800 000","","","Commercial","9/21/2021"
"R RENTALS LLC","31W HWY  4624","036","","008.01","000","036    00801 000","4614 HWY 31W PROP","1","Commercial","10/13/2025"
"R S ENTERTAINMENT INC","ROCKLAND ROAD  329","160O","D","006.00","000","160O D 00600 000","","","Commercial","7/6/1998"
"R S ENTERTAINMENT INC","LOUISE DRIVE  0","160O","D","007.00","000","160O D 00700 000","","","Commercial","7/6/1998"
"R&P INVESTING LLC","FORREST MEADOWS DRIVE  104","160K","H","038.00","000","160K H 03800 000","FORREST MEADOWS SEC","18","Commercial","11/3/2020"
"RAC HOLDINGS LLC","CANFIELD PLACE  114","160M","C","023.00","017","160M C 02300C017","HENDERSONVILLE COURT","9","Commercial","12/12/2025"
"RAC HOLDINGS LLC","CANFIELD PLACE  114","160M","C","023.00","018","160M C 02300C018","HENDERSONVILLE COURT","10","Commercial","12/12/2025"
"RACETRAC PETROLEUM INC","SOUTH WATER AVENUE  1346","135","","023.00","000","135    02300 000","KDA FAMILY RESUB LOT 2","2A","Commercial","5/3/2022"
"RACETRAC PETROLEUM INC","WEST MAIN STREET  1077","160","","067.00","000","160    06700 000","","1","Commercial","5/24/2019"
"RAD PROPERTIES OF GALLATIN LLC ATTN ROGER DANNER","BROADWAY WEST  240","126C","A","002.00","000","126C A 00200 000","TOWN CREEK RE DEV.","IST","Commercial","6/11/2004"
"RADEMO LLC","NORTH BROADWAY  453","033A","B","008.00","000","033A B 00800 000","CHAMBERLAIN PROPERTI","1","Commercial","1/13/2015"
"RADEMO LLC","MAPLE STREET SOUTH  420","126G","B","021.01","000","126G B 02101 000","WADE TRUST","1","Commercial","1/13/2015"
"RADEMO LLC","WEST MAIN STREET  356","160M","A","015.00","000","160M A 01500 000","","","Commercial","10/6/2016"
"RAGER MARY NELL TR BOBBY RAGER DECEDENTS TRUST 2022","EAGLE DRIVE","126A","E","001.00","000","126A E 00100 000","INDIAN HILLS S/D","11","Commercial","1/12/2023"
"RAHRER DAVID KIMBALL RAHRER BRENDA ETUX","NORTH BROADWAY  434","033A","A","028.00","000","033A A 02800 000","","","Commercial","5/18/2022"
"RAHRER DAVID KIMBALL RAHRER BRENDA ETUX","NORTH BROADWAY  0","033A","A","029.00","000","033A A 02900 000","","","Commercial","5/18/2022"
"RAINBOW RASCALS HENDERSONVILLE, LLC","EAST MAIN STREET  541","159E","A","001.04","000","159E A 00104 000","BLUEGRASS LANDING RESUB LT 2","2","Commercial","10/31/2014"
"RAINBOW TENNESSE INVESTMENT SERVICES TRU","VOLUNTEER DRIVE","159I","B","030.07","000","159I B 03007 000","A & J","2","Commercial","3/26/2021"
"RALPH JOSEPH A ETUX KIMBERLY","FREE HILL ROAD  107","160O","C","014.01","000","160O C 01401 000","","","Commercial","7/13/2026"
"RAMOS DAVID RAFAEL JR","SHIVEL DRIVE  109","163D","C","015.02","000","163D C 01502 000","WALTER A SHIVEL","53","Commercial","3/23/2018"
"RAMSEY JAMES ETUX BOBBIE JACKSON ROBERT ETUX KENDRA","N 109 HWY  1618","104","","005.02","000","104    00502 000","","","Commercial","6/3/2019"
"RAMSEY JAMES ROBERT ETUX BOBBIE F","HARTSVILLE PIKE  747","126D","D","012.00","000","126D D 01200 000","","","Commercial","3/21/1986"
"RAMSEY JAMES ROBERT ETUX BOBBIE FAITH","EASTLAND STREET WEST  331","126B","D","009.00","000","126B D 00900 000","","","Commercial","8/30/1993"
"RANBARBTHUNSKY LLC","LOCK 4 ROAD  748","126P","I","003.00","000","126P I 00300 000","GREEN WAVE PARK SEC.","3","Commercial","6/7/2023"
"RANBARTHUNSKY LLC","31E HWY OLD  85","083","","035.00","000","083    03500 000","","","Commercial","11/26/2024"
"RANBARTHUNSKY LLC","BOXWOOD COURT  512","114D","F","003.00","000","114D F 00300 000","","409","Commercial","11/26/2024"
"RANBARTHUNSKY LLC","BOXWOOD COURT  516","114D","F","004.00","000","114D F 00400 000","","408","Commercial","11/26/2024"
"RANBARTHUNSKY LLC","DOTTIE DRIVE  552","114D","G","009.00","000","114D G 00900 000","TWIN EAGLES PH14 SEC B","489","Commercial","12/11/2024"
"RANBARTHUNSKY LLC","DOTTIE DRIVE  556","114D","G","010.00","000","114D G 01000 000","TWIN EAGLES PH14 SEC B","490","Commercial","12/11/2024"
"RANBARTHUNSKY LLC","WILDCAT RUN  227","114E","G","001.00","000","114E G 00100 000","TWIN EAGLES PH 7 SEC","202","Commercial","11/26/2024"
"RANBARTHUNSKY LLC","MYA MARIE DRIVE  471","114E","H","006.00","000","114E H 00600 000","TWIN EAGLES PH14","441","Commercial","11/26/2024"
"RANBARTHUNSKY LLC","MYA MARIE DRIVE  412","114E","H","022.00","000","114E H 02200 000","TWIN EAGLES PH14","451","Commercial","11/26/2024"
"RANBARTHUNSKY LLC","MYA MARIE DRIVE  442","114E","H","029.00","000","114E H 02900 000","TWIN EAGLES PH14","458","Commercial","11/26/2024"
"RANBARTHUNSKY LLC","MYA MARIE DRIVE  454","114E","H","032.00","000","114E H 03200 000","TWIN EAGLES PH14","461","Commercial","11/26/2024"
"RANBARTHUNSKY LLC","THUNDER ROAD  1115","114M","B","009.00","000","114M B 00900 000","EAGLE CREEK SEC 2","51","Commercial","11/26/2024"
"RANBARTHUNSKY LLC","KARMA LANE  1085","114M","D","010.00","000","114M D 01000 000","EAGLE CREEK SEC 4","132","Commercial","11/26/2024"
"RANBARTHUNSKY LLC","ABBEY ROAD  135","114M","D","043.00","000","114M D 04300 000","EAGLE CREEK SEC 5","142","Commercial","11/26/2024"
"RANBARTHUNSKY LLC","LOCK 4 ROAD  744","126P","I","002.00","000","126P I 00200 000","GREEN WAVE PARK SEC.","2","Commercial","11/26/2024"
"RANBARTHUNSKY LLC","LOCK 4 ROAD  776","135A","G","028.00","000","135A G 02800 000","ROCKWOOD ESTATES","5","Commercial","11/26/2024"
"RANBARTHUNSKY LLC","LOCK 4 ROAD  772","135A","G","029.00","000","135A G 02900 000","ROCKWOOD ESTATES","4","Commercial","11/26/2024"
"RANBARTHUNSKY LLC","LOCK 4 ROAD  768","135A","G","030.00","000","135A G 03000 000","ROCKWOOD ESTATES","3","Commercial","11/26/2024"
"RANBARTHUNSKY LLC","LOCK 4 ROAD  764","135A","G","031.00","000","135A G 03100 000","ROCKWOOD ESTATES","2","Commercial","11/26/2024"
"RANBARTHUNSKY LLC","LOCK 4 ROAD  760","135A","G","032.00","000","135A G 03200 000","ROCKWOOD ESTATES","1","Commercial","11/26/2024"
"RANDAL GALLATIN PROPERTIES LLC","NASHVILLE PIKE  1680","136","","046.01","000","136    04601 000","KENNESAWS FARMS LOT","1","Commercial","5/4/2022"
"RANDAL HANCOCK PARTNERS LLC ATTN: PARESH PATEL","HANCOCK STREET  377","126O","D","006.00","000","126O D 00600 000","SOUTHWEST DEV PROP R","10-10","Commercial","6/27/2023"
"RANDALL 20313 PT C/O ASHOK & PARESH PATEL C/O","NEW SHACKLE ISLAND RD  226","160E","A","018.00","000","160E A 01800 000","BROOKLAWN TERRACE CONSOL 100-101","1","Commercial","5/13/2021"
"RANDY BAKER CONSTRUCTION LLC","EZRA COURT","016A","B","002.00","000","016A B 00200 000","","2","Commercial","2/28/2020"
"RANDY BAKER CONSTRUCTION LLC","EZRA COURT","016A","B","005.00","000","016A B 00500 000","","5","Commercial","2/28/2020"
"RANDY BAKER CONSTRUCTION LLC","EZRA COURT","016A","B","008.00","000","016A B 00800 000","","8","Commercial","2/28/2020"
"RAPID FUELING PORTLANDLLC","NORTH BROADWAY  300","033A","A","016.00","000","033A A 01600 000","","","Commercial","9/29/2000"
"RAUM RHETT RAUM KATHERINE ETUX","SOUTH BROADWAY  700","033O","A","001.00","000","033O A 00100 000","","","Commercial","6/7/2021"
"RAY RONNIE DALE BARBARA SUE RAY","BROADWAY SOUTH  101","033H","G","019.00","000","033H G 01900 000","","","Commercial","12/16/1998"
"RAY SARAH LYNN","WEST MARKET STREET  508","034E","B","016.01","000","034E B 01601 000","","","Commercial","10/6/2023"
"RAY STEVE K","WATER AVENUE NORTH  168","126C","B","020.00","000","126C B 02000 000","","","Commercial","10/2/2019"
"RAYNOR PROPERTIES","NEW SHACKLE ISLAND RD  279","160D","B","011.06","000","160D B 01106 000","NEWMAN PLAZA SEC 4","6","Commercial","12/19/2018"
"RBV II PROPERTIES LLC","THEODORI TRACE  101","135C","E","002.00","000","135C E 00200 000","WINDSONG","2","Commercial","10/18/2024"
"RC HOLDINGS LLC","WATER AVENUE SOUTH  478","126F","F","002.00","000","126F F 00200 000","","","Commercial","8/23/2017"
"RCE GROUP LLC","PLUMLEE DRIVE  95","163E","A","020.01","001","163E A 02001 001","JAMES & DOTTIE MOORE","3","Commercial","2/2/2016"
"RCE GROUP LLC","PLUMLEE DRIVE  95","163E","A","020.01","002","163E A 02001 002","JAMES & DOTTIE MOORE","3","Commercial","2/2/2016"
"RCE GROUP LLC","PLUMLEE DRIVE  95","163E","A","020.01","003","163E A 02001 003","JAMES & DOTTIE MOORE","3","Commercial","2/2/2016"
"RCE GROUP LLC","PLUMLEE DRIVE  95","163E","A","020.01","004","163E A 02001 004","JAMES & DOTTIE MOORE","3","Commercial","2/2/2016"
"RCO HOLDING CO","BLYTHE AVENUE  310","113O","K","035.00","000","113O K 03500 000","","","Commercial","7/1/1988"
"READE WESLEY H ETUX SHANNON K","OAK GROVE CHURCH ROAD  2923","042","","004.03","001","042    00403 001","","","Commercial","3/15/2018"
"REAL WORX LLC","MORNINGSIDE DRIVE  103","034D","A","031.00","000","034D A 03100 000","SHANNON","IST","Commercial","2/27/2024"
"REALCO TN LLC","SAUNDERSVILLE ROAD  131","145","","079.00","000","145    07900 000","INDIAN LAKE VILLAGE-","14-14","Commercial","9/1/2018"
"REALTY INCOME CORP CAPMARK FIN NO BILL 5868 C/O","WEST MAIN STREET  350","160M","A","016.00","000","160M A 01600 000","","","Commercial","1/10/2003"
"REALTY INCOME PROPERTIES 5 LLC","MEMORY LANE  941","136","","032.00","000","136    03200 000","SUPER SPEED WASH","1","Commercial","3/24/2014"
"REALTY INCOME PROPERTIES 5 LLC","EAST MAIN STREET  305","159J","A","019.03","000","159J A 01903 000","MAPLE ROW SHOPPING CENTER","4","Commercial","3/24/2015"
"REASONOVER BILLY ETUX VICTORIA","GLEN OAK COURT WEST  116","159A","L","009.00","000","159A L 00900 000","ROSEWOOD","9","Commercial","12/4/2023"
"RECLAIMED DREAMS LLC","FOWLER FORD ROAD  202","033J","B","011.00","000","033J B 01100 000","WILLIAM L PERDUE S/D","IST","Commercial","6/10/2026"
"RECLAIMED DREAMS LLC","COLES FERRY ROAD  305","126M","E","002.00","000","126M E 00200 000","HIGHLAND PARK S/D","0002","Commercial","6/26/2015"
"REDEMPTION PROPERTIES LLC","DENNIS ROAD  121","160B","C","027.00","000","160B C 02700 000","TWIN VALLEY SUB SEC.","105","Commercial","6/3/2022"
"REDEMPTION PROPERTIES LLC","HILLS DALE DRIVE  135","160G","A","017.00","000","160G A 01700 000","TWIN VALLEY SEC. 1","28","Commercial","2/22/2021"
"REECER RENTAL PROPERTIES LLC","259 HWY  103","001","","003.00","000","001    00300 000","","","Commercial","12/5/2025"
"REECER RENTAL PROPERTIES LLC","FOUNTAIN HEAD ROAD  106","039O","B","014.00","000","039O B 01400 000","CLOVERDALE","66B+75","Commercial","12/5/2025"
"REECER RENTAL PROPERTIES LLC","WILLOW LAKE DRIVE  203","052B","B","021.00","000","052B B 02100 000","WILLOW LAKE PARK","12","Commercial","12/5/2025"
"REECER RENTAL PROPERTIES LLC","WILLOW LAKE DRIVE  201","052B","B","022.00","000","052B B 02200 000","WILLOW LAKE PARK","4","Commercial","12/5/2025"
"REED CALVIN B REED JOYCE M ETUX","MAPLE STREET  107","160M","A","019.01","000","160M A 01901 000","JOHN B EVANS SUB","2","Commercial","9/21/2016"
"REED DONALD R & SHELIA A TR DONALD R AND SHELIA A REED RT","WALTON FERRY ROAD  525","170D","A","004.00","000","170D A 00400 000","","","Commercial","8/21/2023"
"REEDER DANIEL","BRUSH HILL COURT  122","135L","E","004.00","000","135L E 00400 000","BRUSH HILL","4","Commercial","8/24/2018"
"REESE ENTERPRISE INC","31W HWY  1600","118","","026.01","000","118    02601 000","JAMES NICHOLS PROP-J","1-1","Commercial","2/20/2009"
"REESE JAN TR c/o VIRGINIA REYES TRUSTEE","WEST MAIN STREET  919","160O","D","013.00","000","160O D 01300 000","","","Commercial","4/24/2014"
"REESE RICHARD HOWARD JR","SIDEVIEW ROAD  142","090J","A","015.00","001","090J A 01500 001","","","Commercial","1/4/2018"
"REEVES LARRY ETUX SUSAN","52 HWY NE 1626","044","","009.08","001","044    00908 001","","","Commercial","4/29/2010"
"REID BRUCE","VILLAGE DRIVE  140","033P","A","020.00","000","033P A 02000 000","","","Commercial","1/27/2025"
"REID BRUCE TR OF BRUCE REID RLT","E 52 HWY  613","033","","074.00","000","033    07400 000","HARRIS ACRES RESUB-H","1-1A","Commercial","8/28/2019"
"REID BRUCE TR OF BRUCE REID RLT","52E HWY  503","033","","078.00","000","033    07800 000","JCH DEVELOPMENT CO I","","Commercial","8/28/2019"
"REID BRUCE TR OF BRUCE REID RLT","109 HWY  0","033P","A","008.01","000","033P A 00801 000","KYLE DORRIS","2","Commercial","8/28/2019"
"RENNIE LINDA BOWLES ETVIR PHILLIP MARK","MAPLE STREET  104","160M","B","014.00","000","160M B 01400 000","RONEY ELIZER S/D","04&5","Commercial","10/7/2010"
"RENNIE PHILLIP MARK ETUX LINDA BOWLES RENNIE","MAPLE STREET  104","160M","B","015.00","000","160M B 01500 000","RONEY ELIZER S/D","3","Commercial","12/14/2011"
"RENOVA PRO GROUP LLC","LEOTA DRIVE  115","170D","A","024.00","000","170D A 02400 000","PANORAMA HARBOR SEC 3","102","Commercial","4/24/2026"
"REOSTONE LLC","NASHVILLE PIKE  2144","146","","030.00","000","146    03000 000","","","Commercial","6/24/2019"
"RESICAP TENNESSEE OWNER II LLC","WINDING WAY  1451","099L","B","011.00","000","099L B 01100 000","TYREE WOODS ESTS. SE","206","Commercial","3/23/2022"
"RESICAP TENNESSEE OWNER II LLC","LANCASTER COURT  112","112H","B","039.00","000","112H B 03900 000","HAMPTONS SEC A","25","Commercial","6/13/2022"
"RESICAP TENNESSEE OWNER II LLC","LONG HOLLOW PIKE  2485","123","","029.00","000","123    02900 000","CRESTVIEW ACRES","8","Commercial","5/19/2022"
"RESICAP TENNESSEE OWNER II LLC","ROGERS ROAD  748","127A","C","005.00","000","127A C 00500 000","EASTMEADE","31","Commercial","3/23/2022"
"RESICAP TENNESSEE OWNER II LLC","WOODVALE DRIVE  1150","135D","C","039.00","000","135D C 03900 000","WOODVALE EST SEC II","32","Commercial","4/28/2022"
"RESICAP TENNESSEE OWNER II LLC","NORTH BIRCHWOOD DRIVE  367","145P","D","013.00","000","145P D 01300 000","GLEN OAK SEC 4","132","Commercial","6/10/2022"
"RESICAP TENNESSEE OWNER II LLC","STADIUM DRIVE  258","163D","G","015.00","000","163D G 01500 000","BARNES ESTATES","3","Commercial","9/20/2022"
"RESICAP TENNESSEE OWNER II LLC","STADIUM DRIVE  254","163D","G","015.01","000","163D G 01501 000","BARNES ESTATES","4","Commercial","9/20/2022"
"RESICAP TENNESSEE OWNER II LLC","STADIUM DRIVE  232","163E","A","032.02","000","163E A 03202 000","M E BARNES","2","Commercial","3/30/2022"
"RESICAP TENNESSEE OWNER II LLC","PAXTON DRIVE  117","163E","D","020.00","000","163E D 02000 000","WALNUT HILL ESTATES SEC 6","50","Commercial","6/24/2022"
"RESICAP TENNESSEE OWNER II LLC","EDGEHILL LANE  98","163L","D","037.00","000","163L D 03700 000","GATES OF THE PENINSULA PH 3 SEC 4","42","Commercial","6/9/2022"
"RESICAP TENNESSEE OWNER II LLC","GATES DRIVE  153","169H","A","026.00","000","169H A 02600 000","LAKESIDE PARK SEC 5","349","Commercial","6/22/2022"
"RESICAP TENNESSEE OWNER III LLC","RODNEY STREET  402","126O","A","036.00","000","126O A 03600 000","URBANDALE NO. 5","19","Commercial","7/5/2022"
"RESICAP TENNESSEE OWNER III LLC","LAKESIDE PARK DRIVE  212","169A","G","047.00","000","169A G 04700 000","CANDLE WOOD SEC 3","23","Commercial","9/13/2022"
"RESICAP TENNESSEE OWNER III LLC","FRESHRUN DRIVE  100","169I","E","021.00","000","169I E 02100 000","LAKESIDE PARK SEC 6","201","Commercial","10/12/2022"
"RESICAP TENNESSEE OWNER III LLC","VULCO DRIVE  146","170L","C","010.00","000","170L C 01000 000","LAKESIDE PARK SEC 3","88","Commercial","9/26/2022"
"RESICAP TENNESSEEE OWNER II LLC","BELVEDERE DRIVE  810","126P","G","013.00","000","126P G 01300 000","BEL-AIR SEC 5","0003","Commercial","5/23/2022"
"RESIDENTIAL HOME BUYER NASHVILLE LLC","TYLER COURT  121","126P","I","018.00","000","126P I 01800 000","GREEN WAVE PARK SEC","58","Commercial","7/1/2021"
"RESIDENTIAL HOME BUYER NASHVILLE LLC","PAIGE PARK LANE  121","140P","D","015.00","000","140P D 01500 000","BRAXTON PARK AT WOODWYN HILLS S5","126","Commercial","7/1/2021"
"RESIDENTIAL HOME BUYER NASHVILLE LLC","CIMMARON DRIVE  122","141D","C","050.00","000","141D C 05000 000","CIMMARON TRACE SEC 1","50","Commercial","5/26/2022"
"RESIDENTIAL HOME BUYER NASHVILLE LLC","CIMMARON DRIVE  128","141D","D","032.00","000","141D D 03200 000","CIMMARON TRACE SEC 2","96","Commercial","3/16/2022"
"RESIDENTIAL HOME BUYER NASHVILLE LLC","CIMMARON DRIVE  129","141D","D","036.00","000","141D D 03600 000","CIMMARON TRACE SEC 2","100","Commercial","6/17/2021"
"RESIDENTIAL HOME BUYER NASHVILLE LLC","OVERLOOK TRAIL  110","141D","E","024.00","000","141D E 02400 000","CIMMARON TRACE SEC 3","147","Commercial","7/1/2021"
"RESIDENTIAL HOME BUYER NASHVILLE LLC","OVERLOOK TRAIL  102","141D","E","027.00","000","141D E 02700 000","CIMMARON TRACE SEC 3","150","Commercial","6/26/2023"
"RESIDENTIAL HOME BUYER NASHVILLE LLC","GRAPEVINE ROAD  108","145O","C","013.00","000","145O C 01300 000","COLONIAL ACRES SEC.","0315","Commercial","6/17/2021"
"RESIDENTIAL HOME BUYER NASHVILLE LLC","SMOKY MOUNTAINS DRIVE  580","148I","D","023.00","000","148I D 02300 000","","173","Commercial","9/20/2022"
"RESIDENTIAL HOME BUYER NASHVILLE LLC","SOUTHBURN DRIVE  202","159A","E","002.00","000","159A E 00200 000","COLONIAL ACRES SEC 4","195","Commercial","3/9/2023"
"RESIDENTIAL HOME BUYER NASHVILLE LLC","VINTAGE CIRCLE  171","159K","G","060.00","000","159K G 06000 000","VINTAGE KNOLL PH 5","102","Commercial","9/30/2022"
"RESIDENTIAL HOME BUYER NASHVILLE LLC","NORTHLAKE DRIVE  114","159N","H","058.00","000","159N H 05800 000","NORTHLAKE SEC 14","43","Commercial","9/7/2023"
"RESIDENTIAL HOME BUYER NASHVILLE LLC","WOODRIDGE DRIVE  107","160K","C","004.00","000","160K C 00400 000","CEDARBROOK TERRACE-S","0091","Commercial","7/1/2021"
"RESIDENTIAL HOME BUYER NASHVILLE LLC","LYNHURST CIRCLE  110","160K","D","021.00","000","160K D 02100 000","ROLLING ACRES SEC. 6","0237","Commercial","6/17/2021"
"RESIDENTIAL HOME BUYER NASHVILLE LLC","EVERGREEN CIRCLE  127","160K","G","014.00","000","160K G 01400 000","CEDARBROOK TERRACE S","0060","Commercial","6/17/2021"
"RESIDENTIAL HOME BUYER NASHVILLE LLC","FOREST RETREAT ROAD  302","160K","H","044.00","000","160K H 04400 000","FORREST MEADOWS SEC","5","Commercial","6/17/2021"
"RESIDENTIAL HOME BUYER NASHVILLE LLC","VEEBELT DRIVE  117","170E","F","027.00","000","170E F 02700 000","LAKESIDE PARK SEC 2","52","Commercial","7/1/2021"
"RESIDENTIAL HOME BUYER NASHVILLE LLC C/O PROGRESS RESIDENTIAL","ROSE COTTAGE CIRCLE  562","112P","F","017.00","000","112P F 01700 000","STONE COTTAGE VILLAS","17","Commercial","6/17/2021"
"RESIDENTIAL HOME BUYER NASHVILLE LLC C/O PROGRESS RESIDENTIAL","ROSE COTTAGE CIRCLE  568","112P","F","020.00","000","112P F 02000 000","STONE COTTAGE VILLAS","20","Commercial","6/17/2021"
"RESIDENTIAL HOME BUYER NASHVILLE LLC C/O PROGRESS RESIDENTIAL","ROSE COTTAGE CIRCLE  572","112P","F","021.00","000","112P F 02100 000","STONE COTTAGE VILLAS","21","Commercial","6/17/2021"
"RESIDENTIAL HOME BUYER NASHVILLE LLC C/O PROGRESS RESIDENTIAL","LASSITER DRIVE  2005","120K","B","003.00","000","120K B 00300 000","NORTH POINTE PHASE I","110","Commercial","6/17/2021"
"RESIDENTIAL HOME BUYER NASHVILLE LLC C/O PROGRESS RESIDENTIAL","TAPESTRY PLACE  391","126P","J","034.00","001","126P J 03400C001","CYPRESS GARDENS SUB-","28-17","Commercial","6/17/2021"
"RESIDENTIAL HOME BUYER NASHVILLE LLC C/O PROGRESS RESIDENTIAL","HIGH CHAPERAL DRIVE  230","141D","D","020.00","000","141D D 02000 000","CIMMARON TRACE SEC 2","84","Commercial","6/17/2021"
"RESIDENTIAL HOME BUYER NASHVILLE LLC C/O PROGRESS RESIDENTIAL","CLINE AVENUE  102","159I","A","014.00","000","159I A 01400 000","OAKVALE SEC 1","35","Commercial","6/17/2021"
"RESIDENTIAL HOME BUYER NASHVILLE LLC C/O PROGRESS RESIDENTIAL","TIMBERLAKE DRIVE  158","160F","F","014.00","000","160F F 01400 000","ROLLINGBROOK TERRACE","133","Commercial","6/17/2021"
"RESIDENTIAL HOME BUYER NASHVILLE LLC C/O PROGRESS RESIDENTIAL","DORRIS DRIVE  110","160L","E","018.00","000","160L E 01800 000","ROLLING ACRES SEC. 1","38","Commercial","6/17/2021"
"RESIDENTIAL HOME BUYER NASHVILLE LLC C/O PROGRESS RESIDENTIAL","SUMMERLAKE PLACE  132","163D","E","033.00","000","163D E 03300 000","SUMMERLAKE SEC 4 PH 1","21","Commercial","6/17/2021"
"RESIDENTIAL HOME BUYER-E NASHVILLE LLC","BRADFORD CIRCLE  105","159K","D","009.00","000","159K D 00900 000","BRADFORD SHADE","15","Commercial","9/8/2022"
"RESMERITA PANAITE RESMERITA RARUCA ETUX","ROCKLAND ROAD  262","160O","C","034.00","000","160O C 03400 000","","","Commercial","1/24/2017"
"RESMERITA PANAITE RESMERITA RARUCA ETUX","ROCKLAND ROAD  258","160O","C","034.01","000","160O C 03401 000","","","Commercial","1/24/2017"
"RETREAT AT INDIAN LAKE LLC C/O THE LIGHTHOUSE GROUP LLC","CARDINAL LANE  908","145","","067.02","000","145    06702 000","QUAIL HOLLOW APTS","","Commercial","10/14/2016"
"RETREAT AT INDIAN LAKE LLC C/O THE LIGHTHOUSE GROUP LLC","CARDINAL LANE  708","145","","067.03","000","145    06703 000","QUAIL HOLLOW APTS","","Commercial","10/14/2016"
"REVELETTE ENTERPRISES LLC","MAHARRIS DRIVE PVT  224","135C","E","007.00","000","135C E 00700 000","WINDSONG","7","Commercial","6/30/2022"
"REVERE AT HIDDEN CREEK LLC","SPRINGDALE LANE  2051","137","","006.07","000","137    00607 000","","1","Commercial","11/3/2015"
"REVERY POINT CONDO ASSOC INC","CLUB VIEW DRIVE  1024","147","","007.08","000","147    00708 000","FOXLAND PH 2 & RES P","2.3","Commercial","12/4/2018"
"REVERY POINT CONDO ASSOC INC","CLUB VIEW DRIVE  1024","147","","007.09","000","147    00709 000","FOXLAND PH 2 & RES P","2.4","Commercial","12/4/2018"
"REYES EDGAR N","WATER AVENUE SOUTH  500","126F","G","025.00","000","126F G 02500 000","","1","Commercial","2/16/2022"
"REYES GUADALUPE HERNANDEZ","NORTH BROADWAY  103","033H","D","013.00","000","033H D 01300 000","","","Commercial","6/3/2022"
"REYES RAMIRO DUARTE MARIA ETUX","MCCURDY ROAD  0","096","","061.03","000","096    06103 000","","","Commercial","8/22/2014"
"REYES RAMIRO ETUX MARIA DUARTE","MCCURDY ROAD  959","096","","061.01","000","096    06101 000","","","Commercial","11/23/2011"
"RH ALTO ASSET COMPANY LLC","BRYCE CANYON WAY  438","148I","E","019.00","000","148I E 01900 000","","72","Commercial","5/19/2025"
"RH ALTO ASSET COMPANY LLC","BENTREE COURT  102","164C","D","002.00","000","164C D 00200 000","BENT TREE","45","Commercial","5/19/2025"
"RH EVERGREEN OWNERCO LLC","GRANDVIEW DRIVE  119","112","","003.09","000","112    00309 000","GRANVIEW ESTATES SEC","3","Commercial","12/21/2020"
"RH EVERGREEN OWNERCO LLC","LYNN DRIVE  120","112I","A","028.00","000","112I A 02800 000","BROOKMEADE","66","Commercial","12/21/2020"
"RH EVERGREEN OWNERCO LLC","HITE STREET WEST  122","126K","E","015.01","000","126K E 01501 000","MORNINGSIDE HEIGHTS ADDN","7","Commercial","12/21/2020"
"RH EVERGREEN OWNERCO LLC","JAMIE DRIVE  109","127A","E","006.00","000","127A E 00600 000","BROOKFIELD ESTATES","3","Commercial","6/30/2021"
"RH EVERGREEN OWNERCO LLC","CONNIE DRIVE  107","163L","F","004.00","000","163L F 00400 000","HICKORY VILLAGE SEC 1 RESUB 3+4","4","Commercial","8/19/2021"
"RH PARTNERS OWNERCO 2 LLC","VALLEY DRIVE  2013","120K","B","048.00","000","120K B 04800 000","NORTH POINTE PHASE I","29","Commercial","4/21/2025"
"RH PARTNERS OWNERCO 2 LLC","VALLEY DRIVE  2018","120K","B","052.00","000","120K B 05200 000","NORTH POINTE PHASE I","25","Commercial","4/21/2025"
"RH PARTNERS OWNERCO 2 LLC","VALLEY DRIVE  2008","120K","B","057.00","000","120K B 05700 000","NORTH POINTE PHASE I","20","Commercial","4/21/2025"
"RH PARTNERS OWNERCO 2 LLC","RIDGE TRAIL  1012","120L","A","026.00","000","120L A 02600 000","NORTH POINTE PHASE 1","177","Commercial","4/21/2025"
"RH PARTNERS OWNERCO 2 LLC","KATHY CIRCLE  705","126I","B","020.00","000","126I B 02000 000","JACOBS HEIGHTS SEC 1","5","Commercial","4/21/2025"
"RH PARTNERS OWNERCO 2 LLC","ALBION CIRCLE  501","126L","E","053.00","000","126L E 05300 000","ALBION DOWNS PH 3","69","Commercial","4/21/2025"
"RH PARTNERS OWNERCO 2 LLC","SEA BISCUIT DRIVE  352","126L","E","056.00","000","126L E 05600 000","ALBION DOWNS PH 3","66","Commercial","4/21/2025"
"RH PARTNERS OWNERCO 2 LLC","HARTFORD CIRCLE  415","126L","E","092.00","000","126L E 09200 000","ALBION DOWNS PH 3","96","Commercial","4/21/2025"
"RH PARTNERS OWNERCO 2 LLC","DUNCAN STREET  846","126N","D","010.00","000","126N D 01000 000","HALEWOOD EST. ADD. 2","9","Commercial","4/21/2025"
"RH PARTNERS OWNERCO 2 LLC","DEER PATH  600","126O","F","029.00","000","126O F 02900 000","FOXFIRE SECTION 3","48","Commercial","4/21/2025"
"RH PARTNERS OWNERCO 2 LLC","ANNA DRIVE  492","135H","D","006.00","000","135H D 00600 000","HUNTER ESTATES SEC 2","33","Commercial","4/21/2025"
"RH PARTNERS OWNERCO 2 LLC","RHODES CIRCLE  507","135H","E","008.00","000","135H E 00800 000","ACADEMY ACRES SEC 1","18","Commercial","4/21/2025"
"RH PARTNERS OWNERCO 2 LLC","TRACE DRIVE  120","141D","C","059.00","000","141D C 05900 000","CIMMARON TRACE SEC 1","59","Commercial","4/21/2025"
"RH PARTNERS OWNERCO 2 LLC","BRAXTON PARK LANE  107","143A","F","027.00","000","143A F 02700 000","BRAXTON PARK AT WOODWYN HILLS S1","178","Commercial","4/21/2025"
"RH PARTNERS OWNERCO 2 LLC","EMILY DRIVE  915","143B","B","009.00","000","143B B 00900 000","MANSKER CREEK ESTATES SEC 3","128","Commercial","4/21/2025"
"RH PARTNERS OWNERCO 2 LLC","SUMNER MEADOWS LANE  183","144M","E","040.00","000","144M E 04000 000","SUMNER MEADOWS PH 1","58","Commercial","4/21/2025"
"RH PARTNERS OWNERCO 2 LLC","MANSKER PARK DRIVE  158","144P","C","042.00","000","144P C 04200 000","MANSKER PARK/MANSKER","95","Commercial","4/21/2025"
"RH PARTNERS OWNERCO 2 LLC","MEADOW CREEK LANE  107","145P","G","048.00","000","145P G 04800 000","SUMNER MEADOWS PH 2","84","Commercial","4/21/2025"
"RH PARTNERS OWNERCO 2 LLC","SMOKY MOUNTAINS DRIVE  573","148I","D","003.00","000","148I D 00300 000","","91","Commercial","4/21/2025"
"RH PARTNERS OWNERCO 2 LLC","BRYCE CANYON WAY  459","148I","E","009.00","000","148I E 00900 000","","62","Commercial","4/21/2025"
"RH PARTNERS OWNERCO 2 LLC","RED MAPLE COURT  100","159N","E","038.00","000","159N E 03800 000","MAPLES SEC 3 PT 3","38","Commercial","4/21/2025"
"RH PARTNERS OWNERCO 2 LLC","TOWNSHIP COURT  123","160C","C","049.00","000","160C C 04900 000","TOWNSHIP COURT SEC 2","8","Commercial","4/21/2025"
"RH PARTNERS WAREHOUSE OWNERCO LLC","BLACK THORN LANE  385","124C","D","039.00","000","124C D 03900 000","CARELLTON PH 3A","211","Commercial","4/21/2025"
"RH PARTNERS WAREHOUSE OWNERCO LLC","CAMP CREEK COURT  104","137O","A","016.00","000","137O A 01600 000","SAUNDERSVILLE STATION PH 1","23","Commercial","4/21/2025"
"RHODES JOSHUA","SPRINGFIELD HWY  868","141","","030.00","000","141    03000 000","FITZPATRICK S/D","0011","Commercial","1/27/2022"
"RI TN 2 LLC C/O PM DEPT #1505","WATER AVENUE SOUTH  1221","135D","F","001.00","000","135D F 00100 000","CROSSINGS SEC 3","1","Commercial","10/16/2003"
"RICE PROPERTY HOLDINGS LLC","NORTH BROADWAY  809","019","","031.05","000","019    03105 000","LARRY COLLINS HWY 10","6","Commercial","1/17/2023"
"RICHARDSON DAVID RICHARDSON JENNIFER","31W HWY  2504","097E","A","018.00","000","097E A 01800 000","HIGHLAND EST. SEC 1","7","Commercial","5/8/2023"
"RICHARDSON EARL S & SHERYL B R","CREEKSIDE COURT","113P","G","027.00","000","113P G 02700 000","CREEKVIEW SEC. 1","65","Commercial","12/19/2012"
"RICHLAND PLACE SENIOR CENTER LLC","RICHLAND LAKE DRIVE  201","039G","A","004.01","000","039G A 00401 000","RICHLAND SENIOR LIVI","2","Commercial","1/24/2005"
"RICHLAND PLACE SENIOR LIVING CENTER LLC","RICHLAND LAKE DRIVE  0","039G","A","004.00","000","039G A 00400 000","RICHLAND SENIOR LIVI","1","Commercial","2/28/2022"
"RICHLAND PLACE SENIOR LIVING CENTER LLC","RICHLAND LAKE DRIVE  0","039G","A","004.02","000","039G A 00402 000","RICHLAND SENIOR LIVI","3","Commercial","2/28/2022"
"RICHLAND SOUTH LLC","NEW SHACKLE ISLAND RD  100","160M","A","005.01","000","160M A 00501 000","","","Commercial","7/12/2013"
"RICHLAND SOUTH LLC","NEW SHACKLE ISLAND RD  110","160M","A","005.08","000","160M A 00508 000","HENDERSONVILLE BUSINESS PARK RESUB","10","Commercial","7/12/2013"
"RICKERT EVAN RICKERT JAMI ETUX","PLEASANT GROVE ROAD  916","044E","D","006.01","000","044E D 00601 000","","","Commercial","6/18/2026"
"RIDDLE TRUST 2025","ANDERSON LANE  163","159N","G","014.00","000","159N G 01400 000","LARUE HEIGHTS SEC 2","14","Commercial","4/2/2025"
"RIDDLE TRUST 2025","CRESTMONT DRIVE  308","160F","J","016.00","000","160F J 01600 000","BRIARWOOD ESTATES","16","Commercial","4/2/2025"
"RIDDLE TRUST 2025","TWIN OAKS DRIVE  104","163M","B","034.01","000","163M B 03401 000","TWIN OAKS SEC 3 RESUB 25-27","27B","Commercial","4/2/2025"
"RIDDLE TRUST 2025","REBECCA DRIVE  202","163M","B","039.01","000","163M B 03901 000","TWIN OAKS SEC 3 RESUB 21,22,24","22B","Commercial","4/2/2025"
"RIDGE APARTMENTS NASHVILLE LLC","31W HWY  1056","140","","074.00","000","140    07400 000","","","Commercial","2/25/2021"
"RIDGE APARTMENTS NASHVILLE LLC","LEWIS DRIVE  0","141E","A","001.00","000","141E A 00100 000","ROCKWOOD APT","1","Commercial","2/25/2021"
"RIDGE APARTMENTS NASHVILLE LLC","LEWIS DRIVE  0","141E","A","002.00","000","141E A 00200 000","ROCKWOOD APT","2","Commercial","2/25/2021"
"RIDGE APARTMENTS NASHVILLE LLC","LEWIS DRIVE  0","141E","A","003.00","000","141E A 00300 000","ROCKWOOD APT","3","Commercial","2/25/2021"
"RIDGE APARTMENTS NASHVILLE LLC","LEWIS DRIVE  0","141E","A","004.00","000","141E A 00400 000","ROCKWOOD APT","4","Commercial","2/25/2021"
"RIDGE APARTMENTS NASHVILLE LLC","LEWIS DRIVE  0","141E","A","005.00","000","141E A 00500 000","ROCKWOOD APT","5","Commercial","2/25/2021"
"RIDGE APARTMENTS NASHVILLE LLC","LEWIS DRIVE  0","141E","A","006.00","000","141E A 00600 000","ROCKWOOD APT","6","Commercial","2/25/2021"
"RIDGE APARTMENTS NASHVILLE LLC","LEWIS DRIVE  0","141E","A","007.00","000","141E A 00700 000","ROCKWOOD APT","7","Commercial","2/25/2021"
"RIDGE APARTMENTS NASHVILLE LLC","LEWIS DRIVE  0","141E","A","008.00","000","141E A 00800 000","ROCKWOOD APT","8","Commercial","2/25/2021"
"RIDGE APARTMENTS NASHVILLE LLC","LEWIS DRIVE  0","141E","A","009.00","000","141E A 00900 000","ROCKWOOD APT","9","Commercial","2/25/2021"
"RIDGE APARTMENTS NASHVILLE LLC","LEWIS DRIVE  0","141E","A","010.00","000","141E A 01000 000","ROCKWOOD APT","10","Commercial","2/25/2021"
"RIDGE APARTMENTS NASHVILLE LLC","LEWIS DRIVE  0","141E","A","011.00","000","141E A 01100 000","ROCKWOOD APT","11","Commercial","2/25/2021"
"RIDGE APARTMENTS NASHVILLE LLC","LEWIS DRIVE  0","141E","A","012.00","000","141E A 01200 000","ROCKWOOD APT","12","Commercial","2/25/2021"
"RIDGE APARTMENTS NASHVILLE LLC","LEWIS DRIVE  0","141E","A","013.00","000","141E A 01300 000","ROCKWOOD APT","13","Commercial","2/25/2021"
"RIDGE APARTMENTS NASHVILLE LLC","LEWIS DRIVE  0","141E","A","014.00","000","141E A 01400 000","ROCKWOOD APT","14","Commercial","2/25/2021"
"RIDGE APARTMENTS NASHVILLE LLC","LEWIS DRIVE  0","141E","A","015.00","000","141E A 01500 000","ROCKWOOD APT","15","Commercial","2/25/2021"
"RIDGE APARTMENTS NASHVILLE LLC","LEWIS DRIVE  0","141E","A","016.00","000","141E A 01600 000","ROCKWOOD APT","16","Commercial","2/25/2021"
"RIDGE APARTMENTS NASHVILLE LLC","LEWIS DRIVE  0","141E","A","017.00","000","141E A 01700 000","ROCKWOOD APT","17","Commercial","2/25/2021"
"RIDGE APARTMENTS NASHVILLE LLC","LEWIS DRIVE  0","141E","A","018.00","000","141E A 01800 000","ROCKWOOD APT","18","Commercial","2/25/2021"
"RIDGE APARTMENTS NASHVILLE LLC","LEWIS DRIVE  0","141E","A","019.00","000","141E A 01900 000","ROCKWOOD APT","19","Commercial","2/25/2021"
"RIDGE APARTMENTS NASHVILLE LLC","LEWIS DRIVE  0","141E","A","020.00","000","141E A 02000 000","ROCKWOOD APT","20","Commercial","2/25/2021"
"RIDGE APARTMENTS NASHVILLE LLC","LEWIS DRIVE  100","141E","A","024.00","000","141E A 02400 000","ROCKWOOD APT","","Commercial","2/25/2021"
"RIDGE APARTMENTS NASHVILLE LLC","LEWIS DRIVE  0","141E","A","025.00","000","141E A 02500 000","ROCKWOOD APT","","Commercial","2/25/2021"
"RIDGE APARTMENTS NASHVILLE LLC","LEWIS DRIVE  0","141E","B","001.00","000","141E B 00100 000","ROCKWOOD APT","24","Commercial","2/25/2021"
"RIDGE APARTMENTS NASHVILLE LLC","LEWIS DRIVE  0","141E","B","002.00","000","141E B 00200 000","ROCKWOOD APT","25","Commercial","2/25/2021"
"RIDGE APARTMENTS NASHVILLE LLC","LEWIS DRIVE  0","141E","B","003.00","000","141E B 00300 000","ROCKWOOD APT","26","Commercial","2/25/2021"
"RIDGE APARTMENTS NASHVILLE LLC","LEWIS DRIVE  0","141E","B","004.00","000","141E B 00400 000","ROCKWOOD APT","27","Commercial","2/25/2021"
"RIDGE APARTMENTS NASHVILLE LLC","LEWIS DRIVE  0","141E","B","005.00","000","141E B 00500 000","ROCKWOOD APT","28","Commercial","2/25/2021"
"RIDGE APARTMENTS NASHVILLE LLC","LEWIS DRIVE  0","141E","B","006.00","000","141E B 00600 000","ROCKWOOD APT","29","Commercial","2/25/2021"
"RIDGE APARTMENTS NASHVILLE LLC","LEWIS DRIVE  0","141E","B","007.00","000","141E B 00700 000","ROCKWOOD APT","30","Commercial","2/25/2021"
"RIEMENSCHNEIDER CELIA CORLEY TR CELIA CORLEY HOSSE LIVING TRUST","BROADWAY WEST  261","126C","G","025.00","000","126C G 02500 000","TOWN CREEK RE DEV","IST","Commercial","11/3/2022"
"RIGGSBEE JACKIE GLEN JO ANN RIGGSBEE PAUL","PAYNE ROAD  1160","034","","072.02","001","034    07202 001","","","Commercial","5/19/2009"
"RILEY MIKE ETUX SUSIE","FREE HILL ROAD  115","160O","C","023.00","000","160O C 02300 000","","","Commercial","1/9/2009"
"RING MARCIA S","JONES STREET  0","126F","J","053.00","000","126F J 05300 000","JONES ADD.","11-13","Commercial","2/24/2022"
"RINGEMANN AMON RINGEMANN ANNA","NORTH BROADWAY  439","033A","B","009.00","000","033A B 00900 000","","","Commercial","5/27/2019"
"RINGEMANN AMON RINGEMANN ANNA","WATER AVENUE SOUTH  420","126F","F","020.00","000","126F F 02000 000","","","Commercial","2/21/2018"
"RINGEMANN AMON RINGEMANN ANNA","HALE AVENUE  111","135C","C","003.00","000","135C C 00300 000","LONGVIEW ESTATE ADD 3","PO21+22","Commercial","2/21/2018"
"RINGEMANN AMON RINGEMANN ANNA","LONG DRIVE  109","140","","084.08","000","140    08408 000","","","Commercial","5/27/2019"
"RINOXE HOLDINGS LLC","MAIN STREET EAST  258","126C","E","012.00","000","126C E 01200 000","","","Commercial","4/10/2026"
"RIPPETEAU JAMES ROBERT TR OF JAMES R RIPPETEAU TRUST","STADIUM DRIVE  125","163D","A","017.01","000","163D A 01701 000","PATE","47,PO48","Commercial","1/11/2019"
"RIVERSIDE HOUSES LLC","CAROL ANN DRIVE  612","143G","A","016.00","000","143G A 01600 000","CLOVER BEND ESTATES SEC 2","63","Commercial","8/28/2024"
"RIVERSTONE INVESTMENTS LLC","MAIN STREET EAST  471","126D","C","004.00","000","126D C 00400 000","FREEMAN SUBDIVISION","1","Commercial","7/3/2018"
"RKS GROUP LLC","SOUTH BROADWAY  1104","039O","B","020.00","000","039O B 02000 000","CLOVERDALE","IST","Commercial","6/12/2017"
"RM HENDERSONVILLE LLC","NEW SHACKLE ISLAND RD  100","160M","A","005.07","000","160M A 00507 000","HENDERSONVILLE BUSINESS PARK","2","Commercial","1/18/2023"
"RM1 SFR PROPCO A LP C/O FIRSTKEY HOMES","SAVELY DRIVE  521","160L","C","025.00","000","160L C 02500 000","OAKVALE S/D/ SEC. 3B","0099","Commercial","9/13/2021"
"RM1 SFR PROPCO B LP C/O FIRSTKEY HOMES","JOCELYN DRIVE  260","096K","A","021.00","000","096K A 02100 000","","21","Commercial","6/6/2022"
"RMI SFR PROPCO A LP C/O FIRSTKEY HOMES","TIMBERLAKE DRIVE  189","160F","H","014.00","000","160F H 01400 000","ROLLINGBROOK TERRACE","22","Commercial","8/27/2021"
"RMI SFR PROPCO B LP C/O FIRSTKEY HOMES","SUGAR MAPLE SOUTH  105","159N","E","017.00","000","159N E 01700 000","MAPLES SEC 3 PT 2","17","Commercial","5/10/2022"
"RNB ENTERPRISES LLC","WEST MAIN STREET  361","163D","A","032.00","000","163D A 03200 000","C L POWELL","LIST","Commercial","1/25/2024"
"ROA PROPERTIES LLC","EAST MAIN & EAST EASTLAND  0","113M","G","001.00","000","113M G 00100 000","EASTLAND ADDITION","LIST","Commercial","10/25/2023"
"ROA PROPERTIES LLC","MAIN STREET EAST  528","113M","G","023.00","000","113M G 02300 000","","","Commercial","10/25/2023"
"ROACH SEAN S ROACH GINA M ETUX","HARLAN AVENUE  128","163D","C","020.00","000","163D C 02000 000","WHEELER ADDN","LIST","Commercial","12/13/2018"
"ROBERT MONTGOMERY PROPERTIES LLC","NASHVILLE PIKE  1191","125M","B","008.00","000","125M B 00800 000","LELAND HEIGHTS","6","Commercial","3/31/2020"
"ROBERTS JEROLD LEE ETUX ROBERTS KATHERINE","ACADEMY ROAD  1331","052","","026.00","001","052    02600 001","","","Commercial",""
"ROBSON KEN","MAIN STREET  122","033H","D","025.00","000","033H D 02500 000","","","Commercial","12/13/2013"
"ROBSON KEN W","MAIN STREET  124","033H","D","026.00","000","033H D 02600 000","124 MAIN ST BLDG","1","Commercial","3/7/2011"
"ROBSON KENNETH","NORTH BROADWAY  605","019M","A","002.00","000","019M A 00200 000","FLOYD PORTER PROPERT","2","Commercial","12/16/2022"
"ROCHELLE INSURANCE AGENCY LLC","CRESTMONT DRIVE  305","160F","J","012.00","000","160F J 01200 000","BRIARWOOD ESTATES","12","Commercial","9/23/2020"
"ROCHELLE INSURANCE AGENCY LLC","CRESTMONT DRIVE  309","160F","J","014.00","000","160F J 01400 000","BRIARWOOD ESTATES","14","Commercial","9/23/2020"
"ROCHELLE ROGER K ETUX CHRISTIE R","CRESTMONT DRIVE  306","160F","J","017.00","000","160F J 01700 000","BRIARWOOD ESTATES","17","Commercial","5/13/2026"
"ROCHELLE ROGER K ETUX CHRISTIE R","PARADISE DRIVE  225","163L","C","024.00","000","163L C 02400 000","HICKORY VILLAGE SEC 1 RES 86+87","86","Commercial","5/13/2026"
"ROCK PROPERTIES LLC","PARDUE AVENUE SOUTH  223","126D","B","007.00","000","126D B 00700 000","","","Commercial","6/17/2020"
"ROCK PROPERTIES LLC","RYAN DRIVE  119","160C","D","021.00","000","160C D 02100 000","HILLWOOD EST SEC 4D","21","Commercial","2/3/2022"
"ROCK PROPERTIES LLC","HOMESTEAD COURT  102","163E","C","023.00","000","163E C 02300 000","WALNUT HILLS ESTATES SEC 6","78","Commercial","1/18/2018"
"RODRIGUEZ GERARDO","VIRGINIA AVENUE  766","113K","D","021.00","000","113K D 02100 000","LANGFORD HGTS #2","1-4","Commercial","8/4/2022"
"RODRIGUEZ JESUS CALVO","HOGANS BRANCH ROAD  733","117","","064.02","000","117    06402 000","","","Commercial","2/21/2025"
"ROGAN JESSIE JR","HUBERT DRIVE","113G","D","013.00","000","113G D 01300 000","CLEARVIEW HGTS NO. 7","25","Commercial","2/12/2025"
"ROGERS GROUP INC","NASHVILLE PIKE  2124","146","","031.00","000","146    03100 000","","","Commercial","12/20/1993"
"ROGERS PAMELA K VANHOOSER MICHAEL T TR","WATER AVENUE SOUTH  1327","135L","A","014.00","000","135L A 01400 000","VALLEY OVER LOOK","37","Commercial","4/22/2015"
"ROLIN BARRY WADE TR","NASHVILLE PIKE  714","126I","A","008.00","000","126I A 00800 000","SUMNER HALL","0001","Commercial","3/1/2017"
"ROLLIN JESSE","PARK STREET  1057","044D","B","016.01","000","044D B 01601 000","","","Commercial","4/29/2024"
"ROLLINS JAMES L ROLLINS YING LI ETUX","IMPERIAL BLVD  107","163C","F","002.03","000","163C F 00203 000","IMPERIAL SQUARE SEC 12","16","Commercial","10/28/2020"
"ROLLLINS JOSEPH E JR","MAIN STREET  116","033H","D","022.00","000","033H D 02200 000","","","Commercial","3/30/2022"
"ROSENBARKER DAVID ETUX ELIZABETH","ACADEMY ROAD  3435","059","","059.02","000","059    05902 000","ENGLAND PROPERTY","1","Commercial","11/13/2025"
"ROSS ARLYN D ROSS JEAN ETUX","31W HWY  2340","097L","F","001.00","000","097L F 00100 000","SOUTHERN MEADOWS","35","Commercial","3/30/2015"
"ROSS DAVID AARON","BRUSH HILL COURT  171","135L","E","012.00","000","135L E 01200 000","BRUSH HILL","12","Commercial","2/28/2004"
"ROTHSCHILD MARTIN ETUX MARTHA","CENTER POINT ROAD  2203","139","","069.00","001","139    06900 001","","","Commercial","10/6/2025"
"ROWLAND INVESTMENTS","EAST MAIN STREET  252","159J","A","042.00","000","159J A 04200 000","MAYFAIR PH 1 REV 1","H","Commercial","1/26/2017"
"RP SSA GALLATIN LLC RP GSA FUND 1 LLC C/O","COMMONS DRIVE  637","126J","C","008.00","000","126J C 00800 000","COMMONS RESUB-COMMON","1I-1H","Commercial","4/30/2015"
"RPD REAL ESTATE HOLDING CO LLC","109N HWY OLD  1155","104","","061.01","000","104    06101 000","","","Commercial","3/29/2017"
"RRS LIMITED LLC","ROLLING ACRES DRIVE  110","097E","C","003.00","000","097E C 00300 000","ROLLING ACRES SEC 1","2","Commercial","9/1/2022"
"RS RENTAL II LLC","BEECHBROOK COURT  110","096F","D","024.00","000","096F D 02400 000","BEECHBROOK ESTATES","30","Commercial","11/12/2021"
"RS RENTAL II LLC","HIGHLAND DRIVE  508","097E","H","025.00","000","097E H 02500 000","NORTHWOODS SUBD PH 4","39","Commercial","11/30/2021"
"RS RENTAL II LLC","OLEANDER DRIVE  1003","112P","C","011.00","000","112P C 01100 000","GREEN ACRES NO 2","36-38","Commercial","11/12/2021"
"RS RENTAL II LLC","BRITTON AVENUE  837","126N","A","012.00","000","126N A 01200 000","HALEWOOD EST. ADD. 3","23","Commercial","11/26/2021"
"RS RENTAL II LLC","JAMIE DRIVE  119","127A","E","008.00","000","127A E 00800 000","BROOKFIELD EST. S/D","0005","Commercial","12/1/2021"
"RS RENTAL II LLC","HARRIS DRIVE  1003","135A","C","036.00","000","135A C 03600 000","JACOBS HEIGHTS, SEC","0108","Commercial","10/14/2021"
"RS RENTAL II LLC","OVERLOOK DRIVE  103","144M","A","029.00","000","144M A 02900 000","HILLWOOD ESTS SEC II","34","Commercial","11/11/2021"
"RS RENTAL II LLC","NEW SHACKLE ISLAND RD  212","160E","A","024.00","000","160E A 02400 000","BROOKLAWN TERRACE SE","95","Commercial","10/21/2021"
"RS RENTAL II LLC","ROBERTA DRIVE  130","170M","E","003.00","000","170M E 00300 000","DELRAY PARK ESTATES","16","Commercial","12/16/2021"
"RS RENTAL II LLC","SHIRLEY DRIVE  109","170M","F","026.00","000","170M F 02600 000","DELRAY PARK ESTATES","162","Commercial","11/23/2021"
"RS RENTAL II LLC C/O MYND MANAGEMENT","SPRUCE DRIVE  103","160K","G","028.00","000","160K G 02800 000","CEDARBROOK TERRACE S","0046","Commercial","10/25/2021"
"RS RENTAL III -A LLC","MALVIN STREET  303","126K","M","018.00","000","126K M 01800 000","URBANDALE NO 4","19-21","Commercial","1/5/2022"
"RS RENTAL III A LLC","BARBARA AVENUE  130","126K","A","005.00","000","126K A 00500 000","URBANDALE NO 4","22-23-24","Commercial","3/23/2022"
"RS RENTAL III A LLC","WILLIAMSON ROAD  1084","141D","C","006.00","000","141D C 00600 000","CIMMARON TRACE SEC 1","6","Commercial","11/9/2022"
"RS RENTAL III-A LLC","OAKDALE DRIVE  309","097E","F","016.00","000","097E F 01600 000","NORTHWOODS PHASE 1 S","518","Commercial","6/9/2022"
"RS RENTAL III-A LLC","STILLHOUSE ROAD  1000","099F","D","018.00","000","099F D 01800 000","POPLAR RIDGE S/D","95","Commercial","8/11/2022"
"RS RENTAL III-A LLC","WINDING WAY  1436","099L","A","006.00","000","099L A 00600 000","TYREE WOODS ESTS. SE","137","Commercial","12/31/2021"
"RS RENTAL III-A LLC","RALLS STREET  155","126M","D","038.00","000","126M D 03800 000","LAURELWOOD SUB","6","Commercial","7/21/2022"
"RS RENTAL III-A LLC","RAMSEY DRIVE  903","126P","F","002.00","000","126P F 00200 000","JACOBS HEIGHTS","0144","Commercial","3/30/2022"
"RS RENTAL III-A LLC","TREY LANE  293","126P","K","012.00","000","126P K 01200 000","DEER CREEK SEC 2","27","Commercial","7/28/2022"
"RS RENTAL III-A LLC","HILLWOOD COURT  113","144M","C","040.00","000","144M C 04000 000","HILLWOOD ESTS.SEC.3","90","Commercial","12/21/2021"
"RS RENTAL III-B LLC","WINDING WAY  1045","099F","E","009.00","000","099F E 00900 000","TYREE WOODS ESTS SEC","64","Commercial","7/9/2024"
"RS RENTAL III-B LLC","PACE STREET  710","113J","E","022.00","000","113J E 02200 000","CLEARVIEW HTS. NO. 3","IST","Commercial","6/13/2024"
"RS RENTAL III-B LLC","BLAKEMORE AVENUE NORTH  338","113O","G","029.00","000","113O G 02900 000","VERTRESS TERRACE","17-18","Commercial","8/16/2024"
"RS RENTALL II LLC","JAMIE DRIVE  123","127A","E","009.00","000","127A E 00900 000","BROOKFIELD ESTS","6","Commercial","12/1/2021"
"RUBINO JASON","BRUSH HILL COURT  129","135L","E","017.00","000","135L E 01700 000","BRUSH HILL","17","Commercial","3/11/2022"
"RUBRIGHT LLC","MARINA ROAD PVT  727","148","","002.00","000","148    00200 000","","","Commercial","10/31/2017"
"RUBRIGHT LLC","MARINA ROAD PVT  727","148","","002.00","001","148    00200 001","","","Commercial","10/31/2017"
"RUNION JONATHAN D","SPRINGFIELD HWY  845","142","","008.00","000","142    00800 000","","","Commercial","6/23/2022"
"RUNYAN INVESTORS LLC C/O EMILY RUNYAN","CLAREMONT COURT PVT  203","136K","H","036.00","000","136K H 03600 000","KNOLL AT FAIRVUE PH 2","49","Commercial","4/19/2024"
"RUNYAN INVESTORS LLC C/O EMILY RUNYAN","LAMOND DRIVE PVT  3119","147A","C","025.00","000","147A C 02500 000","FOXLAND CROSSING","90","Commercial","4/19/2024"
"RUNYON RODNEY D","COMMONS DRIVE  614","126J","C","003.00","000","126J C 00300 000","COMMONS","1C","Commercial","4/17/2002"
"RUPINI HOLDINGS LLC","ISLAND DRIVE  126","169C","B","022.00","000","169C B 02200 000","CHEROKEE WOODS SEC 6 PT 1","2","Commercial","10/16/2017"
"RUSE EUGEN","LOCK 4 ROAD  663","126P","E","034.00","000","126P E 03400 000","WOODLAWN EST NO 1","18-19","Commercial","2/14/2014"
"RUSSELL JASKA & MEGANN THOMPSON","COLLEGE STREET  109","033A","A","015.01","000","033A A 01501 000","CITY OF PORTLAND RES","2A","Commercial","8/21/2024"
"RUSSELL JASKA C THOMPSON MEGANN","NORTH RUSSELL STREET  107","033G","A","017.00","000","033G A 01700 000","","","Commercial","10/7/2016"
"RUSSELL JASKA C THOMPSON MEGANN","NORTH RUSSELL STREET  105","033G","A","018.00","000","033G A 01800 000","","","Commercial","10/7/2016"
"RUSSELL JASKA MEGANN SHEUCRAFT","WEST MCGLOTHLIN STREET  103","033H","C","019.00","000","033H C 01900 000","OCCASIONS","1","Commercial","9/29/2003"
"RUSSELL JASKA THOMPSON MEGANN","NORTH RUSSELL STREET  115","033G","A","014.00","000","033G A 01400 000","","","Commercial","8/1/2019"
"RUSSELL JASKA THOMPSON MEGANN","NORTH BROADWAY  202","033H","C","022.00","000","033H C 02200 000","","","Commercial","2/3/2015"
"RUSSELL JOHNNY ETUX JASKA","NORTH BROADWAY  200","033H","C","021.00","000","033H C 02100 000","","","Commercial","3/6/2009"
"RUSTIC PROPERTIES LLC","WILLIS BRANCH ROAD  1249","143","","045.01","001","143    04501 001","","","Commercial","3/10/2017"
"RUTLEDGE STEVEN R & IRA C RUTLEDGE","DRIVERS LANE  0","135L","B","040.00","000","135L B 04000 000","APPLEWOOD SEC 2","PAD+ASPH","Commercial","3/9/2023"
"S & A INVESTMENTS INC","FINCHER DRIVE  2223","045H","B","005.00","000","045H B 00500 000","TWIN HILL SEC. C.","0003","Commercial","9/18/2019"
"S & C MANAGEMENT LLC","BLYTHE AVENUE  720","113G","B","022.00","000","113G B 02200 000","MCGEE ESTATES RESUB","4","Commercial","4/3/2013"
"S & C VENTURES LLC","GRASSLAND PLACE  951","136F","A","002.00","000","136F A 00200 000","NASHVILLE PIKE BUSINESS PARK R15-17","1","Commercial","5/11/2022"
"S & F REAL ESTATE LLC","SPRINGFIELD HWY  867","141","","029.00","000","141    02900 000","FITZPATRICK S/D","0034","Commercial","6/30/2021"
"S & S ISLAND PROPERTIES LLC","WESSINGTON PLACE","160D","B","021.00","000","160D B 02100 000","COLONIAL ACRES SEC.","268A","Commercial","12/1/2012"
"S & Z COMMERCIAL RENTALS","25E HWY  3106","110","","033.00","000","110    03300 000","WAYNE LACKEY ETUX KA","1","Commercial","12/29/2025"
"S&A INVESTMENTS INC","FINCHER DRIVE  2215","045H","B","004.00","000","045H B 00400 000","TWIN HILL SEC. C.","4","Commercial","5/1/2020"
"S&S RENTAL","HILLCREST DRIVE","113L","C","009.00","000","113L C 00900 000","HOGIN SUBD RESUB-HOG","1-LIST","Commercial","8/28/2019"
"SA HENDERSONVILLE RE OWNER LLC & SA HENDERSONVILLE ECW RE OWNER LLC","INDIAN LAKE BLVD  111","159J","A","033.00","000","159J A 03300 000","MAPLE ROW SHOPPING","4","Commercial","10/16/2025"
"SABI SABI 2022 LLC","FOWLER FORD ROAD  626","033M","A","007.00","000","033M A 00700 000","TERRACE ESTATES SEC","7","Commercial","5/25/2023"
"SABI SABI 2022 LLC","WINDING WAY 1705 B  0","100I","B","001.00","000","100I B 00100 000","TYREE WOODS SEC 9","191","Commercial","10/11/2023"
"SAF SN TENNESSEE A LLC","TANGLEWOOD LANE  244","138G","B","006.00","000","138G B 00600 000","DURHAM PH 1 SEC 17","390","Commercial","9/8/2021"
"SAF SN TENNESSEE LLC","TELAVERA DRIVE  127","096I","A","036.00","000","096I A 03600 000","","297","Commercial","8/23/2021"
"SAGE APARTMENT GROUP,LLC","CINEMA DRIVE  130","145","","096.00","000","145    09600 000","INDIAN LAKE VILLAGE","46","Commercial","2/12/2015"
"SAHARA INVESTMENTS","ANDERSON LANE  132","159J","B","004.00","000","159J B 00400 000","MAPLE ROW ESTATES SE","0032","Commercial","7/10/2025"
"SAHARA INVESTMENTS","ANDERSON LANE  128","159J","B","005.00","000","159J B 00500 000","MAPLE ROW ESTATES SE","33","Commercial","7/10/2025"
"SAI AMBE CORP","HARTSVILLE PIKE  3120","110","","024.00","000","110    02400 000","","","Commercial","5/14/2018"
"SAI REALTY HOLDINGS LLC","SANDERS FERRY ROAD  133","164A","A","034.01","000","164A A 03401 000","","","Commercial","8/7/2020"
"SAINT GEORGE LAUNDROMAT LLC","NORTH BROADWAY  423","033A","B","014.00","000","033A B 01400 000","","","Commercial","2/25/2019"
"SAINT MINA REAL ESTATE LLC","52 HWY NE 1108","044","","122.03","000","044    12203 000","DR ROBERT LADD RESUB LT1A","1B-1","Commercial","8/19/2022"
"SALAZAR ISMAEL L JR ETUX ZOILA AMADA OZAETA PENA","BARRY AVENUE  119","126A","C","022.00","000","126A C 02200 000","MEADOWBROOK ADD. 1","19","Commercial","12/24/2025"
"SALIH HASHIM","LOUISVILLE HWY","121","","157.00","000","121    15700 000","","1","Commercial","12/1/2025"
"SALING RENOVATIONS LLC","MORRISON STREET  143","126F","E","027.00","001","126F E 02700 001","DOUGLAS","6","Commercial","6/16/2025"
"SAMS BLACKTOP PAVING","31W HWY NE 0","118","","130.01","000","118    13001 000","HENSON PROP SUB","3","Commercial","4/12/2006"
"SAMS REAL ESTATE BUSINESS C/O ROPERTY TAX DEPT","INDIAN LAKE BLVD  301","145","","068.01","000","145    06801 000","INDIAN LAKE VILLAGE-","32-LIST","Commercial","2/1/2011"
"SANCHEZ ALEJANDRO","WOODS RD  333","016C","C","002.00","000","016C C 00200 000","RICKY HARTLEY ESTATES","2","Commercial","7/28/2025"
"SANCHEZ ALEJANDRO","GIBSON STREET  101","020P","B","028.00","000","020P B 02800 000","SMITH & HAYES","21-22","Commercial","6/22/2023"
"SANDERS AUTO SALES","SOUTH BROADWAY  1101","039","","065.01","000","039    06501 000","","","Commercial","8/25/2008"
"SANDLIN REAL ESTATE GP INVESTMENTS LLV","EAST MAIN ST  557","159E","B","027.00","000","159E B 02700 000","BLUEGRASS VILLAGE COMM #2 RESUB 5","2","Commercial","8/26/2019"
"SANDY HANDS LLC","SIXTH AVENUE  101","033B","B","022.00","000","033B B 02200 000","SMITH-HAYES S/D, SEC","IST","Commercial","3/28/2024"
"SANDY HANDS LLC","WILLIAM DRIVE EAST  108","033L","B","008.00","000","033L B 00800 000","DRAKEWOOD SEC III","8","Commercial","11/20/2024"
"SANDY HANDS LLC","GWEN AVENUE  139","126A","A","013.00","000","126A A 01300 000","MEADOWBROOK ADD 2","0044","Commercial","5/31/2023"
"SARC TN - GOODLETTSVILLE LLC","LONG HOLLOW PIKE  0","143J","G","004.00","000","143J G 00400 000","PUBLIX REV 2","6","Commercial","10/11/2021"
"SATTERFIELD JAMES ETUX JORDAN","HARTSVILLE PIKE  1974","111","","029.01","001","111    02901 001","","","Commercial","6/9/2023"
"SAUER DOMINIQUE A","PUBLIC SQUARE  102","126C","F","014.00","000","126C F 01400 000","","","Commercial","10/1/2021"
"SAUNDERSVILLE 114 MEDICAL PROPERTIES LLC","SAUNDERSVILLE ROAD  114","145","","083.01","000","145    08301 000","","5","Commercial","6/25/2021"
"SAUNDERSVILLE PROPERTIES LLC","SAUNDERSVILLE ROAD  501","145","","044.09","000","145    04409 000","INDIAN LAKE SUBD-RES","174","Commercial","9/6/2018"
"SAVITA INVESTMENT & R & R PARTNERSHIP","WATER AVENUE SOUTH  600","126K","D","016.01","000","126K D 01601 000","MAPLEWOOD S/D RESUB","1","Commercial","9/26/2023"
"SB INVESTMENTS LLC","PLEASANT GROVE ROAD  1429","028M","A","017.00","000","028M A 01700 000","WILLIAM CORDELL CART","1","Commercial","11/10/2025"
"SB INVESTMENTS LLC","PLEASANT GROVE ROAD  1531","028M","A","022.02","000","028M A 02202 000","KEEN RESUB","2A-2","Commercial","11/10/2025"
"SB INVESTMENTS LLC","PLEASANT GROVE ROAD  1529","028M","A","022.05","000","028M A 02205 000","KEEN RESUB","2B","Commercial","11/10/2025"
"SB INVESTMENTS LLC","LAW STREET  4011","044C","B","022.00","000","044C B 02200 000","WEST VIEW ADD.","0008","Commercial","11/10/2025"
"SB INVESTMENTS LLC","LAW STREET  4008","044C","B","023.00","000","044C B 02300 000","WESTVIEW","","Commercial","11/10/2025"
"SC PORTLAND INVESTORS LLC","PORTLAND COURTYARD DR  101","033","","041.01","000","033    04101 000","","P/O1","Commercial","8/19/2022"
"SCALES NEW GENERATION FUNERAL HOME INC","ANTHONY STREET  723","113G","B","013.00","000","113G B 01300 000","CLEARVIEW HGTS SEC 5","11-LIST","Commercial","1/5/2018"
"SCHAFFHOUSER ELECTRIC CO LLC","31W HWY  3616","077","","001.00","000","077    00100 000","","","Commercial","5/30/2017"
"SCHELL BRANDON ETUX LESLIE","BRINKLEY BRANCH ROAD  1567","116","","008.04","001","116    00804 001","BRYANT LAMBERTH PROP","1","Commercial","10/23/2017"
"SCHORY AIMEE L","BROADWAY SOUTH  304","033H","H","032.00","000","033H H 03200 000","PORTLAND PROP LLC SU","2-2","Commercial","9/12/2005"
"SCHREINER COMMUNITY TRUST 2025","NASHVILLE PIKE  640","126G","A","005.00","000","126G A 00500 000","","","Commercial","4/21/2025"
"SCHREINER DAVID N","JAMES CIRCLE  0","126M","A","012.02","000","126M A 01202 000","","","Commercial","7/27/2026"
"SCHREINER DAVID N GREGORY N SCHREINER","JAMES CIRCLE  157","126M","A","010.00","000","126M A 01000 000","JAMES S/D","IST","Commercial","7/27/2026"
"SCHREINER DAVID N GREGORY N SCHREINER","JAMES CIRCLE  149","126M","A","013.01","000","126M A 01301 000","SOUTHGATE COMM SUB","2","Commercial","7/27/2026"
"SCHREINER DREW","MORNINGSIDE DRIVE WEST  117","126K","E","019.00","000","126K E 01900 000","MORNINGSIDE HGHTS","1,PO2","Commercial","11/15/2025"
"SCHREINER JAMES DREW","FRANKLIN STREET WEST  170","126C","B","011.00","000","126C B 01100 000","DEFENDER SUBDIVISION","2","Commercial","11/15/2025"
"SCHREINER JAMES DREW","FRANKLIN STREET WEST  174","126C","B","011.01","000","126C B 01101 000","DEFENDER SUBDIVISION","1","Commercial","11/15/2025"
"SCHROEDER TIMOTHY","MAPLE STREET  110","126F","L","008.00","000","126F L 00800 000","MAPLEWOOD","22-24","Commercial","9/12/2014"
"SCHROEDER TIMOTHY BRYAN","JONES STREET  150","126F","J","033.01","000","126F J 03301 000","JONES ADD.","IST","Commercial","3/4/2022"
"SCHUH615 LLC","COMMONS DRIVE  615","126J","C","010.00","000","126J C 01000 000","COMMONS RESUB-COMMON","1J-1J","Commercial","10/2/2023"
"SCHUTTER KRISTOPHER JUSTIN STRONG","COLES FERRY ROAD  639","134","","001.08","000","134    00108 000","VASKE SUB RESUB","3C","Commercial","11/20/2009"
"SCHWEGLER CATHY","HUNT CLUB BLVD  1509","146F","A","003.00","002","146F A 00300C002","HUNT CLUB OFFICE PAR","1100","Commercial","2/27/2018"
"SCORPION DEVELOPMENT LLC","BUSINESS PARK CIRCLE  3050","143J","F","007.00","007","143J F 00700C007","NORTHCREEK BUSINESS PARK SEC 14 RES 11B","11B","Commercial","7/24/2015"
"SCOTT JAMES G SCOTT GRETCHEN ETUX","FOWLER FORD ROAD  986","040","","030.00","001","040    03000 001","","","Commercial","8/26/2019"
"SCOTT MIKE ETUX BRENDA G","HIX LANE  198","113","","022.00","002","113    02200 002","","","Commercial","9/11/2002"
"SCOTTI DANIEL J TR SCOTTI 2016 REVOCABLE TRUST","SANDYE AVENUE  301","034L","A","018.01","000","034L A 01801 000","SOUTHSIDE G&L PROP S","1","Commercial","10/22/2025"
"SCRUGGS LORINDA KAY SCRUGGS JAMES D","WATER AVENUE SOUTH  1305","135L","A","007.00","000","135L A 00700 000","DRIVERS LANE RELOCATION & NICHOLS LN EXT","44","Commercial","3/21/2022"
"SEALEY ANTHONY J SEALEY SHERRI L TRS OF","MASON STREET  105","019P","A","003.00","000","019P A 00300 000","EVERGREEN SUB HWY 52","187","Commercial","3/19/2020"
"SEALEY ANTHONY J SEALEY SHERRI L TRS OF","MASON STREET  107","019P","A","004.00","000","019P A 00400 000","EVERGREEN SUB HWY 52","188","Commercial","3/19/2020"
"SEALEY ANTHONY J SEALEY SHERRI L TRS OF ETUX","MASON STREET  103","019P","A","002.00","000","019P A 00200 000","EVERGREEN SUB HWY 52","186","Commercial","3/19/2020"
"SEAY DAVID BRUCE SEAY SHERRIE M ETUX","WIX AVENUE","033J","G","035.00","000","033J G 03500 000","FLEMING-WIX PROP RES","2","Commercial","12/16/2020"
"SEAY DAVID BRUCE SEAY SHERRIE M ETUX","WIX AVENUE","033J","G","036.00","000","033J G 03600 000","DON FLEMING WIX AVE","1","Commercial","2/22/2021"
"SEED INVESTCO LLC","KINGWOOD LANE  528","096F","G","008.00","000","096F G 00800 000","SPRINGBROOK RESERVE PH3","8","Commercial","4/24/2026"
"SEED INVESTCO LLC","KINGWOOD LANE  556","096F","G","014.00","000","096F G 01400 000","SPRINGBROOK RESERVE PH3","14","Commercial","4/24/2026"
"SEED INVESTCO LLC","KINGWOOD LANE  521","096F","G","019.00","000","096F G 01900 000","SPRINGBROOK RESERVE PH3","19","Commercial","4/24/2026"
"SEED INVESTCO LLC","KINGWOOD LANE  517","096F","G","020.00","000","096F G 02000 000","SPRINGBROOK RESERVE PH3","20","Commercial","4/24/2026"
"SEIDQI ABDUL","WESSINGTON PLACE  248","145I","A","039.00","000","145I A 03900 000","CREEKWOOD ESTS. SEC.","198","Commercial","4/27/2021"
"SEIDQI ABDUL","WESSINGTON PLACE  246","145I","A","040.00","000","145I A 04000 000","CREEKWOOD ESTS. SEC.","197","Commercial","4/27/2021"
"SEIDQI ABDUL","CRESTMONT DRIVE  310","160F","J","015.00","000","160F J 01500 000","BRIARWOOD ESTATES","15","Commercial","4/27/2021"
"SEIDQI ABDUL","HARBOR DRIVE  204","163C","C","015.00","000","163C C 01500 000","HENDERSONVILLE LAKEFRONT ESTATES","16","Commercial","5/22/2023"
"SEIDQI ABDUL","DONNA DRIVE  276","163E","F","022.00","000","163E F 02200 000","CLAIRMONT MANOR REVISED","2","Commercial","4/27/2021"
"SEIDQI ABDUL K","BRUSH HILL COURT  104","135L","E","002.00","000","135L E 00200 000","BRUSH HILL","2","Commercial","5/27/2022"
"SEIDQI ABDUL K","BRUSH HILL COURT  162","135L","E","007.00","000","135L E 00700 000","BRUSH HILL","7","Commercial","5/27/2022"
"SEIDQI ABDUL K","BRUSH HILL COURT  166","135L","E","008.00","000","135L E 00800 000","BRUSH HILL","8","Commercial","5/27/2022"
"SEIDQI ABDUL K","DRIVERS LANE","135L","E","021.00","000","135L E 02100 000","BRUSH HILL","21","Commercial","5/27/2022"
"SEIGENTHALER ROBERT STEVEN","ELLEN DRIVE  609","143N","A","008.00","000","143N A 00800 000","PAGE HEIGHTS SEC 3","137","Commercial","9/30/2001"
"SELLARS OF SUMNER LLC","NORTH BROADWAY  610","019","","121.00","000","019    12100 000","DONALD COLLINS PROP","1A","Commercial","3/24/2022"
"SELLARS OF SUMNER LLC","52 HWY NE 1126","044","","122.04","000","044    12204 000","DR ROBERT LADD PROP","3A","Commercial","11/17/2020"
"SELLARS OF SUMNER LLC","ALBERT GALLATIN AVENUE E 100","113","","026.00","000","113    02600 000","ANDERSON PROP","1","Commercial","6/15/2022"
"SELLARS OF SUMNER LLC","MONTHAVEN BLVD  108","160","","050.06","000","160    05006 000","MONTHAVEN PLACE","G","Commercial","6/15/2022"
"SESLER CHERYL H","CANFIELD PLACE  114","160M","C","023.00","001","160M C 02300C001","HENDERSONVILLE COURT","1","Commercial","2/4/2016"
"SESLER CHERYL H","CANFIELD PLACE  114","160M","C","023.00","002","160M C 02300C002","HENDERSONVILLE COURT","2","Commercial","2/4/2015"
"SESSLER WILLIAM H BARBARA J SESSLER CO-TR FM","ROCKLAND ROAD  246","163C","A","001.00","000","163C A 00100 000","WILLIAM SESSLER","2","Commercial","2/25/1999"
"SEVEN STONES PARTNERSHIP","ANDERSON LANE  195","159N","G","008.03","000","159N G 00803 000","LARUE HEIGHTS SEC 4","21","Commercial","3/8/2013"
"SEVEN STONES PARTNERSHIP","EVERGREEN CIRCLE  184","160F","B","010.00","000","160F B 01000 000","BRIARCLIFF ESTATE SEC 1","61","Commercial","3/8/2013"
"SEVEN STONES PARTNERSHIP","DONMOND DRIVE  127","169P","A","014.00","000","169P A 01400 000","LAKESIDE PARK SEC 11","154","Commercial","3/8/2013"
"SEVEN STONES PARTNERSHIP","ROBINHOOD CIRCLE  162","170L","A","006.00","000","170L A 00600 000","SHERWOOD FOREST SEC B","34","Commercial","3/8/2013"
"SFP PROPERTIES LLC","SANDERS FERRY ROAD  125","164A","A","030.00","000","164A A 03000 000","","","Commercial","2/12/2021"
"SFR 2025 2 BORROWER LLC C/O HOME PARTNERS HOLDINGS LLC","GOODMAN DRIVE  407","114K","H","006.00","000","114K H 00600 000","","8","Commercial","8/1/2025"
"SFR 2025 2 BORROWER LLC C/O HOME PARTNERS HOLDINGS LLC","BLACK THORN LANE  412","124C","A","001.00","000","124C A 00100 000","CARELLTON PH 2A","139","Commercial","8/1/2025"
"SFR 2025 2 BORROWER LLC C/O HOME PARTNERS HOLDINGS LLC","LINDYN LEE WAY  1049","127G","A","009.00","000","127G A 00900 000","","9","Commercial","8/1/2025"
"SFR 2025 2 BORROWER LLC C/O HOME PARTNERS HOLDINGS LLC","SADDLEWOOD LANE  108","138G","B","015.00","000","138G B 01500 000","DURHAM PH 1 SEC 17","381","Commercial","8/1/2025"
"SFR ACQUISITIONS 1 LLC","LUCINDA LANE  103","159A","J","014.00","000","159A J 01400 000","COLONIAL ACRES SEC 3","229","Commercial","1/8/2022"
"SFR ACQUISITIONS 2 LLC","HEMPSTEAD COURT  231","124C","A","024.00","000","124C A 02400 000","","162","Commercial","3/22/2022"
"SFR ACQUISITIONS 2 LLC","HOLTON ROAD  1554","135G","D","012.00","000","135G D 01200 000","PATTERSON FARMS PH 2","113","Commercial","3/28/2022"
"SFR ACQUISITIONS 3 LLC","FALCON CREST  1005","105C","A","002.00","000","105C A 00200 000","COUNTRY ESTATES","2","Commercial","6/27/2022"
"SFR ACQUISITIONS 6 LLC","COUNTRY CLUB DRIVE  128","159K","C","004.00","000","159K C 00400 000","LAKE CLUB EST.","80","Commercial","11/9/2021"
"SFR BORROWER 2021-2 LLC","INNSBROOKE AVENUE  955","146H","B","011.00","000","146H B 01100 000","MILLSTONE","11","Commercial","6/22/2022"
"SFR FUND VI BORROWER LLC","SNAPDRAGON LANE  627","138C","D","052.00","000","138C D 05200 000","DURHAM FARMS PH 3 SEC 32","1001","Commercial","10/31/2023"
"SFR FUND VI BORROWER LLC","SNAPDRAGON LANE  615","138C","D","055.00","000","138C D 05500 000","DURHAM FARMS PH 3 SEC 32","1004","Commercial","10/31/2023"
"SFR FUND VI BORROWER LLC","SNAPDRAGON LANE  607","138C","D","057.00","000","138C D 05700 000","DURHAM FARMS PH 3 SEC 32","1006","Commercial","9/28/2023"
"SFR FUND VI BORROWER LLC","SNAPDRAGON LANE  599","138C","D","059.00","000","138C D 05900 000","DURHAM FARMS PH 3 SEC 32","1008","Commercial","9/28/2023"
"SFR II BORROWER 2021-3 LLC","FREDERICKSBURG DRIVE  632","148H","B","009.00","000","148H B 00900 000","","13","Commercial","12/22/2021"
"SFR JV 1 2019 1 BORROWER LLC","HEATHER DRIVE  1005","099J","A","006.00","000","099J A 00600 000","RIDGECREST PH 2","6","Commercial","6/2/2026"
"SFR JV 1 2019 1 BORROWER LLC","STRATFORD PARK BLVD  323","114O","A","003.00","000","114O A 00300 000","STRATFORD PARK","87","Commercial","6/2/2026"
"SFR JV 1 2019 1 BORROWER LLC","HOMESTEAD PLACE WEST  113","144N","A","015.00","000","144N A 01500 000","HOMESTEAD PLACE PHAS","75","Commercial","9/26/2019"
"SFR JV 1 2019 1 BORROWER LLC","IRIS DRIVE  275","144N","E","001.00","000","144N E 00100 000","HOMESTEAD PLACE PH 3","73","Commercial","9/26/2019"
"SFR JV 1 2019 1 BORROWER LLC","SMOKY MOUNTAINS DRIVE  677","148I","A","031.00","000","148I A 03100 000","CUMBERLAND PLACE N SEC 2","117","Commercial","9/26/2019"
"SFR JV 1 2020 1 BORROWER LLC","BEXLEY WAY  200","096H","E","026.00","000","096H E 02600 000","","281","Commercial","6/2/2026"
"SFR JV 1 2020 1 BORROWER LLC","SUMMERLIN DRIVE  116","113P","H","023.00","000","113P H 02300 000","FAIRWAYS HEIGHTS SEC","23","Commercial","7/21/2020"
"SFR JV 1 2020 1 BORROWER LLC","MIDDLETON LANE  1026","114G","A","010.00","000","114G A 01000 000","CAMBRIDGE FARMS PH 1","135","Commercial","7/21/2020"
"SFR JV 1 2020 1 BORROWER LLC","MIDDLETON LANE  1011","114G","A","012.00","000","114G A 01200 000","CAMBRIDGE FARMS PH 1","151","Commercial","6/2/2026"
"SFR JV 1 2020 1 BORROWER LLC","WENTWORTH DRIVE  1420","114G","A","016.00","000","114G A 01600 000","CAMBRIDGE FARMS PH 1","147","Commercial","7/21/2020"
"SFR JV 1 2020 1 BORROWER LLC","MIDDLETON LANE  1033","114G","B","006.00","000","114G B 00600 000","RESERVE PH 1 SEC 2","153","Commercial","6/2/2026"
"SFR JV 1 2020 1 BORROWER LLC","MIDDLETON LANE  1038","114G","B","010.00","000","114G B 01000 000","RESERVE PH 1 SEC 2","139","Commercial","6/2/2026"
"SFR JV 1 2020 1 BORROWER LLC","HACKNEY LANE  112","114K","I","002.00","000","114K I 00200 000","","123","Commercial","7/21/2020"
"SFR JV 1 2020 1 BORROWER LLC","ABBEY ROAD  146","114M","D","025.00","000","114M D 02500 000","EAGLE CREEK SEC 5","160","Commercial","7/21/2020"
"SFR JV 1 2020 1 BORROWER LLC","NELMS DRIVE  771","114N","F","064.00","000","114N F 06400 000","FAIRWAY FARMS PH 1 S","307","Commercial","7/21/2020"
"SFR JV 1 2020 1 BORROWER LLC","NELMS DRIVE  767","114N","F","065.00","000","114N F 06500 000","FAIRWAY FARMS PH 1 S","306","Commercial","7/21/2020"
"SFR JV 1 2020 1 BORROWER LLC","WILLOW CREST COURT  114","120F","A","028.00","000","120F A 02800 000","WILLOW CREEK SEC 2","74","Commercial","7/21/2020"
"SFR JV 1 2020 1 BORROWER LLC","MANSKER DRIVE  2013","120K","B","028.00","000","120K B 02800 000","NORTH POINTE PHASE I","67","Commercial","7/21/2020"
"SFR JV 1 2020 1 BORROWER LLC","TOWER HILL LANE  1016","123P","C","030.00","000","123P C 03000 000","TOWER HILL PH 1-LONG","45-45","Commercial","7/21/2020"
"SFR JV 1 2020 1 BORROWER LLC","ABBERLEY CIRCLE  1004","124H","A","030.00","000","124H A 03000 000","CREEKSIDE AT STATION","A20","Commercial","6/2/2026"
"SFR JV 1 2020 1 BORROWER LLC","FLAXTON STREET  1013","124H","B","036.00","000","124H B 03600 000","CREEKSIDE AT STATION","B61","Commercial","7/21/2020"
"SFR JV 1 2020 1 BORROWER LLC","MERRICK ROAD  1040","124H","D","026.00","000","124H D 02600 000","","B95","Commercial","7/21/2020"
"SFR JV 1 2020 1 BORROWER LLC","FULMAN ROAD  1031","124I","A","021.00","000","124I A 02100 000","CREEKSIDE AT STATION","C21","Commercial","6/2/2026"
"SFR JV 1 2020 1 BORROWER LLC","FULMAN ROAD  1028","124I","A","023.00","000","124I A 02300 000","CREEKSIDE AT STATION","C135","Commercial","7/21/2020"
"SFR JV 1 2020 1 BORROWER LLC","HARMONY LANE  1023","124I","B","032.00","000","124I B 03200 000","CREEKSIDE AT STATION","C83","Commercial","7/21/2020"
"SFR JV 1 2020 1 BORROWER LLC","HARMONY LANE  1015","124I","B","036.00","000","124I B 03600 000","CREEKSIDE AT STATION","C79","Commercial","7/21/2020"
"SFR JV 1 2020 1 BORROWER LLC","HARMONY LANE  1009","124I","B","039.00","000","124I B 03900 000","CREEKSIDE AT STATION","C76","Commercial","7/21/2020"
"SFR JV 1 2020 1 BORROWER LLC","HARMONY LANE  1003","124I","B","042.00","000","124I B 04200 000","CREEKSIDE AT STATION","C73","Commercial","7/21/2020"
"SFR JV 1 2020 1 BORROWER LLC","PATMORE LANE  1021","124I","B","058.00","000","124I B 05800 000","CREEKSIDE AT STATION","C110","Commercial","6/2/2026"
"SFR JV 1 2020 1 BORROWER LLC","PATMORE LANE  1027","124I","D","057.00","000","124I D 05700 000","CREEKSIDE AT STATION","C113","Commercial","7/21/2020"
"SFR JV 1 2020 1 BORROWER LLC","PITTMAN DRIVE  1012","124O","A","101.00","000","124O A 10100 000","STONE CREEK PH 3","101","Commercial","7/21/2020"
"SFR JV 1 2020 1 BORROWER LLC","SAGEWOOD DRIVE WEST  806","125B","A","020.00","000","125B A 02000 000","STRATFORD PARK PH 1","25","Commercial","7/21/2020"
"SFR JV 1 2020 1 BORROWER LLC","WENDLING BLVD  375","125C","A","002.00","000","125C A 00200 000","FAIRWAY FARMS PH 3 S","39","Commercial","6/2/2026"
"SFR JV 1 2020 1 BORROWER LLC","ALBION CIRCLE  543","126L","E","041.00","000","126L E 04100 000","ALBION DOWNS","41","Commercial","7/21/2020"
"SFR JV 1 2020 1 BORROWER LLC","ALBION WAY  509","126L","E","045.00","000","126L E 04500 000","ALBION DOWNS","45","Commercial","6/2/2026"
"SFR JV 1 2020 1 BORROWER LLC","COTTONWOOD DRIVE  578","126O","E","023.00","000","126O E 02300 000","FOXFIRE SEC 2","23","Commercial","7/21/2020"
"SFR JV 1 2020 1 BORROWER LLC","MORRIS DRIVE EAST  271","135B","A","033.00","000","135B A 03300 000","GREEN WAVE PARK SEC 3","21","Commercial","7/21/2020"
"SFR JV 1 2020 1 BORROWER LLC","ANNAPOLIS BEND CIRCLE  218","137G","B","010.03","000","137G B 01003 000","SAUNDERSVILLE STATION PH 5 SEC 9","481","Commercial","7/21/2020"
"SFR JV 1 2020 1 BORROWER LLC","JAMESON PLACE  112","137G","E","018.00","000","137G E 01800 000","SAUNDERSVILLE STATION PH 7 SEC 2","555","Commercial","6/2/2026"
"SFR JV 1 2020 1 BORROWER LLC","ANNAPOLIS BEND CIRCLE  160","137J","C","041.00","000","137J C 04100 000","SAUNDERSVILLE STATION PH 5 SEC 8","348","Commercial","7/21/2020"
"SFR JV 1 2020 1 BORROWER LLC","CROOKED CREEK COURT  101","137O","B","063.00","000","137O B 06300 000","WYNBROOKE PH 1","63","Commercial","6/2/2026"
"SFR JV 1 2020 1 BORROWER LLC","CROOKED CREEK COURT  105","137O","B","065.00","000","137O B 06500 000","WYNBROOKE PH 1","65","Commercial","7/21/2020"
"SFR JV 1 2020 1 BORROWER LLC","CROOKED CREEK COURT  113","137O","B","075.00","000","137O B 07500 000","WYNBROOKE PH 1 RES 74+75","75","Commercial","6/2/2026"
"SFR JV 1 2020 1 BORROWER LLC","CEDAR RIDGE LANE  127","137O","E","025.00","000","137O E 02500 000","WYNBROOKE PH 4","199","Commercial","6/2/2026"
"SFR JV 1 2020 1 BORROWER LLC","AVERY TRACE CIRCLE  1027","138K","F","035.00","000","138K F 03500 000","AUTUMN CREEK SEC 3","17","Commercial","7/21/2020"
"SFR JV 1 2020 1 BORROWER LLC","JESSE BROWN DRIVE  116","141D","C","028.00","000","141D C 02800 000","CIMMARON TRACE SEC 1","28","Commercial","7/21/2020"
"SFR JV 1 2020 1 BORROWER LLC","OVERLOOK TRAIL  106","141D","E","026.00","000","141D E 02600 000","CIMMARON TRACE SEC 3","149","Commercial","7/21/2020"
"SFR JV 1 2020 1 BORROWER LLC","ROSE GARDEN LANE  125","143A","G","004.00","000","143A G 00400 000","BRAXTON PARK AT WOODWYN HILLS SEC 4","166","Commercial","7/21/2020"
"SFR JV 1 2020 1 BORROWER LLC","ROSE GARDEN LANE  116","143A","G","014.00","000","143A G 01400 000","BRAXTON PARK AT WOODWYN HILLS SEC 4","74","Commercial","7/21/2020"
"SFR JV 1 2020 1 BORROWER LLC","LINDSEY DRIVE  104","143O","D","009.00","000","143O D 00900 000","ASHLIN DOWNS RES 8+9","9","Commercial","7/21/2020"
"SFR JV 1 2020 1 BORROWER LLC","IRIS DRIVE  283","144N","E","011.00","000","144N E 01100 000","HOMESTEAD PLACE PH 3","24","Commercial","7/21/2020"
"SFR JV 1 2020 1 BORROWER LLC","IRIS DRIVE  289","144N","E","014.00","000","144N E 01400 000","HOMESTEAD PLACE PH 3","27","Commercial","7/21/2020"
"SFR JV 1 2020 1 BORROWER LLC","SHADOWHAVEN WAY  113","146A","E","030.00","000","146A E 03000 000","STONECREST PH 2 SEC","121","Commercial","7/21/2020"
"SFR JV 1 2020 1 BORROWER LLC","HAVENWOOD COURT  100","146H","A","009.00","000","146H A 00900 000","STONECREST PH 1","9","Commercial","6/2/2026"
"SFR JV 1 2020 1 BORROWER LLC","CABIN BRANCH CIRCLE  120","158A","D","037.00","000","158A D 03700 000","WINSTON HILLS PH 1 SEC 2","36","Commercial","6/2/2026"
"SFR JV 1 2020 1 BORROWER LLC","EVIAN SPRINGS WAY  106","158A","G","028.00","000","158A G 02800 000","WINSTON HILLS PH 5 SEC 1","28","Commercial","7/21/2020"
"SFR JV 1 2020 1 BORROWER LLC","NORTHLAKE DRIVE  158","159K","F","015.00","000","159K F 01500 000","BRADFORD SHADE SEC 2","39","Commercial","6/2/2026"
"SFR JV 1 2020 1 BORROWER LLC","BRADFORD CIRCLE  119","159K","F","033.00","000","159K F 03300 000","BRADFORD SHADE SEC 2","50","Commercial","7/21/2020"
"SFR JV 1 2020 1 BORROWER LLC","BRAXTON LANE EAST  155","160C","E","011.00","000","160C E 01100 000","TRACE AT ALEXANDREA-","35","Commercial","7/21/2020"
"SFR JV 1 2020 1 BORROWER LLC","ALRED CIRCLE  108","160D","B","027.00","000","160D B 02700 000","IRIS COVE","5","Commercial","7/21/2020"
"SFR JV 1 2020 1 BORROWER LLC","SUMMERLAKE PLACE  121","163D","E","019.07","000","163D E 01907 000","SUMMERLAKE SEC 3 PH 1","5","Commercial","7/21/2020"
"SFR JV 1 2020 1 BORROWER LLC","BENTREE DRIVE  111","164C","D","041.00","000","164C D 04100 000","BENT TREE","6","Commercial","6/2/2026"
"SFR JV 1 2020 1 BORROWER LLC","COLDWATER DRIVE  133","164C","E","008.00","000","164C E 00800 000","OTTER CREEK REVISION 1","8","Commercial","6/2/2026"
"SFR JV 1 2020 1 BORROWER LLC","CARLTON DRIVE  106","164D","E","024.00","000","164D E 02400 000","EAGLES RUN","22","Commercial","7/21/2020"
"SFR JV 1 2020 1 BORROWER LLC","BERRY HILL DRIVE  91","164G","H","083.00","000","164G H 08300 000","BERRY HILL PH 1 SEC 2","8","Commercial","6/2/2026"
"SFR JV 1 2020 1 BORROWER LLC","COBBLER CIRCLE  130","164G","J","016.00","000","164G J 01600 000","BERRY HILL SEC 2 PH 2A","104","Commercial","6/2/2026"
"SFR JV 1 2020 1 BORROWER LLC","COBBLER CIRCLE  136","164G","J","019.00","000","164G J 01900 000","BERRY HILL SEC 2 PH 2A","101","Commercial","7/21/2020"
"SFR JV 1 2020 1 BORROWER LLC","RULAND CIRCLE  131","169F","D","007.00","000","169F D 00700 000","MEADOWS OF INDIAN LA","38-38","Commercial","7/21/2020"
"SFR JV 1 2021 1 BORROWER LLC","HIGHLAND DRIVE  901","096H","A","016.00","000","096H A 01600 000","NORTHWOODS PHASE 7 S","139","Commercial","6/2/2026"
"SFR JV 1 2021 1 BORROWER LLC","SOUTH WESTLAND AVE  839","126L","C","025.02","000","126L C 02502 000","ALBION DOWNS PH 2","60","Commercial","11/9/2021"
"SFR JV 1 PROPRTY LLC","EAST RIDGE COURT  103","159K","F","017.00","000","159K F 01700 000","BRADFORD SHADE SEC 2","41","Commercial","11/20/2019"
"SFR JV 2020 1 BORROWER LLC C/O TRICON AMERICAN HOMES LLC","WHITE OAK COURT  102","159A","O","011.00","000","159A O 01100 000","GLEN OAK SEC 2","77","Commercial","7/21/2020"
"SFR JV 3 PROPERTY LLC","CRABOURNE DR  157","096G","H","034.00","000","096G H 03400 000","SUMMERLIN SUBDIVISION","115","Commercial","12/23/2024"
"SFR JV 3 PROPERTY LLC","AUXLEY COURT  124","096I","B","008.00","000","096I B 00800 000","SUMMERLIN PH 5","26","Commercial","12/20/2024"
"SFR JV 3 PROPERTY LLC","WICKSHIRE DRIVE  1013","114G","C","035.00","000","114G C 03500 000","RESERVE PH4","124","Commercial","6/3/2025"
"SFR JV 3 PROPERTY LLC","MONTICELLO PLACE  1031","127C","D","025.00","000","127C D 02500 000","CAIRO LANDING PH 2","36","Commercial","10/2/2024"
"SFR JV 3 PROPERTY LLC","SMOKY MOUNTAINS DRIVE  585","148I","B","008.00","000","148I B 00800 000","CUMBERLAND PLACE N SEC 4 PH 1","94","Commercial","10/18/2025"
"SFR JV 3 PROPERTY LLC","WALTON TRACE SOUTH  134","170L","H","002.00","000","170L H 00200 000","WALTON TRACE PH 3","73","Commercial","2/26/2025"
"SFR JV HD 2024 1 BORROWER LLC C/O TRICON AMERICAN HOMES LLC","BEXLEY WAY  265","096I","B","025.00","000","096I B 02500 000","SUMMERLIN PH 5","43","Commercial","4/16/2024"
"SFR JV HD 2024 1 BORROWER LLC C/O TRICON AMERICAN HOMES LLC","HOLTON ROAD  1521","135G","D","065.00","000","135G D 06500 000","PATTERSON FARMS PH 2","105","Commercial","4/16/2024"
"SFR JV-1 2021-1 BORROWER LLC","BRIGHAM COURT  114","096C","B","005.00","000","096C B 00500 000","BRIDLE CREEK SEC 3","29","Commercial","11/9/2021"
"SFR JV-1 2021-1 BORROWER LLC","TELAVERA DRIVE  287","096G","C","029.00","000","096G C 02900 000","","220","Commercial","6/2/2026"
"SFR JV-1 2021-1 BORROWER LLC","TELAVERA DRIVE  275","096G","C","032.00","000","096G C 03200 000","","223","Commercial","11/9/2021"
"SFR JV-1 2021-1 BORROWER LLC","PEMBROKE COURT  108","096H","A","022.00","000","096H A 02200 000","NORTHWOODS PHASE 7 S","149","Commercial","11/9/2021"
"SFR JV-1 2021-1 BORROWER LLC","TELAVERA DRIVE  143","096I","A","032.00","000","096I A 03200 000","","293","Commercial","6/2/2026"
"SFR JV-1 2021-1 BORROWER LLC","HEATHER DRIVE  1013","099J","A","010.00","000","099J A 01000 000","RIDGECREST PH 2","10","Commercial","4/16/2026"
"SFR JV-1 2021-1 BORROWER LLC","MARBLE COURT  456","112O","B","015.00","000","112O B 01500 000","STONEHEDGE SEC 4","85","Commercial","11/9/2021"
"SFR JV-1 2021-1 BORROWER LLC","OSPREY DRIVE  326","114D","C","020.00","000","114D C 02000 000","TWIN EAGLES PH9","276","Commercial","6/2/2026"
"SFR JV-1 2021-1 BORROWER LLC","LASSITER DRIVE  2010","120K","B","016.00","000","120K B 01600 000","NORTH POINTE PHASE I","97","Commercial","11/9/2021"
"SFR JV-1 2021-1 BORROWER LLC","CREEKVIEW LANE  3002","120L","A","005.00","000","120L A 00500 000","NORTH POINTE PHASE 1","117","Commercial","11/9/2021"
"SFR JV-1 2021-1 BORROWER LLC","RIDGE TRAIL  1022","120L","B","033.00","000","120L B 03300 000","NORTH POINTE PH 2","172","Commercial","6/2/2026"
"SFR JV-1 2021-1 BORROWER LLC","CARELLTON DRIVE  311","124B","E","057.00","000","124B E 05700 000","","239","Commercial","6/2/2026"
"SFR JV-1 2021-1 BORROWER LLC","HEMPSTEAD COURT  239","124C","A","022.00","000","124C A 02200 000","","160","Commercial","6/2/2026"
"SFR JV-1 2021-1 BORROWER LLC","GANNETT ROAD  1045","124I","B","068.00","000","124I B 06800 000","CREEKSIDE AT STATION","C157","Commercial","11/9/2021"
"SFR JV-1 2021-1 BORROWER LLC","LINDYN LEE WAY  1040","127G","A","035.00","000","127G A 03500 000","","35","Commercial","11/9/2021"
"SFR JV-1 2021-1 BORROWER LLC","RYAN COURT  1030","135B","B","006.00","000","135B B 00600 000","ELK ACRES SEC 1 RES 1-6","6","Commercial","6/2/2026"
"SFR JV-1 2021-1 BORROWER LLC","CIMMARON DRIVE  116","141D","C","052.00","000","141D C 05200 000","CIMMARON TRACE SEC 1","52","Commercial","11/9/2021"
"SFR JV-1 2021-1 BORROWER LLC","JESSE BROWN DRIVE  134","141D","D","041.00","000","141D D 04100 000","CIMMARON TRACE SEC 2","105","Commercial","11/9/2021"
"SFR JV-1 2021-1 BORROWER LLC","BRAXTON PARK LANE  154","142D","A","019.02","000","142D A 01902 000","BRAXTON PARK AT WOODWYN HILLS S3","27B","Commercial","11/9/2021"
"SFR JV-1 2021-1 BORROWER LLC","CLOVERFIELD COURT  107","145P","E","029.00","000","145P E 02900 000","GLEN OAKS SEC 3","192","Commercial","6/2/2026"
"SFR JV-1 2021-1 BORROWER LLC","OLYMPIC WAY  1003","148I","A","041.00","000","148I A 04100 000","CUMBERLAND PLACE N SEC 2","107","Commercial","11/9/2021"
"SFR JV-1 2021-1 BORROWER LLC","BRYCE CANYON WAY  430","148I","E","017.00","000","148I E 01700 000","","74","Commercial","11/9/2021"
"SFR JV-1 2021-1 BORROWER LLC","EDGEWATER COURT  104","159M","E","029.00","000","159M E 02900 000","EDGEWATER SEC 2","40","Commercial","11/9/2021"
"SFR JV-1 2021-1 BORROWER LLC","TOWNSHIP DRIVE  206","160C","C","039.00","000","160C C 03900 000","HILLWOOD SEC. 4-C PA","51","Commercial","6/2/2026"
"SFR JV-1 2021-1 BORROWER LLC","RIVER BEND ROAD  103","163L","K","001.00","000","163L K 00100 000","GATES OF THE PENINSULA PH 3 SEC 2","22","Commercial","11/9/2021"
"SFR JV-2 2022-1 BORROWER LLC % TRICON AMERICAN HOMES LLC","BEXLEY WAY  169","096H","E","009.00","000","096H E 00900 000","","248","Commercial","4/7/2022"
"SFR JV-2 2022-1 BORROWER LLC % TRICON AMERICAN HOMES LLC","BEXLEY WAY  176","096H","E","020.00","000","096H E 02000 000","","275","Commercial","4/7/2022"
"SFR JV-2 2022-1 BORROWER LLC % TRICON AMERICAN HOMES LLC","JOCELYN DRIVE  220","096K","A","031.00","000","096K A 03100 000","","31","Commercial","4/7/2022"
"SFR JV-2 2022-1 BORROWER LLC % TRICON AMERICAN HOMES LLC","AMELIA COURT  102","099J","A","020.00","000","099J A 02000 000","RIDGECREST PH 2","60","Commercial","4/7/2022"
"SFR JV-2 2022-1 BORROWER LLC % TRICON AMERICAN HOMES LLC","OSPREY DRIVE  214","114E","D","017.00","000","114E D 01700 000","TWIN EAGLES","111","Commercial","4/7/2022"
"SFR JV-2 2022-1 BORROWER LLC % TRICON AMERICAN HOMES LLC","OSPREY DRIVE  229","114E","E","001.00","000","114E E 00100 000","TWIN EAGLES PH 6","182","Commercial","4/7/2022"
"SFR JV-2 2022-1 BORROWER LLC % TRICON AMERICAN HOMES LLC","WILDCAT RUN  280","114E","G","019.00","000","114E G 01900 000","TWIN EAGLES PH 7 SEC","198","Commercial","4/7/2022"
"SFR JV-2 2022-1 BORROWER LLC % TRICON AMERICAN HOMES LLC","CARELLTON DRIVE  279","124B","E","072.00","000","124B E 07200 000","","224","Commercial","4/7/2022"
"SFR JV-2 2022-1 BORROWER LLC % TRICON AMERICAN HOMES LLC","CARELLTON DRIVE  277","124B","E","073.00","000","124B E 07300 000","","223","Commercial","4/7/2022"
"SFR JV-2 2022-1 BORROWER LLC % TRICON AMERICAN HOMES LLC","ALBION CIRCLE  525","126L","E","044.00","000","126L E 04400 000","ALBION DOWNS","44","Commercial","4/7/2022"
"SFR JV-2 2022-1 BORROWER LLC % TRICON AMERICAN HOMES LLC","LINDYN LEE WAY  1056","127G","A","039.00","000","127G A 03900 000","","39","Commercial","4/7/2022"
"SFR JV-2 2022-1 BORROWER LLC % TRICON AMERICAN HOMES LLC","HARPER DEAN WAY  1047","127G","A","046.00","000","127G A 04600 000","","46","Commercial","4/7/2022"
"SFR JV-2 2022-1 BORROWER LLC % TRICON AMERICAN HOMES LLC","HARPER DEAN WAY  1084","127G","B","015.00","000","127G B 01500 000","","62","Commercial","4/7/2022"
"SFR JV-2 2022-1 BORROWER LLC % TRICON AMERICAN HOMES LLC","BRAXTON PARK LANE  122","142D","A","005.00","000","142D A 00500 000","BRAXTON PARK AT WOODWYN HILLS S2","13","Commercial","4/7/2022"
"SFR JV-2 2022-1 BORROWER LLC % TRICON AMERICAN HOMES LLC","SMOKY MOUNTAINS DRIVE  564","148I","D","019.00","000","148I D 01900 000","","177","Commercial","4/7/2022"
"SFR JV-2 2022-2 BORROWER LLC","BEXLEY WAY  140","096G","C","019.00","000","096G C 01900 000","","266","Commercial","6/14/2022"
"SFR JV-2 2022-2 BORROWER LLC","BEXLEY WAY  137","096G","C","023.00","000","096G C 02300 000","","254","Commercial","6/14/2022"
"SFR JV-2 2022-2 BORROWER LLC","BEXLEY WAY  172","096H","E","019.00","000","096H E 01900 000","","274","Commercial","6/14/2022"
"SFR JV-2 2022-2 BORROWER LLC","TELAVERA DRIVE  172","096I","A","014.00","000","096I A 01400 000","","14","Commercial","6/14/2022"
"SFR JV-2 2022-2 BORROWER LLC","JOCELYN DRIVE  212","096K","A","033.00","000","096K A 03300 000","","33","Commercial","6/14/2022"
"SFR JV-2 2022-2 BORROWER LLC","JOCELYN DRIVE  229","096K","A","036.00","000","096K A 03600 000","","36","Commercial","6/14/2022"
"SFR JV-2 2022-2 BORROWER LLC","HUNTERWOOD DRIVE  101","097L","C","021.00","000","097L C 02100 000","NORTHWOODS PH 7 SEC-","236-236","Commercial","6/14/2022"
"SFR JV-2 2022-2 BORROWER LLC","LILYCREST DRIVE  647","114E","C","029.00","000","114E C 02900 000","TWIN EAGLES PH 4","85","Commercial","6/14/2022"
"SFR JV-2 2022-2 BORROWER LLC","SAGEWOOD DRIVE EAST  1064","114O","A","030.00","000","114O A 03000 000","","51","Commercial","6/14/2022"
"SFR JV-2 2022-2 BORROWER LLC","BENWICK ROAD  1021","124I","D","037.00","000","124I D 03700 000","CREEKSIDE AT STATION","C50","Commercial","6/14/2022"
"SFR JV-2 2022-2 BORROWER LLC","STRATFORD PARK BLVD  386","125B","A","033.00","000","125B A 03300 000","STRATFORD PARK PH 1","9","Commercial","6/14/2022"
"SFR JV-2 2022-2 BORROWER LLC","ALBION CIRCLE  522","126L","E","020.00","000","126L E 02000 000","ALBION DOWNS","20","Commercial","6/14/2022"
"SFR JV-2 2022-2 BORROWER LLC","HARPER DEAN WAY  1008","127G","A","031.00","000","127G A 03100 000","","21","Commercial","6/14/2022"
"SFR JV-2 2022-2 BORROWER LLC","HARPER DEAN WAY  1000","127G","A","033.00","000","127G A 03300 000","","19","Commercial","6/14/2022"
"SFR JV-2 2022-2 BORROWER LLC","RYAN AVENUE  512","135B","B","025.00","000","135B B 02500 000","ELK ACRES SEC 1","20","Commercial","6/14/2022"
"SFR JV-2 2022-2 BORROWER LLC","CAMPBELL AVENUE  1092","135B","F","015.00","000","135B F 01500 000","ELK ACRES SEC 4","116","Commercial","6/14/2022"
"SFR JV-2 2022-2 BORROWER LLC","LEAH COURT  221","135B","G","024.00","000","135B G 02400 000","ELK ACRES SEC 5","141","Commercial","6/14/2022"
"SFR JV-2 2022-2 BORROWER LLC","MESA VERDE PLACE  820","148I","C","004.00","000","148I C 00400 000","","162","Commercial","6/14/2022"
"SFR JV-2 2022-2 BORROWER LLC","MESA VERDE PLACE  819","148I","C","018.00","000","148I C 01800 000","","148","Commercial","6/14/2022"
"SFR JV-2 2023-1 BORROWER LLC","SPRING STREET  302","077G","D","009.02","000","077G D 00902 000","","3","Commercial","6/21/2023"
"SFR JV-2 2023-1 BORROWER LLC","WESTGATE DRIVE  1111","135F","F","024.00","000","135F F 02400 000","PATTERSON FARMS PH 1","55","Commercial","6/21/2023"
"SFR JV-2 2023-1 BORROWER LLC","COATES LANE  1363","135F","F","062.00","000","135F F 06200 000","PATTERSON FARMS PH 1","19","Commercial","6/21/2023"
"SFR JV-2 2023-1 BORROWER LLC","CAMBRIDGE DRIVE  108","135H","E","055.00","000","135H E 05500 000","ACADEMY ACRES SEC 1","51","Commercial","6/21/2023"
"SFR JV-2 2023-1 BORROWER LLC","ANNAPOLIS BEND CIRCLE  166","137G","D","003.00","000","137G D 00300 000","SAUNDERSVILLE  STATION PH 7 SEC 5","352","Commercial","6/21/2023"
"SFR JV-2 2023-1 BORROWER LLC","HOMESTEAD PLACE  123","144N","B","021.00","000","144N B 02100 000","HOMESTEAD PLACE PH 2","69","Commercial","6/21/2023"
"SFR JV-2 2023-1 BORROWER LLC","CAPITOL REEF DRIVE  103","148I","D","006.00","000","148I D 00600 000","","89","Commercial","6/21/2023"
"SFR JV-2 2023-1 BORROWER LLC","EMERY BAY CIRCLE  1127","163E","B","003.02","016","163E B 00302C016","WATERFORD VILLAGE","16","Commercial","6/21/2023"
"SFR JV-2 2023-1 BORROWER LLC","FRENCH BAYOU LANE  2010","163E","B","003.02","034","163E B 00302C034","WATERFORD VILLAGE","34","Commercial","6/21/2023"
"SFR JV-2 2023-1 BORROWER LLC","COLDWATER DRIVE  125","164C","E","012.00","000","164C E 01200 000","OTTER CREEK REVISION 1","12","Commercial","6/21/2023"
"SFR JV-2 2023-1 BORROWER LLC","COBBLER CIRCLE  162","164G","H","024.00","000","164G H 02400 000","BERRY HILL PH 1 SEC 2","91","Commercial","6/21/2023"
"SFR JV-2 2024-2 BORROWER LLC C/O TRICON AMERICAN HOMES LLC","CHRISTIAN DRIVE  404","077G","E","012.00","000","077G E 01200 000","HERITAGE FARMS SEC 2","26","Commercial","5/20/2024"
"SFR JV-2 2024-2 BORROWER LLC C/O TRICON AMERICAN HOMES LLC","TELAVERA DRIVE  198","096I","A","020.00","000","096I A 02000 000","","53","Commercial","5/20/2024"
"SFR JV-2 2024-2 BORROWER LLC C/O TRICON AMERICAN HOMES LLC","LAURELWOOD DRIVE  1021","114J","G","013.00","000","114J G 01300 000","RESERVE PH 2","74","Commercial","5/20/2024"
"SFR JV-2 2024-2 BORROWER LLC C/O TRICON AMERICAN HOMES LLC","PINE HURST DRIVE  1090","114M","A","022.00","000","114M A 02200 000","EAGLE CREEK SEC 1-EA","22-22","Commercial","5/20/2024"
"SFR JV-2 2024-2 BORROWER LLC C/O TRICON AMERICAN HOMES LLC","CLOVERBROOK WAY  311","124B","D","026.00","000","124B D 02600 000","","562","Commercial","5/20/2024"
"SFR JV-2 2024-2 BORROWER LLC C/O TRICON AMERICAN HOMES LLC","ALBION WAY  474","126L","E","030.00","000","126L E 03000 000","ALBION DOWNS","30","Commercial","5/20/2024"
"SFR JV-2 2024-2 BORROWER LLC C/O TRICON AMERICAN HOMES LLC","HARPER DEAN WAY  1035","127G","A","043.00","000","127G A 04300 000","","43","Commercial","5/20/2024"
"SFR JV-2 2024-2 BORROWER LLC C/O TRICON AMERICAN HOMES LLC","HARPER DEAN WAY  1075","127G","B","002.00","000","127G B 00200 000","","49","Commercial","5/20/2024"
"SFR JV-2 2024-2 BORROWER LLC C/O TRICON AMERICAN HOMES LLC","BLUESTONE DRIVE  1415","135F","F","078.00","000","135F F 07800 000","PATTERSON FARMS PH 1","4","Commercial","5/20/2024"
"SFR JV-2 2024-2 BORROWER LLC C/O TRICON AMERICAN HOMES LLC","CHESIRE WAY  985","136F","D","001.00","000","136F D 00100 000","PLANTATION TRACE PH 3","71","Commercial","5/20/2024"
"SFR JV-2 2024-2 BORROWER LLC C/O TRICON AMERICAN HOMES LLC","CHESIRE WAY  989","136F","D","002.00","000","136F D 00200 000","PLANTATION TRACE PH 3","72","Commercial","5/20/2024"
"SFR JV-2 2024-2 BORROWER LLC C/O TRICON AMERICAN HOMES LLC","PADDOCK PARK CIRCLE  1080","136H","A","022.00","000","136H A 02200 000","KENNESAW FARMS PH 4 SEC 2B","119","Commercial","5/20/2024"
"SFR JV-2 2024-2 BORROWER LLC C/O TRICON AMERICAN HOMES LLC","BRYCE CANYON WAY  419","148H","C","016.00","000","148H C 01600 000","CUMBERLAND PLACE N RESUB P 3+5 S3","52","Commercial","5/20/2024"
"SFR JV-2 2024-2 BORROWER LLC C/O TRICON AMERICAN HOMES LLC","SMOKY MOUNTAINS DRIVE  539","148I","D","011.00","000","148I D 01100 000","","83","Commercial","5/20/2024"
"SFR JV-2 2024-2 BORROWER LLC C/O TRICON AMERICAN HOMES LLC","CHARLESTON COURT  107","163C","G","036.00","000","163C G 03600 000","HARBORTOWNE PH 1","97","Commercial","5/20/2024"
"SFR JV-2 2024-2 BORROWER LLC C/O TRICON AMERICAN HOMES LLC","DONNA DRIVE  235","163E","G","006.00","000","163E G 00600 000","WALTON PARK","6","Commercial","5/20/2024"
"SFR JV-2 2024-2 BORROWER LLC C/O TRICON AMERICAN HOMES LLC","RULAND CIRCLE  151","169F","D","017.00","000","169F D 01700 000","MEADOWS OF INDIAN LA","48-48","Commercial","5/20/2024"
"SFR JV-2 2024-2 BORROWER LLC C/O TRICON AMERICAN HOMES LLC","HAZELWOOD COURT  103","170L","E","066.00","000","170L E 06600 000","WALTON TRACE PH 4","96","Commercial","5/20/2024"
"SFR JV-2 DDTL BORROWER LLC TRICON AMERICAN HOMES LLC C/O","BEACON STREET  104","114D","A","014.00","000","114D A 01400 000","TWIN EAGLES PH 8","247","Commercial","9/8/2022"
"SFR JV-2 DDTL BORROWER LLC TRICON AMERICAN HOMES LLC C/O","PUTTER POINT DRIVE  138","114M","D","012.00","000","114M D 01200 000","EAGLE CREEK SEC 4 RE","134-134","Commercial","9/8/2022"
"SFR JV-2 DDTL BORROWER LLC TRICON AMERICAN HOMES LLC C/O","LINDYN LEE WAY  1037","127G","A","006.00","000","127G A 00600 000","","6","Commercial","9/8/2022"
"SFR JV-2 DDTL BORROWER LLC TRICON AMERICAN HOMES LLC C/O","HARPER DEAN WAY  1028","127G","A","026.00","000","127G A 02600 000","","26","Commercial","9/8/2022"
"SFR JV-2 DDTL BORROWER LLC TRICON AMERICAN HOMES LLC C/O","CHESIRE WAY  1029","136F","D","012.00","000","136F D 01200 000","PLANTATION TRACE PH 3","82","Commercial","9/8/2022"
"SFR JV-2 DDTL BORROWER LLC TRICON AMERICAN HOMES LLC C/O","JESSE BROWN DRIVE  122","141D","C","025.00","000","141D C 02500 000","CIMMARON TRACE SEC 1","25","Commercial","9/8/2022"
"SFR JV-2 DDTL BORROWER LLC TRICON AMERICAN HOMES LLC C/O","RUTHERFORD WAY  1020","145H","A","043.00","000","145H A 04300 000","LAWSON POINTE SEC 1","78","Commercial","9/8/2022"
"SFR JV-2 DDTL BORROWER LLC TRICON AMERICAN HOMES LLC C/O","HUNTINGTON PLACE  147","146I","F","009.00","000","146I F 00900 000","WYNCREST PH 6","95","Commercial","9/8/2022"
"SFR JV-2 DDTL BORROWER LLC TRICON AMERICAN HOMES LLC C/O","FREDERICKSBURG DRIVE  616","148H","B","013.00","000","148H B 01300 000","","17","Commercial","9/8/2022"
"SFR JV-2 DDTL BORROWER LLC TRICON AMERICAN HOMES LLC C/O","VINTAGE CIRCLE  174","159K","G","029.00","000","159K G 02900 000","VINTAGE KNOLL PH 5","70","Commercial","9/8/2022"
"SFR JV-2 DDTL BORROWER LLC TRICON AMERICAN HOMES LLC C/O","REDBUD DRIVE  104","164C","D","013.00","000","164C D 01300 000","BENT TREE","34","Commercial","9/8/2022"
"SFR JV-2 DDTL BORROWER LLC TRICON AMERICAN HOMES LLC C/O","BENTREE DRIVE  101","164C","D","046.00","000","164C D 04600 000","BENT TREE","1","Commercial","9/8/2022"
"SFR JV-2 DDTL BORROWER LLC TRICON AMERICAN HOMES LLC C/O","BREAKWATER DRIVE  190","164D","D","026.00","000","164D D 02600 000","BREAKWATER SEC 1","10","Commercial","9/8/2022"
"SFR JV-3 PROPERTY LLC","CEDAR BROOK DRIVE  609","096B","C","036.00","000","096B C 03600 000","DORRIS FARM AT WILLOW SPRINGS PH1 SEC1","130","Commercial","12/23/2024"
"SFR JV-3 PROPERTY LLC","CEDAR BROOK DRIVE  563","096B","C","039.00","000","096B C 03900 000","DORRIS FARM AT WILLOW SPRINGS PH1 SEC1","133","Commercial","12/23/2024"
"SFR JV-3 PROPERTY LLC","CEDAR BROOK DRIVE  555","096B","C","041.00","000","096B C 04100 000","DORRIS FARM AT WILLOW SPRINGS PH1 SEC1","135","Commercial","1/29/2025"
"SFR JV-3 PROPERTY LLC","CRABOURNE DR  177","096G","H","021.00","000","096G H 02100 000","SUMMERLIN SUBDIVISION","102","Commercial","12/23/2024"
"SFR JV-3 PROPERTY LLC","SHAYTON PASS  292","113B","D","027.00","000","113B D 02700 000","LANGFORD FARMS PH 2","75","Commercial","12/23/2024"
"SFR JV-3 PROPERTY LLC","PADDOCK PARK CIRCLE  1050","136H","B","011.00","000","136H B 01100 000","KENNESAW FARMS PH 4 SEC 2C","151","Commercial","6/30/2025"
"SFR JV-HD TL BORROWER A LLC C/O TRICON AMERICAN HOMES LLC","BEXLEY WAY  123","096G","C","026.00","000","096G C 02600 000","","257","Commercial","2/22/2023"
"SFR JV-HD TL BORROWER A LLC C/O TRICON AMERICAN HOMES LLC","TELAVERA DRIVE  218","096G","D","017.00","000","096G D 01700 000","","58","Commercial","2/22/2023"
"SFR JV-HD TL BORROWER A LLC C/O TRICON AMERICAN HOMES LLC","AUXLEY COURT  131","096I","B","016.00","000","096I B 01600 000","SUMMERLIN PH 5","34","Commercial","2/22/2023"
"SFR JV-HD TL BORROWER A LLC C/O TRICON AMERICAN HOMES LLC","BEXLEY WAY  261","096I","B","026.00","000","096I B 02600 000","SUMMERLIN PH 5","44","Commercial","2/22/2023"
"SFR JV-HD TL BORROWER A LLC C/O TRICON AMERICAN HOMES LLC","PERSIMMON PLACE  704","114E","C","001.00","000","114E C 00100 000","TWIN EAGLES PH 4","1001","Commercial","2/22/2023"
"SFR JV-HD TL BORROWER A LLC C/O TRICON AMERICAN HOMES LLC","MYA MARIE DRIVE  424","114E","H","025.00","000","114E H 02500 000","TWIN EAGLES PH14","454","Commercial","2/22/2023"
"SFR JV-HD TL BORROWER A LLC C/O TRICON AMERICAN HOMES LLC","CLOVERBROOK WAY  271","124B","D","038.00","000","124B D 03800 000","","421","Commercial","2/22/2023"
"SFR JV-HD TL BORROWER B LLC C/O TRICON AMERICAN HOMES LLC","CLOVERBROOK WAY  283","124B","D","032.00","000","124B D 03200 000","","427","Commercial","2/22/2023"
"SFR JV-HD TL BORROWER B LLC C/O TRICON AMERICAN HOMES LLC","WESTGATE DRIVE  1139","135G","D","044.00","000","135G D 04400 000","PATTERSON FARMS PH 2","62","Commercial","2/22/2023"
"SFR JV-HD TL BORROWER B LLC C/O TRICON AMERICAN HOMES LLC","FREDERICKSBURG DRIVE  610","148H","C","001.00","000","148H C 00100 000","CUMBERLAND PLACE N RESUB P 3+5 S3","19","Commercial","2/22/2023"
"SFR XII NASHVILLE OWNER 1 LP","HEATHER DRIVE  1011","099J","A","009.00","000","099J A 00900 000","RIDGECREST PH 2","9","Commercial","7/21/2026"
"SFR XII NASHVILLE OWNER 1 LP","OAKWOOD DRIVE  109","160F","G","010.04","000","160F G 01004 000","HILLWOOD ESTS. SEC.","20","Commercial","7/21/2026"
"SFR XII NASHVILLE OWNER 1 LP","MALLARD DRIVE  120","160O","B","017.00","000","160O B 01700 000","FOREST RETREAT","0022","Commercial","7/21/2026"
"SFR XII NASHVILLE OWNER 2 LP","HEATHER DRIVE  1103","099J","B","003.00","000","099J B 00300 000","RIDGE CREST PHASE 3-","34-34","Commercial","7/30/2026"
"SFR XII NASHVILLE OWNER 2 LP","GRAY BILL DRIVE  1128","114M","C","024.00","000","114M C 02400 000","EAGLE CREEK SEC 3","104","Commercial","7/30/2026"
"SFR XII NM NASHVILLE OWNER 1 LP","SPENCER SPRINGS DRIVE  108","127E","D","049.00","000","127E D 04900 000","SPENCER SPRINGS","49","Commercial","7/30/2026"
"SFR XII NM NASHVILLE OWNER 1 LP","SADDLE DRIVE  145","144H","B","022.00","000","144H B 02200 000","MANSKER FARMS PH 10 SEC 3","548","Commercial","7/30/2026"
"SFR XII NM NASHVILLE OWNER 1 LP","CURTISWOOD DRIVE  111","169P","F","007.00","000","169P F 00700 000","CURTISWOOD SEC 1","37","Commercial","6/20/2022"
"SFR XII NM NASHVILLE OWNER 1 LP TIBER","REDONDO COURT NORTH  202","159K","B","036.00","000","159K B 03600 000","MAPLES, SEC. 1","46","Commercial","7/30/2026"
"SFR XII NM NASHVILLE OWNER 1 LP TIBER","WOODVALE DRIVE  123","169K","A","027.00","000","169K A 02700 000","CHEROKEE WOODS SEC 11B","1126","Commercial","7/30/2026"
"SH 797-798 LLC","WEST MAIN STREET  364","160M","A","014.00","000","160M A 01400 000","ITW PROP-ANDREW CARP","2-2","Commercial","9/28/2020"
"SH 797-798 LLC","NEW SHACKLE ISLAND RD  63","160N","C","029.00","000","160N C 02900 000","","","Commercial","9/28/2020"
"SH1 HICKORY HILLS LLC","INDIAN LAKE BLVD  162","159J","A","050.00","000","159J A 05000 000","INDIA LAKE SEC 15 LT 29","29","Commercial","3/13/2019"
"SHAAR ZEYAD ETUX LORENA S","LOCUST AVENUE NORTH  226","126C","A","009.00","000","126C A 00900 000","TOWN CREEK RE DEV.","20","Commercial","6/27/2023"
"SHADOWENS PROPERTIES","SOUTH BROADWAY  1105","039","","065.00","000","039    06500 000","","","Commercial","9/16/2015"
"SHAFFER RICHARD W JR & MARCIA D TRS OF RICHARD W JR & MARCIA D SHAFFER ITA","WEST MAIN STREET  609","163C","A","018.00","000","163C A 01800 000","ERWIN MARINE SALES","1","Commercial","10/2/2024"
"SHAFFER RICHARD W JR TR ETVIR SHAFFER MARCIA D TR OF","WEST MAIN STREET  738","160O","B","004.00","000","160O B 00400 000","FOREST RETREAT","IST","Commercial","6/20/2018"
"SHAH VIREN JASHVANTLA & MAULIK JASHVANT","LOUISVILLE HWY  1206","121","","060.00","000","121    06000 000","","","Commercial","6/26/2013"
"SHANKLIN CARRIE M IRR MEM TRUS","SOUTH BROADWAY  404","033I","C","014.00","000","033I C 01400 000","","","Commercial","6/26/2013"
"SHANKLIN CARRIE M IRR MEM TRUS C/O MURRAY DON SHANKLIN C/O","SOUTH BROADWAY  0","033I","C","015.00","000","033I C 01500 000","","","Commercial","6/26/2013"
"SHANKLIN JEFFREY D ETUX JO ELLEN","COKER FORD ROAD  1075","002","","018.02","000","002    01802 000","SHANKLIN EST","6A","Commercial","3/24/2005"
"SHANKLIN THURMAN K ETUX TAMAE","HOOD TRAIL  109","033G","E","013.00","000","033G E 01300 000","SHERWOOD FOREST SEC","0021","Commercial","10/17/1997"
"SHANNON OHARA PROPERTIES LLC % MAPCO EXPRESS #3298","SOUTH BROADWAY  0","033I","C","012.00","000","033I C 01200 000","","","Commercial","12/21/2007"
"SHARITT HAYDEN","CAGES BEND ROAD  2105","146","","090.01","001","146    09001 001","","","Commercial","3/3/2023"
"SHAW GEORGE A","DOROTHY JORDAN AVENUE  226","113O","L","023.00","000","113O L 02300 000","","","Commercial","3/24/2017"
"SHAW JOHN % CROWN CASTLE","GOSHENTOWN ROAD  1030","145","","005.00","002","145    00500 002","","","Commercial","1/12/2021"
"SHAW LYNDA K","WEST MAIN STREET  1191","161L","A","002.00","000","161L A 00200 000","SHAW","1","Commercial","9/28/2006"
"SHELTON ERIC TODD SHELTON DEBRA H ETUX","GREEN LEAF CIRCLE","113P","F","011.00","000","113P F 01100 000","CREEKVIEW SEC. 1","0042","Commercial","4/23/2007"
"SHELTON ERIC TODD SHELTON DEBRA H ETUX","DEER PARK CIRCLE","126A","F","017.00","000","126A F 01700 000","CREEKVIEW SEC. 1","0017","Commercial","7/15/2005"
"SHELTON ERIC TODD SHELTON DEBRA H ETUX","LAURA STREET","126A","G","001.00","000","126A G 00100 000","CREEKVIEW SEC.1","0091","Commercial","7/9/2007"
"SHELTON ERIC TODD SHELTON DEBRA H ETUX","LAURA STREET","126A","G","002.00","000","126A G 00200 000","CREEKVIEW SEC. 1","0092","Commercial","4/1/2014"
"SHELTON ERIC TODD SHELTON DEBRA H ETUX","LAURA STREET","126A","G","003.00","000","126A G 00300 000","CREEKVIEW SEC.1","0093","Commercial","7/9/2007"
"SHELTON ERIC TODD SHELTON DEBRA H ETUX","LAURA STREET","126A","G","004.00","000","126A G 00400 000","CREEKVIEW SEC. 1","0094","Commercial","7/9/2007"
"SHELTON ERIC TODD SHELTON DEBRA H ETUX","WALNUT CREST DRIVE","126A","G","005.00","000","126A G 00500 000","CREEKVIEW SEC. 1","0095","Commercial","7/9/2007"
"SHELTON ERIC TODD SHELTON DEBRA H ETUX","EDGEWOOD DRIVE","135D","E","037.00","000","135D E 03700 000","SPRINGBROOK SEC 2 RES 27-54","33","Commercial","7/15/2005"
"SHERROD JOHN R III","31W HWY  2322","097","","034.06","000","097    03406 000","HAROLD W FRAZIER PRO","1","Commercial","5/15/2009"
"SHERWIN WILLIAMS DEVELOPMENT CORP","NASHVILLE PIKE  693","126G","C","019.00","000","126G C 01900 000","","","Commercial","7/2/1985"
"SHIVALAY PROPERTIES LLC","LOUISVILLE HWY  1490","118","","039.00","000","118    03900 000","","","Commercial","11/18/2013"
"SHOPPES AT HUNTER POINTE LLC %REAL ESTATE C/O","BEATY BLVD  1019","125","","018.02","000","125    01802 000","TRAILS AT HUNTER POINTE RESUB","3","Commercial","3/12/2020"
"SHOPPES AT HUNTER POINTE LLC %REAL ESTATE C/O","BEATY BLVD  1025","125","","018.06","000","125    01806 000","TRAILS AT HUNTER POINTE RESUB","4","Commercial","3/12/2020"
"SHORT RICK A TR RICK A LIVING TRUST","GREEN LEAF CIRCLE","113P","F","010.00","000","113P F 01000 000","CREEKVIEW SEC. 1","43","Commercial","6/23/2026"
"SHORT RICK A TR RICK A SHORT LIVING SHORT","HUBERT DRIVE","113G","D","012.00","000","113G D 01200 000","CLEARVIEW HGTS NO. 7","26","Commercial","6/23/2026"
"SHORT RICK A TR RICK A SHORT LIVING TRUST","WALNUT CREST DRIVE","113P","F","008.00","000","113P F 00800 000","CREEKVIEW SEC. 1","39","Commercial","6/23/2026"
"SHORT RICK A TR RICK A SHORT LIVING TRUST","GREEN LEAF CIRCLE","113P","F","012.00","000","113P F 01200 000","CREEKVIEW SEC. 1","41","Commercial","6/23/2026"
"SHORT RICK A TR RICK A SHORT LIVING TRUST","GREEN LEAF CIRCLE","113P","F","013.00","000","113P F 01300 000","CREEKVIEW SEC. 1","51","Commercial","6/23/2026"
"SHORT RICK A TR RICK A SHORT LIVING TRUST","GREEN LEAF CIRCLE","113P","F","017.00","000","113P F 01700 000","CREEKVIEW SEC. 1","47","Commercial","6/23/2026"
"SHORT RICK A TR RICK A SHORT LIVING TRUST","GREEN LEAF CIRCLE","113P","F","020.00","000","113P F 02000 000","CREEKVIEW SEC. 1","44","Commercial","6/23/2026"
"SHORT RICK A TR RICK A SHORT LIVING TRUST","WALNUT CREST DRIVE","113P","G","015.00","000","113P G 01500 000","CREEKVIEW SEC. 1","76","Commercial","6/23/2026"
"SHORT RICK A TR RICK A SHORT LIVING TRUST","WALNUT CREST DRIVE","126A","F","014.00","000","126A F 01400 000","CREEKVIEW SEC. 1","14","Commercial","6/23/2026"
"SHORT RICK A TR RICK A SHORT LIVING TRUST","DEER PARK CIRCLE","126A","F","018.00","000","126A F 01800 000","CREEKVIEW SEC. 1","0018","Commercial","6/23/2026"
"SHORT RICK A TR RICK A SHORT LIVING TRUST","FORD STREET SOUTH","126B","G","011.00","000","126B G 01100 000","WASHINGTON PARK","IST","Commercial","6/23/2026"
"SHORT RICK A TR RICK A SHORT LIVING TRUST","BRUSH HILL COURT  170","135L","E","009.00","000","135L E 00900 000","BRUSH HILL","9","Commercial","6/23/2026"
"SHOUPPE JEFF","CLEAR LAKE MEADOWS BLVD  1304","135F","D","001.00","000","135F D 00100 000","CLEAR LAKE MEADOWS SEC 11 RES 269","1","Commercial","9/20/2023"
"SHREE GANESH PROPERTIES INC","31E HWY  3502","068","","063.00","000","068    06300 000","","","Commercial","6/18/2009"
"SHREE GOPAL KRISHNA LLC","LOUISVILLE HWY  1069","140","","061.00","000","140    06100 000","","","Commercial","3/31/2023"
"SHREE JAY KHODIYAR LLC","BROADWAY EAST  415","113M","A","025.00","000","113M A 02500 000","HWY 31 E-COMMERCIAL","2","Commercial","12/21/2018"
"SHREE NAR NARAYAN LLC","WEST MAIN STREET  455","163C","C","034.00","000","163C C 03400 000","","","Commercial","8/5/2013"
"SHREE SHEDHI MATA INC","WALTON FERRY ROAD  137","163D","D","004.00","000","163D D 00400 000","","","Commercial","12/21/2016"
"SHREEJI GALLATIN LLC","BROADWAY WEST  101","126C","B","001.00","000","126C B 00100 000","TOWN CREEK REDEVELOP","1-LIST","Commercial","10/31/2022"
"SHRI MADHAV INC","BROADWAY EAST  1380","112H","A","012.01","000","112H A 01201 000","GALLATIN MALL","IST","Commercial","3/10/2016"
"SHRUM DANNY RAY ETUX SHIRLEY ANN","SCOTT ROAD  1010","088","","010.03","001","088    01003 001","","","Commercial","4/1/1989"
"SHRUM FAMILY HOLDINGS INC P O BOX 758","DORRIS ROAD  500","052","","009.01","000","052    00901 000","","","Commercial","6/25/2010"
"SHRUM ROOFING CO LLC","JAMES STREET  220","126L","B","025.02","000","126L B 02502 000","JAMES STREET S/D","6","Commercial","11/19/2018"
"SHULTS ANNIE MAE ANNIE MAE SHULTS TRUSTEE","WOODS FERRY ROAD  1035","126M","B","009.00","000","126M B 00900 000","","","Commercial","3/14/2000"
"SHUMWAY LINDA CAMERON","WINCHESTER STREET WEST  149","126F","F","028.01","000","126F F 02801 000","","","Commercial","9/1/2020"
"SIDDIQUI AFTAB TR A SIDDIQUI TRUST","NEW SHACKLE ISLAND RD  82","160M","A","006.07","000","160M A 00607 000","MIDTOWN CENTER SEC 2","0007","Commercial","8/6/2024"
"SIEKIERSKY LANGLEY F SIEKIERSKY GWEN D ETUX","MAPLE STREET  116","126F","L","006.00","000","126F L 00600 000","MAPLEWOOD","28-30","Commercial","12/29/2016"
"SILVER STREAK 2023 TRUST","COLLEGE STREET  175","126C","E","001.00","000","126C E 00100 000","ALBERT BENNETT COLLE","1","Commercial","12/22/2023"
"SILVER STREAK 2023 TRUST","WATER AVENUE SOUTH  1320","135F","A","005.00","000","135F A 00500 000","ALBERT BENNETT & HAROLD WARDEN RES","6","Commercial","12/22/2023"
"SIMPLY STORAGE HENDERSONVILLE","WEST MAIN STREET  1066","160","","048.01","000","160    04801 000","ARBORS OF HENDERSONV","2-1","Commercial","11/21/2016"
"SIMPSON PHILLIP G ETUX MARY M","31E HWY  3440","068","","061.00","000","068    06100 000","HARRIS","4&5","Commercial","6/17/2005"
"SIMPSON PHILLIP G ETUX MARY M","WATER AVENUE NORTH  142","126C","B","015.00","000","126C B 01500 000","","","Commercial","9/8/1998"
"SINDLE ROBERT ALLEN ETAL","WATER AVENUE NORTH  380","113N","G","014.00","000","113N G 01400 000","W GRAY ST & N WATER","1","Commercial","8/11/2026"
"SINGH JUGBIR SATWANTI VERMA SINGH TRS","GRASSLAND PLACE  967","136F","A","006.00","000","136F A 00600 000","NASHVILLE PIKE BUSINESS PARK R10-13","11","Commercial","1/17/2008"
"SINGLETON BRADLEY","PRINCE ST  123","126C","C","017.00","000","126C C 01700 000","LANE","2","Commercial","6/4/2025"
"SINGLETON BRADLEY","PRINCE ST  119","126C","C","018.00","000","126C C 01800 000","","","Commercial","6/4/2025"
"SINGLETON BRADLEY O","BURSBY BRANCH ROAD  544","080","","002.04","001","080    00204 001","","","Commercial","7/16/2014"
"SINKS WILLIAM R SR FLP","EAST MAIN STREET","159E","B","028.00","000","159E B 02800 000","BLUEGRASS VILLAGE RESUB","","Commercial","10/3/2014"
"SINZ WILLIAM E","WALTON FERRY ROAD  136","163D","C","001.00","001","163D C 00100C001","PENINSULA PLACE","1","Commercial","2/15/2007"
"SKY HOUSES INC","DEMOSS STREET  507","113J","F","022.00","000","113J F 02200 000","SKY HOUSE TOWNHOMES RESUB","1","Commercial","10/7/2022"
"SKY WIDE LLC","EDGEWOOD DRIVE  151","164P","C","038.00","000","164P C 03800 000","OAKWOOD VILLA SEC 1 REV","2","Commercial","7/22/2021"
"SLATE RIDGE HOLDINGS,LLC","EAST MAIN STREET  237","159J","A","019.11","000","159J A 01911 000","MAPLE ROW SHOPPING CENTER PH 3","5","Commercial","4/1/2014"
"SLEEPY HOLLOW PROPERTIES LLC","INDIAN LAKE BLVD  114","159J","A","021.22","000","159J A 02122 000","INDIAN LAKE RESUB LT 1","1A","Commercial","7/11/2024"
"SLOAN DANNY L","WATER AVENUE SOUTH","126N","G","010.00","000","126N G 01000 000","","","Commercial","8/25/2014"
"SLOAN DANNY L","WATER AVENUE SOUTH  1041","126N","G","011.00","000","126N G 01100 000","","","Commercial","8/25/2014"
"SLOAN FAYOLA","JEAN AVENUE  605","113L","A","002.00","000","113L A 00200 000","GREEN HILLS","IST","Commercial","8/6/1996"
"SLOAN FAYOLA","RUTH AVENUE  620","113L","B","028.00","000","113L B 02800 000","GREEN HILLS S/D","0011","Commercial","8/6/1996"
"SLOAN FAYOLA","PRINCE ST  114","126C","C","019.00","000","126C C 01900 000","","","Commercial","8/6/1996"
"SLOAN FAYOLA","PRINCE ST  120","126C","C","020.00","000","126C C 02000 000","LANE","9-10","Commercial","12/19/1985"
"SLOAN FAYOLA","BLEDSOE STREET  129","126C","P","008.00","000","126C P 00800 000","","","Commercial","7/10/1965"
"SLOAN FAYOLA","WAYNE STREET","135L","C","010.00","000","135L C 01000 000","SHADY CREST","1","Commercial","9/30/2014"
"SLOAN FAYOLA G","JEAN AVENUE  598","113L","A","010.00","000","113L A 01000 000","GREEN HILLS","IST","Commercial","12/1/2008"
"SLOAN FAYOLA G","WITHERSPOON AVENUE","126F","K","005.00","000","126F K 00500 000","","","Commercial","8/6/1996"
"SLOAN FAYOLA G","WITHERSPOON AVENUE","126F","K","007.00","000","126F K 00700 000","","","Commercial","8/6/1996"
"SLOAN WILLARD HAYNES JR","JEAN AVENUE  597","113L","A","008.00","000","113L A 00800 000","GREEN HILLS","IST","Commercial","11/11/1983"
"SMELCER GEORGE ETUX KELLY STEPHENS MICHAEL TODD ETUX MARY K","25W HWY  3200","074","","039.00","001","074    03900 001","","","Commercial","7/9/2021"
"SMETHURST JARED THOMAS ETUX RACHEL OLSON","MARTIN ROAD  345","032","","011.00","001","032    01100 001","","","Commercial","3/18/2025"
"SMILEY MICHAEL ETUX DELIA F","GLEN OAK COURT EAST  114","159A","L","027.00","000","159A L 02700 000","ROSEWOOD","27","Commercial","6/18/2004"
"SMITH BENTLEY L JR TR & ROBERT J GERSH TR & JUDAH M GERSH TR","GLENBROOK WAY  1040","144","","115.00","000","144    11500 000","GLENBROOK NORTH REV-","4-4","Commercial","3/19/2026"
"SMITH EARL PHILLIP ETUX MARTHA ANNE","HARTSVILLE PIKE  617","126D","C","001.01","000","126D C 00101 000","RAMSEY PLACE S/D","IST","Commercial","3/22/1982"
"SMITH EDDIE","EDGEWOOD DRIVE","135D","E","034.00","000","135D E 03400 000","SPRINGBROOK SEC 2 RES 27-54","30","Commercial","3/26/2026"
"SMITH FAMILY TRUST","WEST MAIN STREET  751","160O","C","003.00","000","160O C 00300 000","FOREST RETREAT","IST","Commercial","9/11/2025"
"SMITH FILMORE EVAN TR FILMORE EVAN SMITH LIV TRUST","DOLPHUS DRIVE  106","170D","B","007.00","000","170D B 00700 000","PANORAMA HARBOR SEC 3","125","Commercial","3/24/2023"
"SMITH INVESTMENTS LP TRIGREEN EQUIPMENT C/O","NEW SHACKLE ISLAND RD  133","160N","C","039.01","000","160N C 03901 000","HENDERSONVILLE PARK","1","Commercial","8/18/1999"
"SMITH JAKE T SMITH ROY E","SPRING STREET  211","077J","A","010.00","000","077J A 01000 000","GIFFORD S/D","3","Commercial","3/26/2026"
"SMITH JOE R FAMILY LLC","CALVERT DRIVE  437","125L","A","013.00","001","125L A 01300 001","","","Commercial","11/29/2007"
"SMITH JOHNNY ETUX KIMBERLY NEAGLE","PUMPING STATION ROAD  101","148","","073.01","000","148    07301 000","JOHN WESLEY ROBERTS","1","Commercial","11/12/2010"
"SMITH KENDRA","WINCHESTER STREET","126F","F","036.00","000","126F F 03600 000","RONALD FARM ESTATES","3","Commercial","6/30/2014"
"SMITH MARK P SMITH LISA M ETUX","WALTON FERRY ROAD  136","163D","C","001.00","002","163D C 00100C002","PENINSULA PLACE","2","Commercial","12/21/2015"
"SMITH MARK P SMITH LISA M ETUX","WALTON FERRY ROAD  136","163D","C","001.00","004","163D C 00100C004","PENINSULA PLACE","4","Commercial","12/21/2015"
"SMITH SAMUEL B JR & REGINA R TRS REGINA & SAMUEL SMITH LIVING TRUST","W B DYE ROAD  105","034E","D","016.00","000","034E D 01600 000","ORCHARD PARK","16","Commercial","8/26/2025"
"SMITH SHARON DENISE","FOREST RETREAT ROAD  125","160O","B","014.00","000","160O B 01400 000","FOREST RETREAT","P/O 15","Commercial","10/31/2013"
"SMJT PROPERTIES","NASHVILLE PIKE  1156","125M","A","018.00","000","125M A 01800 000","","","Commercial","7/31/2019"
"SMOKE MEAT 64 LLC","SUSAN DRIVE  102","163L","C","022.00","000","163L C 02200 000","HICKORY VILLAGE SEC 1","85","Commercial","7/31/2023"
"SMOKEY FIVE LLC","ROBERTA DRIVE  194","171D","D","004.00","000","171D D 00400 000","DELRAY PARK ESTATES","48","Commercial","11/11/2021"
"SMOKEY SEVEN LLC","ROBERTA DRIVE  192","171D","D","005.00","000","171D D 00500 000","DELRAY PARK ESTATES","47","Commercial","4/1/2026"
"SMOKEY THREE LLC","ROBERTA DRIVE  196","171D","D","003.00","000","171D D 00300 000","DELRAY PARK ESTATES","49","Commercial","11/11/2021"
"SMP PROPERTIES LLC","31W HWY  2932","077P","A","002.00","000","077P A 00200 000","COLE S/D","IST","Commercial","10/16/2025"
"SMP PROPERTIES LLC","31W HWY  0","077P","A","002.01","000","077P A 00201 000","COLE S/D","3","Commercial","10/16/2025"
"SN TENNESSEE II LLC","BROOKVIEW COURT  1009","120E","A","034.00","000","120E A 03400 000","WILLOW CREEK SEC 4","228","Commercial","6/10/2022"
"SN TENNESSEE II LLC","HARDWICK LANE PVT  2027","125M","A","105.00","000","125M A 10500 000","SPRING POINT RESUB","29","Commercial","9/2/2022"
"SN TENNESSEE II LLC","CHESIRE WAY  949","136F","C","002.00","000","136F C 00200 000","PLANTATION TRACE PH 2","2","Commercial","8/1/2022"
"SN TENNESSEE LLC","EMMETT DRIVE PVT  202","077","","002.00","002","077    00200 002","HONEY RUN","202","Commercial","1/12/2022"
"SN TENNESSEE LLC","EMMETT DRIVE PVT  208","077","","002.00","005","077    00200 005","HONEY RUN","208","Commercial","2/2/2022"
"SN TENNESSEE LLC","EMMETT DRIVE PVT  210","077","","002.00","006","077    00200 006","HONEY RUN","210","Commercial","2/2/2022"
"SN TENNESSEE LLC","EMMETT DRIVE PVT  212","077","","002.00","007","077    00200 007","HONEY RUN","212","Commercial","1/11/2022"
"SN TENNESSEE LLC","EMMETT DRIVE PVT  214","077","","002.00","008","077    00200 008","HONEY RUN","214","Commercial","1/12/2022"
"SN TENNESSEE LLC","EMMETT DRIVE PVT  218","077","","002.00","010","077    00200 010","HONEY RUN","218","Commercial","2/2/2022"
"SN TENNESSEE LLC","LUCY CIRCLE  440","113A","A","010.00","000","113A A 01000 000","","375","Commercial","10/28/2021"
"SN TENNESSEE LLC","HACKNEY LANE  124","114K","I","005.00","000","114K I 00500 000","","126","Commercial","9/24/2021"
"SN TENNESSEE LLC","BECKS PLACE  552","114L","F","031.00","000","114L F 03100 000","CUMBERLAND POINT PH1","31","Commercial","12/28/2021"
"SN TENNESSEE LLC","GOODMAN DRIVE  497","114N","L","022.00","000","114N L 02200 000","","33","Commercial","8/5/2021"
"SN TENNESSEE LLC","PATMORE LANE  1017","124I","B","060.00","000","124I B 06000 000","CREEKSIDE AT STATION","C108","Commercial","3/14/2022"
"SN TENNESSEE LLC","COATES LANE  1324","135F","F","045.00","000","135F F 04500 000","PATTERSON FARMS PH 1","36","Commercial","12/1/2021"
"SN TENNESSEE LLC","WITHERS COURT  108","137G","D","034.00","000","137G D 03400 000","SAUNDERSVILLE  STATION PH 7 SEC 5","383","Commercial","1/7/2022"
"SN TENNESSEE LLC","SADDLEWOOD LANE  116","138G","B","011.00","000","138G B 01100 000","DURHAM PH 1 SEC 17","385","Commercial","10/14/2021"
"SNH PROPERTIES TRUST PROPERTY TAX COUNSELORS C/O","HARTSVILLE PIKE  1085","112O","F","002.00","000","112O F 00200 000","MORNINGSIDE OF GALLA","2","Commercial","11/19/2004"
"SOGNARE LLC","EMILY LANE  114","033O","D","012.00","000","033O D 01200 000","RICHLAND VILLAGE SUB","11","Commercial","3/11/2009"
"SOLOMAN TMH LLC","NEW SHACKLE ISLAND RD  262","160D","G","017.00","000","160D G 01700 000","NEW ISLAND RETAIL","2","Commercial","4/12/2006"
"SOMERVILLE STEVE","KERR WAY  211","034E","D","003.00","000","034E D 00300 000","ORCHARD PARK","3","Commercial","2/20/2026"
"SOMERVILLE STEVE","GREENLEA BLVD  1620","125","","059.00","000","125    05900 000","GREEN LEA DOLLAR GENERAL","1","Commercial","10/6/2020"
"SONS OF THE SOUTH INVESTMENTS LLC","MAIN STREET  109","033H","D","034.00","000","033H D 03400 000","DERRICK MILLER SUB","2","Commercial","8/12/2025"
"SOPPE JULIE SOPPE JOSHUA ETVIR","BROADWAY EAST  1386","112H","A","016.00","000","112H A 01600 000","GALLATIN MALL","0014","Commercial","8/31/2016"
"SORE SHOULDERS PARTNERS ATTN: BRYAN A CHANCE","NASHVILLE PIKE  2069","146","","037.07","000","146    03707 000","SAVANNAH MKTPL RESUB PH2 LT1","1A","Commercial","6/18/2021"
"SOTO RENTALS LLC","SOTO CIRCLE  1","104","","055.00","000","104    05500 000","R. B. MYERS ETAL","6-7,PO8","Commercial","9/3/2020"
"SOTO RENTALS LLC","SOTO CIRCLE  1","104","","055.00","001","104    05500 001","R. B. MYERS ETAL","6-7,PO8","Commercial",""
"SOTO RENTALS LLC","SOTO CIRCLE  1","104","","055.00","002","104    05500 002","R. B. MYERS ETAL","6-7,PO8","Commercial",""
"SOTO RENTALS LLC","SOTO CIRCLE  1","104","","055.00","003","104    05500 003","R. B. MYERS ETAL","6-7,PO8","Commercial",""
"SOTO RENTALS LLC","SOTO CIRCLE  1","104","","055.00","004","104    05500 004","R. B. MYERS ETAL","6-7,PO8","Commercial",""
"SOTO RENTALS LLC","SOTO CIRCLE  1","104","","055.00","005","104    05500 005","R. B. MYERS ETAL","6-7,PO8","Commercial",""
"SOTO RENTALS LLC","SOTO CIRCLE  1","104","","055.00","006","104    05500 006","R. B. MYERS ETAL","6-7,PO8","Commercial",""
"SOTO RENTALS LLC","SOTO CIRCLE  1","104","","055.00","007","104    05500 007","R. B. MYERS ETAL","6-7,PO8","Commercial",""
"SOTO RENTALS LLC","SOTO CIRCLE  1","104","","055.00","008","104    05500 008","R. B. MYERS ETAL","6-7,PO8","Commercial",""
"SOTO RENTALS LLC","SOTO CIRCLE  1","104","","055.00","009","104    05500 009","R. B. MYERS ETAL","6-7,PO8","Commercial",""
"SOTO RENTALS LLC","SOTO CIRCLE  1","104","","055.00","010","104    05500 010","R. B. MYERS ETAL","6-7,PO8","Commercial",""
"SOUTH NATIONAL DEVELOPMENT COMPANY LLC","NASHVILLE PIKE  1387","136","","012.01","000","136    01201 000","","2","Commercial","6/24/2021"
"SOUTH SIDE INVEST LLC","COLE COURT  106","159I","B","027.00","000","159I B 02700 000","OAKVALE SEC 3C","196","Commercial","1/27/2020"
"SOUTH SIDE INVEST LLC","TROUSDALE DRIVE  111","164G","F","013.00","000","164G F 01300 000","SARAH BERRY ANNEX 4 SEC 3","92","Commercial","2/2/2023"
"SOUTH SIDE INVEST LLC","ROBINHOOD CIRCLE  136","170L","A","019.00","000","170L A 01900 000","SHERWOOD FOREST SEC B","21","Commercial","7/10/2020"
"SOUTHEASTERN ROOFING LOGISTICS LLC","WEST MAIN STREET  669","163C","A","024.01","000","163C A 02401 000","RAY MOORE","1","Commercial","4/18/2024"
"SOUTHEASTERN VETERINARY PROPERTIES LLC","MAPLE STREET  426","126G","B","021.00","000","126G B 02100 000","","","Commercial","1/29/2020"
"SOUTHERN MAGNOLIA CAPITAL LLC","52 HWY NE 1535","044","","015.03","000","044    01503 000","","","Commercial","11/15/2017"
"SOUTHERN OAK PROPERTIES LLC","DONNA DRIVE  274","163E","F","023.00","000","163E F 02300 000","CLAIRMONT MANOR REVISED","1","Commercial","3/14/2024"
"SOUTHERN RED OAK LLC","CHESAPEAKE HARBOR BLVD  101","170E","K","001.00","000","170E K 00100 000","CHESAPEAKE HARBOR SEC 1B","146","Commercial","7/23/2021"
"SOUTHERN ROOTS HOMES LLC","TELAVERA DRIVE  360","096G","E","005.00","000","096G E 00500 000","SUMMERLIN SUB PH7","170","Commercial","7/6/2022"
"SOUTHERN ROOTS HOMES LLC","CRABOURNE DRIVE  107","096H","F","009.00","000","096H F 00900 000","SUMMERLIN SUB PH6","124","Commercial","1/21/2022"
"SOUTHERN ROOTS HOMES LLC","AUXLEY COURT  120","096I","B","007.00","000","096I B 00700 000","SUMMERLIN PH 5","25","Commercial","8/3/2020"
"SOUTHERN ROOTS HOMES LLC","HOLTON ROAD  1529","135G","D","063.00","000","135G D 06300 000","PATTERSON FARMS PH 2","107","Commercial","7/24/2021"
"SOUTHERN WHITE OAK LLC","TUCKER PLACE  1010","135F","E","001.00","000","135F E 00100 000","CLEAR LAKE MEADOWS SEC 5 PH 2 RES","188A","Commercial","7/23/2021"
"SOWELL ANDREW J ETUX KERRI K","SLATERS CREEK ROAD  1016","121","","061.01","000","121    06101 000","ARDEE INDUSTRIAL PAR","1","Commercial","10/1/1999"
"SPACE PARK PROPERTIES PARTNERSHIP SUITE 111","SPRINGFIELD HWY  855","141M","A","004.00","000","141M A 00400 000","MANSKER INDUSTRIAL P","1","Commercial","12/30/1999"
"SPAIN TONY","STRAWBERRY STREET  204","033I","D","020.00","000","033I D 02000 000","PURYEAR SUB RESUB","1-LIST","Commercial","6/16/2014"
"SPARKMAN SETH H ETUX DONNA W","BROADWAY EAST  1420","112H","A","034.00","000","112H A 03400 000","GALLATIN MALL","IST","Commercial","6/27/1986"
"SPEAKMAN PAMELA K","WEST HESTER ROAD  383","078","","011.02","001","078    01102 001","BRENDA RIPPY","1","Commercial","9/29/2003"
"SPEARS JERRY ODELL TRUSTEE","COLLEGE STREET  306","077G","B","010.01","000","077G B 01001 000","CHARLES ROADEN PROPE","1","Commercial","5/18/2011"
"SPEARS JERRY ODELL TRUSTEE","COLLEGE STREET  304","077G","B","011.00","000","077G B 01100 000","CHARLES ROADEN PROPE","2","Commercial","5/18/2011"
"SPEEDWAY LLC","GREENLEA BLVD  1501","125","","032.00","000","125    03200 000","SPEEDWAY RESUB","1","Commercial","5/31/2018"
"SPEEDWAY LLC","EAST MAIN STREET  770","146","","056.02","000","146    05602 000","","","Commercial","1/13/2017"
"SPEEDWAY LLC % REAL ESTATE DEPT","31W HWY  6008","016","","033.03","000","016    03303 000","","","Commercial","1/11/2018"
"SPEEDWAY LLC %TAX DEPT C/O","WEST MAIN STREET  1063","160","","048.00","000","160    04800 000","","","Commercial","12/31/2012"
"SPENCER HARLETTA RONALD V MILLER MD","HARTSVILLE PIKE  638","113M","E","025.00","000","113M E 02500 000","SCHAMBERGER & ALLEN","6,17","Commercial","1/10/2006"
"SPIVEY JAMES R ETUX MARY N","EASTLAND STREET EAST  141","126C","C","035.00","000","126C C 03500 000","","","Commercial","8/13/2026"
"SPIVEY JOE H SPIVEY DEBORAH D ETUX","RED TUTTLE ROAD  105","069","","004.01","000","069    00401 000","","","Commercial","3/7/2019"
"SPM OF TENNESSEE LLC","NORTH BROADWAY  810","019E","A","002.01","000","019E A 00201 000","JACKSON PLACE REVISE","2A2","Commercial","12/18/2020"
"SPRAGGINS DAVID M JR","WEST MAIN STREET  659","163C","A","024.00","000","163C A 02400 000","RAY MOORE","2","Commercial","9/20/2023"
"SPRING CREEK INVESTMENT LLC","EAST MAIN STREET  387","159K","A","020.03","000","159K A 02003 000","HEDERMAN PROPERTY","","Commercial","5/20/2020"
"SPRING CREEK VENTURES LP","31W HWY  2952","077","","080.00","000","077    08000 000","","","Commercial","1/26/2024"
"SPRING HAVEN MANSION & ESTATE","SPRING HAVEN COURT  1","159E","B","016.01","001","159E B 01601 001","SPRING HAVEN","","Commercial","5/7/2019"
"SPRUCE TN PARTNERS II GP","ANDERSON LANE NORTH  206","159B","B","014.00","000","159B B 01400 000","INDIAN LAKE MARKET PH 1 RESUB MR1,FF","MR1","Commercial","8/1/2022"
"SPT IVEY HENDERSONVILLE MOB LLC STARWOOD PROPERTY TRUST INC C/O","SPRINGHOUSE COURT  100","159G","A","002.00","000","159G A 00200 000","SHOLODGE SEC 2","9","Commercial","12/29/2016"
"SPURLOCK JAMIE RELIANT ENTERPRISES LLC","GAIL DRIVE","163C","C","030.00","000","163C C 03000 000","GLENHAVEN","10","Commercial","10/14/2022"
"SQUARE 1 CONSTRUCTION LLC","31W HWY  3020","077","","076.00","000","077    07600 000","","","Commercial","9/21/2017"
"SRAM PACK I-C LLC","VALLEY DRIVE  2014","120K","B","054.00","000","120K B 05400 000","NORTH POINTE PHASE I","23","Commercial","8/4/2022"
"SRAM PACK I-C LLC","TUPPER DRIVE  196","126L","B","005.00","000","126L B 00500 000","GREEN PARK","IST","Commercial","5/5/2022"
"SRAM PACK I-C LLC","TYLER COURT  100","126P","I","024.00","000","126P I 02400 000","GREEN WAVE PARK SEC","52","Commercial","4/8/2022"
"SRAM PACK I-C LLC","PENINSULA DRIVE  1148","135A","E","006.00","000","135A E 00600 000","BEL-AIR, SEC 12","1","Commercial","11/3/2021"
"SRAM PACK I-C LLC","SOUTHBURN DRIVE  210","159A","E","006.00","000","159A E 00600 000","COLONIAL ACRES SEC 6","199","Commercial","7/6/2022"
"SRI SHIV SAI HOSPITALITY GROUP LLC","52W HWY NE 416","034L","A","020.04","000","034L A 02004 000","GUILFORD SUTTLE PROP","2E-2C","Commercial","11/14/2019"
"SRMZ 2 LLC","SOUTHBURN DRIVE  214","159A","E","008.00","000","159A E 00800 000","COLONIAL ACRES SEC 6","201","Commercial","3/20/2019"
"SRMZ 3 LLC","CAGE ROAD  123","163D","D","022.00","001","163D D 02200 001","","","Commercial","12/11/2020"
"SRMZ 3 LLC","CAGE ROAD  127","163D","D","022.00","002","163D D 02200 002","","","Commercial","12/11/2020"
"SS 104 HIGHWAY 52 W LLC C/O ADRIENNE COLLINS","52 HWY  104","033I","C","004.00","000","033I C 00400 000","JASON COLLINS PROP R","2-2","Commercial","6/29/2026"
"SS REALTY LP","WATER AVENUE SOUTH  1259","135","","012.04","000","135    01204 000","CROSSINGS SEC 4","2","Commercial","10/17/2019"
"STAMPER JON MATTHEW","MAPLE ROW BLVD  131","159O","D","021.00","009","159O D 02100C009","MAPLE ROW PROF BLDG-","302-302","Commercial","5/14/2026"
"STANFILL JACOB E & STEVE STANFILL & CHANCE STANFILL","HAVEN STREET  128","163D","D","005.00","000","163D D 00500 000","HICKORY HAVEN SEC 1","2","Commercial","12/3/2024"
"STANLEY RICHARD ETUX REGINA","OLD SHACKLE ISLAND RD  271","160E","B","002.00","001","160E B 00200 001","","","Commercial",""
"STAR BORROWER SFR5 LP C/O INVITATION HOMES","TREETOP COURT  107","099L","C","003.00","000","099L C 00300 000","TYREE WOODS EST SEC","149","Commercial","1/9/2025"
"STAR BORROWER SFR5 LP C/O INVITATION HOMES","OAKS DRIVE  136","113L","D","008.00","000","113L D 00800 000","TWIN OAKS","9","Commercial","1/9/2025"
"STAR BORROWER SFR5 LP C/O INVITATION HOMES","HOLLY DRIVE  109","160C","B","021.00","000","160C B 02100 000","HILLWOOD ESTS SEC. 4","30","Commercial","1/9/2025"
"STAR BORROWER SFR5 LP C/O INVITATION HOMES","EVERGREEN CIRCLE  227","160F","A","018.00","000","160F A 01800 000","BRIARCLIFF ESTATES S","0043","Commercial","1/9/2025"
"STAR BORROWER SFR5 LP C/O INVITATION HOMES","NEVERBREAK DRIVE  104","169H","F","025.00","000","169H F 02500 000","SURFSIDE PARK SEC 3","196","Commercial","1/9/2025"
"STAR BORROWER SFR5 LP C/O INVITATION HOMES","ROBINHOOD CIRCLE  118","170L","A","029.00","000","170L A 02900 000","SHERWOOD FOREST SEC B","12","Commercial","1/9/2025"
"STAR BORROWER SFR5 LP C/O INVITATION HOMES","WALTON TRACE SOUTH  140","170L","E","075.00","000","170L E 07500 000","WALTON TRACE PH 4","105","Commercial","1/9/2025"
"STAR BORROWER SFR5 LP C/O INVITATION HOMES","LINDA DRIVE  102","170M","F","018.00","000","170M F 01800 000","DELRAY PARK ESTATES","154","Commercial","1/9/2025"
"STAR BORROWER SFR6 LP C/O INVITATION HOMES","HIGH RIDGE COURT  105","120E","A","024.00","000","120E A 02400 000","WILLOW CREEK SEC 4 R","239-239","Commercial","7/30/2025"
"STAR BORROWER SFR6 LP C/O INVITATION HOMES","BENNETT DRIVE  114","141D","E","061.00","000","141D E 06100 000","CIMMARON TRACE SEC 3","184","Commercial","7/30/2025"
"STAR BORROWER SFR6 LP C/O INVITATION HOMES","SUMNER MEADOWS LANE  163","144M","E","030.00","000","144M E 03000 000","SUMNER MEADOWS PH 1","48","Commercial","7/30/2025"
"STAR BORROWER SFR6 LP C/O INVITATION HOMES","REDONDO COURT SOUTH  108","159N","B","008.00","000","159N B 00800 000","MAPLES, SEC.1","38","Commercial","7/30/2025"
"STASEK & POWERS PROPERTIES LLC","HANCOCK STREET  250","126J","B","003.00","000","126J B 00300 000","SOUTHWEST DEVELOPERS","3","Commercial","6/15/2004"
"STATLER COTTONWOOD LLC & STATLER WESTRIDGE LLC ET AL","PROVINE BLVD  3369","137","","008.07","000","137    00807 000","MCCAINS STATION","7","Commercial","8/20/2025"
"STATLER COTTONWOOD LLC & STATLER WESTRIDGE LLC ET AL","PROVINE BLVD  3370","137","","008.08","000","137    00808 000","MCCAINS STATION","8","Commercial","8/20/2025"
"STEAK N SHAKE OPERATIONS ATT: LINDA ALLEN","ANDERSON LANE NORTH  207","159B","B","007.00","000","159B B 00700 000","INDIAN LAKE MARKET PH 1 REV","FR","Commercial","1/30/2026"
"STEELE BRIDGE LLC","COUNTRY CLUB DRIVE  100","159K","C","016.00","007","159K C 01600C007","CLUB PLACE OFFICE CO","G 203","Commercial","3/27/2025"
"STEELE BRIDGE LLC","COUNTRY CLUB DRIVE  100","159K","C","016.00","010","159K C 01600C010","CLUB PLACE OFFICE CO","G2 203","Commercial","3/27/2025"
"STEELES TOWING & EQUIPMENT LLC","52 HWY  3715","029","","061.03","000","029    06103 000","","","Commercial","10/9/2020"
"STEEN LORELEI E ETVIR NICHOLAS J","ANDERSON LANE  155","159N","G","018.00","000","159N G 01800 000","LARUE HEIGHTS SEC 2","18","Commercial","4/11/2024"
"STEPHENS ANNA","MAIN STREET EAST  126","126C","F","024.00","000","126C F 02400 000","","","Commercial","1/30/2004"
"STEWART SAMUEL ETUX CLARE","NEW SHACKLE ISLAND RD  326","144M","D","003.00","000","144M D 00300 000","TENEX COMMERCIAL PRO","2B","Commercial","1/27/2016"
"STEWART SHIRLEY DEAN ETUX MARY ETAL","LOUISVILLE HWY  1122","140","","016.00","000","140    01600 000","","","Commercial","11/16/2000"
"STIEFVATER ORCHARDS LP C/O RTS AGRI BUSINESS LLC ATTN: TERRY NU","VOLUNTEER DRIVE  4","160M","A","004.02","000","160M A 00402 000","","1","Commercial","6/18/2026"
"STINSON ELDON LEE STINSON DANA ETUX","31W HWY","077G","A","001.00","000","077G A 00100 000","","","Commercial","11/17/2021"
"STINSON MICHAEL E ETUX TINA D","MARTIN LANE  375","075","","011.03","001","075    01103 001","","","Commercial",""
"STOKES MARY SMITH & MICHAEL RAY STOKES II ETAL","LAVERN CIRCLE  1070","146","","017.12","000","146    01712 000","SAUNDERSVILLE INDUST","0026","Commercial","5/27/2025"
"STOKES REAL ESTATE","31W HWY SOUTH  2232","097","","036.00","000","097    03600 000","WOODS HEIGHTS","1","Commercial","1/22/2024"
"STONE CECIL L ETUX SHARON S STONE TRUSTEES","NORTH BROADWAY  429","033A","B","013.00","000","033A B 01300 000","","","Commercial","7/30/1996"
"STONECRAFT FABRICATORS INC","SPRINGFIELD HWY  876","141","","022.00","000","141    02200 000","","","Commercial","11/7/2025"
"STONECRAFT FABRICATORS INC","SPRINGFIELD HWY  874","141","","023.00","000","141    02300 000","FITZPATRICK S/D","","Commercial","11/7/2025"
"STONERIDGE BORROWER LLC C/O SECURITY PROPERTIES INC","NASHVILLE PIKE  2325","146","","039.02","000","146    03902 000","HUNT CLUB SEC 1","","Commercial","5/16/2023"
"STOREY JOHN E ETUX LINDA","LOUISVILLE HWY  1333","121","","082.00","001","121    08200 001","","","Commercial","10/30/1985"
"STOREY JOHN E ETUX LINDA","LOUISVILLE HWY  1333","121","","083.00","001","121    08300 001","","","Commercial","10/30/1985"
"STORMAXX LLC","AIRPORT ROAD  1771","135","","012.03","000","135    01203 000","CROSSINGS SEC 4 RESU","1-3","Commercial","3/29/2016"
"STORPLACE OF HENDERSONVILLE LLC","AVONDALE ROAD  1010","146","","105.00","000","146    10500 000","AVONDALE PLACE PH 1-","2","Commercial","12/23/2019"
"STORPLACE PARTNERS I","AVONDALE ROAD  1020","146","","106.00","000","146    10600 000","AVONDALE PLACE PH 2-","4","Commercial","1/15/2020"
"STOUT KENNETH A","TUPPER DRIVE  150","126L","B","018.00","000","126L B 01800 000","","","Commercial","2/14/2014"
"STRAWTHER ALBERT JR","BLAKEMORE AVENUE NORTH  152","126B","B","009.00","000","126B B 00900 000","JOE GIBBS PROPERTY-R","PT 2-2","Commercial","4/14/2011"
"STREHLAU JEWELL MARGARET BAGGETT STREHLAU JOHN S ETVIR","BUSINESS PARK CIRCLE  3050","143J","F","007.00","008","143J F 00700C008","NORTHCREEK BUSINESS PARK SEC 14 RES 11B","11B","Commercial","1/5/2016"
"STROUD RODGER D STROUD SHELIA ETUX","LOUISVILLE HWY  1092","140","","066.01","000","140    06601 000","","","Commercial","4/28/2017"
"STUBBS WALTER ETUX DEVERY","NASHVILLE PIKE  1190","125M","A","010.00","000","125M A 01000 000","BAKERS ACRES","IST","Commercial","5/7/2003"
"STUBBS WALTER ETUX DEVERY","WALTON FERRY ROAD  136","163D","C","001.00","003","163D C 00100C003","PENINSULA PLACE","3","Commercial","11/9/2007"
"STUBBS WALTER H ETUX DEVERY J","NASHVILLE PIKE  1194","125M","A","006.00","000","125M A 00600 000","BAKERS CROSSING RESU","2B-2","Commercial","7/12/2012"
"STUMBO GALLATIN LLC","GRASSLAND PLACE  0","136F","A","012.00","000","136F A 01200 000","NASHVILLE PIKE BUSINESS PARK","7","Commercial","1/25/2021"
"STUMBO GALLATIN LLC","GRASSLAND PLACE  0","136F","A","013.00","000","136F A 01300 000","NASHVILLE PIKE BUSINESS PARK","6","Commercial","1/25/2021"
"STUMBO GALLATIN LLC","GRASSLAND PLACE  0","136F","A","014.00","000","136F A 01400 000","NASHVILLE PIKE BUSINESS PARK","5","Commercial","2/24/2022"
"STUMBO GALLATIN LLC","GRASSLAND PLACE  956","136F","A","015.00","000","136F A 01500 000","NASHVILLE PIKE BUSINESS PARK R3-4","3","Commercial","4/9/2025"
"STUMBO GALLATIN LLC","NASHVILLE PIKE  1429","136F","A","017.00","000","136F A 01700 000","JOHN A WADE NASHVILLE PK BUS PK","1","Commercial","5/23/2020"
"STYLES WILLIAM P STYLES BROOKE ETUX","HAZEL PATH DRIVE  102","164A","C","016.00","001","164A C 01600C001","HAZEL PATH SEC 2","4","Commercial","9/26/2022"
"SUDBURY CHARLES S SUDBURY JANE G D/B/A ETUX","RED RIVER ROAD  525","126B","E","007.00","000","126B E 00700 000","","","Commercial","10/30/2019"
"SUDBURY CHARLES STEVEN HUNTER MARY G TR","SUMNER HALL DRIVE  332","126I","A","018.00","000","126I A 01800 000","SUMNER HALL SEC III","8","Commercial","8/21/2015"
"SUDBURY JANE G HUNTER MARY G","FRANKLIN STREET EAST","113N","E","019.00","000","113N E 01900 000","","","Commercial","9/6/2019"
"SUDBURY STEVE & JANE D/B/A J & S PROPERTIES","109N HWY  1070","113","","009.00","000","113    00900 000","","","Commercial","12/31/1993"
"SUDBURY STEVE ETUX JANE D/B/A J &S PROPERTIES","109N HWY  1072","113","","010.00","000","113    01000 000","","","Commercial","3/10/2004"
"SUDBURY STEVE JANE G SUDBURY","RED RIVER ROAD  0","126B","E","005.00","000","126B E 00500 000","","","Commercial","4/7/2007"
"SUDBURY STEVE JANE G SUDBURY","RED RIVER ROAD  513","126B","E","006.00","000","126B E 00600 000","","","Commercial","4/7/2007"
"SUDDARTH MARK SR SUDDARTH MARK JR","SMITH STREET WEST  312","126C","H","021.00","000","126C H 02100 000","","","Commercial","8/23/2017"
"SUGGS ANTHONY C","WESSINGTON COURT  102","159A","H","018.00","000","159A H 01800 000","COLONIAL ACRES SEC 4","192","Commercial","2/26/2019"
"SUHR TONG M TR SUHR FAYE J TR OF","EAST MAIN STREET  170","159I","D","033.00","000","159I D 03300 000","MARTINS OAK SEC 3-RE","1","Commercial","8/19/2019"
"SUM CBOC LLC","STEAM PLANT ROAD  419","126D","E","022.00","000","126D E 02200 000","RAMSEY PLACE RESUB-R","","Commercial","11/3/2017"
"SUMMERS JULIE","MAPLE STREET  315","126K","B","001.00","000","126K B 00100 000","URBANDALE NO 3","0052","Commercial","3/21/2023"
"SUMMERS ROBERT G","RED RIVER ROAD  729","126B","A","023.00","000","126B A 02300 000","RAY DORRIS CORNER","1","Commercial","10/12/1999"
"SUMNER ASSOCIATION OF REALTORS INC SUITE B","EXECUTIVE PARK DRIVE  35","163C","F","004.00","002","163C F 00400C002","IMPERIAL SQUARE SEC 5 LT 4","4","Commercial","12/2/2004"
"SUMNER ASSOCIATION OF REALTORS INC UNIT B","IMPERIAL BOULEVARD  0","163C","F","003.08","000","163C F 00308 000","FIRST BAPTIST CHURCH","10","Commercial","5/30/2008"
"SUMNER COUNTY FAIR INC","FAIRGROUND ROAD  0","126G","B","025.01","000","126G B 02501 000","","","Commercial","4/30/1980"
"SUMNER COUNTY FARM BUREAU INC","BOYERS AVENUE NORTH  400","113N","B","024.00","000","113N B 02400 000","","","Commercial","6/20/1970"
"SUMNER COUNTY PARTNERS","OFFITT DRIVE  107","125","","016.02","000","125    01602 000","OXFORD STATION","3","Commercial","6/28/2017"
"SUMNER FARMERS COOPERATIVE","CHURCH STREET  0","126B","C","004.00","000","126B C 00400 000","","","Commercial","10/30/2001"
"SUMNER FARMERS COOPERATIVE","RED RIVER ROAD  450","126B","C","010.00","000","126B C 01000 000","","","Commercial","11/2/2015"
"SUMNER FARMERS COOPERATIVE","RED RIVER ROAD  0","126B","C","011.00","000","126B C 01100 000","","","Commercial","8/10/2021"
"SUMNER FUNERAL AND CREMATION LLC","SANDERS FERRY ROAD  104","160M","C","019.00","000","160M C 01900 000","LAKEVIEW ADDITION-12","12-19","Commercial","10/19/2021"
"SUMNER MG LLC","SCOTTY PARKER ROAD  1623","104","","005.00","001","104    00500 001","","","Commercial","12/13/2004"
"SUMNER REG MED CTR LLC ATTN: PROP VAL SVC","STEAM PLANT ROAD  402","126D","E","013.00","000","126D E 01300 000","SUMNER REGIONAL MEDI","P/O3","Commercial","6/28/2011"
"SUMNER REG MED CTR LLC LIFEPOINT HOSPITALS INC C/O","BLEDSOE STREET EAST  585","126D","E","014.00","000","126D E 01400 000","BLEDSOE STREET PROPE","1","Commercial","6/28/2011"
"SUMNER REG MED CTR LLC LIFEPOINT HOSPITALS INC C/O","BLEDSOE STREET EAST  581","126D","E","015.00","000","126D E 01500 000","SUMNER REGIONAL MEDI","P/O3","Commercial","6/28/2011"
"SUMNER REG MED CTR LLC LIFEPOINT HOSPITALS INC C/O","BLEDSOE STREET EAST  0","126D","E","016.00","000","126D E 01600 000","SUMNER REGIONAL MEDI","P/O3","Commercial","6/28/2011"
"SUMNER REG MED CTR LLC LIFEPOINT HOSPITALS INC C/O","BLEDSOE STREET EAST  575","126D","E","016.02","000","126D E 01602 000","SUMNER REGIONAL MEDI","P/O3-2","Commercial","6/28/2011"
"SUMNER REG MED CTR LLC LIFEPOINT HOSPITALS INC C/O","STEAM PLANT ROAD  406","126D","E","017.00","000","126D E 01700 000","SUMNER REGIONAL MEDI","P/O3","Commercial","6/28/2011"
"SUMNER REG MED CTR LLC LIFEPOINT HOSPITALS INC C/O","STEAM PLANT ROAD  404","126D","E","018.00","000","126D E 01800 000","SUMNER REGIONAL MEDI","P/O3","Commercial","6/28/2011"
"SUMNER REGIONAL MED CTR %300 STEAM PLANT RD LLC C/O","STEAM PLANT ROAD  300","126D","C","002.00","001","126D C 00200 001","","","Commercial","12/23/2020"
"SUMNER REGIONAL MED CTR ATTN: PROPERTY VALUATION SVCS","STEAM PLANT ROAD  317","126D","C","008.00","000","126D C 00800 000","SUMNER REGIONAL MEDI","IST","Commercial","9/1/2010"
"SUMNER REGIONAL MED CTR ATTN:PROPERTY VALUATION SVCS","HARTSVILLE PIKE  555","126D","C","002.00","000","126D C 00200 000","SUMNER REGIONAL MEDI","1A","Commercial","9/1/2010"
"SUMNER REGIONAL MEDICAL CENTER LIFEPOINT HOSPITALS C/O","BIG STATION CAMP BLVD  0","137","","008.03","000","137    00803 000","","","Commercial","11/27/2013"
"SUMNER REGIONAL MEDICAL CENTER LIFEPOINT HOSPITALS C/O","BIG STATION CAMP BLVD  0","137","","008.04","000","137    00804 000","","","Commercial","11/27/2013"
"SUMNER REGIONAL MEDICAL CENTER LLC ATTN: PROP VAL SVC","WESTLAND AVENUE SOUTH  0","126D","C","004.02","000","126D C 00402 000","SUMNER REGIONAL MEDI","1B","Commercial","12/29/2020"
"SUN SECURITY INVESTMENTS LLC","LOUISVILLE HWY  1161","121P","A","001.00","000","121P A 00100 000","DAVID A SMITH SUB","1","Commercial","6/26/2025"
"SUN VALLEY PARTNERS","INDIAN LAKE BLVD  223","159B","C","004.00","000","159B C 00400 000","INDIAN LAKE SEC 13","22","Commercial","5/8/2008"
"SUNBELT INVESTORS ASSET COMPANY LLC","CAROLYN LANE  760","127F","A","021.00","000","127F A 02100 000","MAPLEGROVE ESTS SEC","81","Commercial","10/31/2022"
"SUNBELT INVESTORS ASSET COMPANY LLC","LANGWOOD DRIVE  1176","135D","D","018.00","000","135D D 01800 000","SPRINGBROOK SEC 1","22","Commercial","5/24/2021"
"SUNBELT INVESTORS ASSET COMPANY LLC","CAMBRIDGE DRIVE  116","135H","E","051.00","000","135H E 05100 000","ACADEMY ACRES SEC 1","47","Commercial","10/31/2022"
"SUNBELT INVESTORS ASSET COMPANY LLC","ROBERTA DRIVE  125","171D","A","011.00","000","171D A 01100 000","DELRAY PARK ESTATES","180","Commercial","4/30/2022"
"SUNFIRE 3 LLC","HILLSIDE DRIVE  125","144M","B","034.00","000","144M B 03400 000","HILLWOOD ESTS SEC II","78","Commercial","7/19/2019"
"SUNNY REAL ESTATE LLC","WOODS ROAD  336","016F","A","008.00","000","016F A 00800 000","COUNTY LINE SUBDIVISION LOTS 1-6","4","Commercial","7/31/2025"
"SUNSHINE JEREMIAH IVER ETUX RAINBOW","WILLIAMS STREET  109","033J","D","023.01","000","033J D 02301 000","WILLIAMS STREET SUB","1","Commercial","10/4/2024"
"SUNSHINE JEREMIAH IVER ETUX RAINBOW","ELLIS LANE  111","099G","A","002.01","000","099G A 00201 000","ELLIS RESUB","2B","Commercial","10/4/2024"
"SUTER JERRY D","GLEN OAK COURT EAST  113","159A","L","028.00","000","159A L 02800 000","ROSEWOOD","28","Commercial","4/29/2013"
"SVEDIN BJORN ETUX JANET V","CANDY LANE PVT  1","160O","C","007.02","000","160O C 00702 000","","","Commercial","6/27/1996"
"SVEDIN BJORN ETUX JANET V","CANDY LANE PVT  5","160O","C","007.02","001","160O C 00702 001","","","Commercial",""
"SWALLOWTAIL PARTNERS LLC","DONNA DRIVE","163E","F","020.00","000","163E F 02000 000","CLAIRMONT MANOR REVISED","4","Commercial","9/23/2025"
"SWANGER DAVID H ETUX LINDA R","MEADOWVIEW DRIVE  1175","135D","E","020.00","000","135D E 02000 000","SPRINGBROOK SEC 2 RES 55-56,81-82","61","Commercial","4/30/2012"
"SWINDLE BOBBY ETUX ANITA JOSEPH SWINDLE C/O","TOM BEASLEY ROAD  420","025","","041.01","001","025    04101 001","","","Commercial","3/31/2010"
"SWT INVESTMENTS, LLC","CHURCH STREET  1208","001","","030.01","000","001    03001 000","1206-1208 NORTH CHURCH ST","","Commercial","6/12/2024"
"SYCAMORE SPRINGS LLC","NASHVILLE PIKE  2057","146","","037.10","000","146    03710 000","","3","Commercial","3/9/2021"
"SYNESI MCDONALDS LLC ATTN SON TRAN","BIG STATION CAMP CK RD  377","124","","121.00","000","124    12100 000","NEWMANS CROSSING","3","Commercial","8/29/2024"
"T & L HOMES LLC","CLOVERBROOK WAY  302","124B","D","015.00","000","124B D 01500 000","","412","Commercial","2/27/2026"
"T & L HOMES LLC","CATTAIL LANE  124","164H","A","016.00","000","164H A 01600 000","WATERFORD CROSSING PH 1 SEC 2 RESUB","64","Commercial","10/31/2018"
"T & L PROPERTIES OF TN LLC","MAPLE ROW BLVD  132","159O","D","033.00","510","159O D 03300C510","","","Commercial","9/6/2019"
"T & P JORDAN ENTERPRISES LLC","VANATTA ROAD  113","016","","058.00","000","016    05800 000","","","Commercial","8/8/2023"
"T & P JORDAN ENTERPRISES LLC","NORTH STREET  125","033B","B","011.00","000","033B B 01100 000","","","Commercial","8/8/2023"
"T & P JORDAN ENTERPRISES LLC","PORTLAND BOULEVARD  332","033B","B","014.00","000","033B B 01400 000","","","Commercial","8/8/2023"
"T AND L HOMES LLC","BUCKINGHAM BOULEVARD  176","114N","A","052.00","000","114N A 05200 000","CAMBRIDGE FARMS PH1-","105","Commercial","2/20/2026"
"T AND L HOMES LLC","HARDWICK LANE PVT  2006","125M","A","090.00","000","125M A 09000 000","SPRING POINT RESUB","8","Commercial","2/20/2026"
"T D MANAGEMENT LTD","GLENBROOK WAY  1027","144","","120.00","000","144    12000 000","GLENBROOK NORTH SEC-","10-10","Commercial","8/15/2017"
"TABOR MICHAEL JAYSON TR TABOR MARY BETH SPIVEY TR","MAPLE ROW BOULEVARD  107","159J","A","019.05","000","159J A 01905 000","MAPLE ROW BLVD","4","Commercial","4/23/2021"
"TABOR MICHAEL JAYSON TR TABOR MARY BETH SPIVEY TR","MAPLE ROW BOULEVARD  113","159J","A","019.08","000","159J A 01908 000","MAPLE ROW BLVD RESUB LT 7,8","7","Commercial","4/23/2021"
"TACO BELL OF AMERICA INC TBC TAX #002294 C/O","NASHVILLE PIKE  807","126G","C","022.00","000","126G C 02200 000","W B WIGGINS JR","2","Commercial","10/1/1997"
"TACO BELL OF AMERICA INC TBC TAX #003446 C/O","WEST MAIN STREET  447","163C","F","006.00","000","163C F 00600 000","IMPERIAL SQUARE SEC 6","5","Commercial","9/29/2009"
"TADROS MORIS","WATER AVENUE SOUTH  315","126C","P","004.01","000","126C P 00401 000","","","Commercial","7/12/2019"
"TAKACS MCGINNIS PRO PROP","WYNCREST WAY  104","146","","004.18","000","146    00418 000","SOUTHVIEW PROF PLAZA RESUB LT 4 & OPSP","1","Commercial","6/7/2019"
"TALAVERA LAE VANNALY","WINCHESTER STREET  205","126F","F","034.00","000","126F F 03400 000","RONALD FARM ESTATES","1","Commercial","9/20/2022"
"TANGIBLE INVESTMENTS LLC","HICKORY HILLS DRIVE  109","169A","A","007.00","000","169A A 00700 000","SUNRISE ESTATES","27","Commercial","6/17/2022"
"TANI & T INC","ACADEMY ROAD  3336","059","","088.00","000","059    08800 000","","","Commercial","4/15/2019"
"TAPP TAYLOR","WIX AVENUE  103","033J","G","035.01","000","033J G 03501 000","FLEMING-WIX PROP RES","1","Commercial","10/28/2020"
"TARGET CORP T-1511 PROP TAX DEPT C/O","ANDREWS RUN  1004","144","","116.00","000","144    11600 000","GLENBROOK NORTH SEC-","6","Commercial","6/21/2002"
"TAYLOR FAYE PORTER TR 100 CENTERPOINT ROAD TRUST","ACADEMY ROAD  1371","052","","093.00","000","052    09300 000","TWIN POPULAR S/D","0004","Commercial","8/31/2020"
"TAYLOR FAYE PORTER TR 100 CENTERPOINT ROAD TRUST","POINT ROAD  100","052","","094.00","000","052    09400 000","TWIN POPULAR S/D","5","Commercial","8/31/2020"
"TAYLOR INVESTMENT GROUP LLC","BELVEDERE DRIVE NORTH  180","125M","A","022.00","012","125M A 02200C012","SUMNER CROSSINGS CON","12","Commercial","12/20/2005"
"TAYLOR INVESTMENT GROUP LLC","BELVEDERE DRIVE NORTH  180","125M","A","022.00","016","125M A 02200C016","SUMNER CROSSINGS CON","16","Commercial","5/1/2007"
"TAYLOR JOHN A & RITA F TAYLOR ETAL TRS JOHN ALLEN AND RITA FAYE TAYLOR RLT","SOUTH BROADWAY  303","033I","C","002.00","000","033I C 00200 000","","","Commercial","11/9/2023"
"TAYLOR PHILLIP","DOBBINS PIKE  302","104","","102.00","001","104    10200 001","","","Commercial","2/8/2022"
"TAYLOR REAL ESTATE 10 LLC","31W HWY  5734","018","","006.01","000","018    00601 000","","","Commercial","6/3/2024"
"TAYLOR TIMOTHY RAY ETUX LESLIE NICOLE","PORTLAND BOULEVARD  407","033B","C","001.00","000","033B C 00100 000","","","Commercial","10/24/2024"
"TBH PROPERTIES LLC","CAMPUS DRIVE","163D","A","020.00","000","163D A 02000 000","PATE","53,PO52","Commercial","7/12/2021"
"TBH PROPERTIES LLC","POWELL DRIVE  134","163D","A","021.00","000","163D A 02100 000","C L POWELL","LIST","Commercial","7/12/2021"
"TBR SFR NASHVILLE OWNER 1 LP","BUCKHAVEN COURT  106","164F","E","042.00","000","164F E 04200 000","CUMBERLAND PLACE SEC 5","108","Commercial","3/30/2022"
"TBR SFR NASHVILLE OWNER1 LP","LAKESHORE DRIVE  1098","135H","A","002.00","000","135H A 00200 000","LAKE CHARLAND ESTATES SEC 1","1","Commercial","5/4/2022"
"TCS DEVELOPMENT LLC","SANDERS FERRY ROAD  127","164A","A","031.00","000","164A A 03100 000","EDGEWATER APARTMENTS","1-4","Commercial","3/4/2007"
"TDG BYRDSTOWN LLC","WHITE OAK COURT  107","159A","O","004.00","000","159A O 00400 000","GLEN OAK SEC 2","70","Commercial","8/6/2020"
"TDG BYRDSTOWN LLC","ALRED CIRCLE  130","160D","B","038.00","000","160D B 03800 000","IRIS COVE","16","Commercial","8/28/2020"
"TDG BYRDSTOWN LLC","REDBUD DRIVE  109","164C","D","027.00","000","164C D 02700 000","BENT TREE","20","Commercial","8/7/2020"
"TDG PROPERTIES LLC","HIGHLAND DRIVE  704","097L","C","022.00","000","097L C 02200 000","NORTHWOODS PH 7 SEC-","120-120","Commercial","8/20/2020"
"TDG PROPERTIES LLC","HEATHER DRIVE  1110","099J","B","010.00","000","099J B 01000 000","RIDGE CREST PHASE 3-","41-41","Commercial","10/16/2020"
"TDG PROPERTIES LLC","HEATHER DRIVE  1108","099J","B","011.00","000","099J B 01100 000","RIDGE CREST PHASE 3-","42-42","Commercial","11/23/2020"
"TDG PROPERTIES LLC","LEANN COURT  1125","112O","C","012.00","000","112O C 01200 000","BELLE BREEZE SUB SEC","12","Commercial","10/1/2021"
"TDG PROPERTIES LLC","WEATHERVANE DRIVE  657","114E","B","024.00","000","114E B 02400 000","TWIN EAGLES PH 3","36","Commercial","3/6/2020"
"TDG PROPERTIES LLC","BUCKINGHAM BOULEVARD  411","114K","D","017.00","000","114K D 01700 000","CAMBRIDGE FARMS PH 2","124","Commercial","10/28/2022"
"TDG PROPERTIES LLC","GOODMAN DRIVE  395","114K","H","003.00","000","114K H 00300 000","","5","Commercial","6/29/2021"
"TDG PROPERTIES LLC","MONTICELLO PLACE  1008","127C","D","039.00","000","127C D 03900 000","CAIRO LANDING PH 2","1","Commercial","8/9/2021"
"TDG PROPERTIES LLC","HARRINGTON DRIVE  1375","136F","C","018.00","000","136F C 01800 000","PLANTATION TRACE PH 2","18","Commercial","1/5/2023"
"TDG PROPERTIES LLC","HARRINGTON DRIVE  1391","136F","C","021.00","000","136F C 02100 000","PLANTATION TRACE PH 2","21","Commercial","3/6/2020"
"TDG PROPERTIES LLC","MEADOW CREST COURT  101","145P","G","031.00","000","145P G 03100 000","SUMNER MEADOWS PH 2","81","Commercial","3/6/2020"
"TEACHERS RETIREMENT SYSTEM OF THE STATE OF KENTUCKY","NASHVILLE PIKE  585","126G","C","002.00","000","126G C 00200 000","FOX LAWS & HOLLEMAN","1","Commercial","2/5/2001"
"TEAGUE & TEAGUE GP","ROCKLAND ROAD  254","160O","C","035.00","000","160O C 03500 000","WAYNE E. WANTZ JR. P","","Commercial","6/7/2024"
"TEMPLETON CYNTHIA ETVIR RONALD","FRANKLIN STREET WEST  178","126C","B","009.00","000","126C B 00900 000","TOWN CREEK RE DEV. S","IST","Commercial","12/31/1997"
"TEMPLETON RONALD W ETUX CYNTHIA HALL","FRANKLIN STREET WEST  176","126C","B","010.00","000","126C B 01000 000","TOWN CREEK RE DEV.","IST","Commercial","6/29/1994"
"TEN SEVENTEEN CAPITAL LLC","GREENSBORO DRIVE  1045","136","","016.04","110","136    01604 110","GREENSBORO VILLAGE P","3","Commercial","8/2/2024"
"TENN HOLDINGS","SAUNDERSVILLE ROAD  190","145","","093.05","000","145    09305 000","INDIAN LAKE VILLAGE PH.8 SEC.B RESUB","56","Commercial","5/2/2013"
"TENN PROPERTIES GALLATIN INDUSTRIAL LLC","AVIATION LANE PVT  750","127","","001.01","000","127    00101 000","AERO BUSINESS PARK","1","Commercial","3/1/2022"
"TENN PROPERTIES GP","GLENBROOK WAY  1047","144","","105.01","000","144    10501 000","GLENBROOK NORTH SEC","17","Commercial","2/25/2014"
"TENNESSEE COMMERCIAL PROPERTIES LLC C/O HGIO","NASHVILLE PIKE  1168","125M","A","015.00","000","125M A 01500 000","BAKER ACRES","05-8","Commercial","2/27/2026"
"TENNESSEE CONSTRUCTION ASSOC LLC","DINK RUT ROAD  258","058","","120.07","000","058    12007 000","HALLTOWN SPRINGS RESUB OF LOT 3 & 4","3A","Commercial","10/27/2021"
"TENNESSEE CONSTRUCTION ASSOC LLC","DINK RUT ROAD  264","058","","120.08","000","058    12008 000","HALLTOWN SPRINGS RESUB OF LOT 3 & 4","4A","Commercial","4/27/2026"
"TENNESSEE CREDIT UNION","NASHVILLE PIKE  716","126I","A","007.00","000","126I A 00700 000","FIDELITY FEDERAL","1","Commercial","9/8/2006"
"TENNESSEE DONUTS REALTY LLC","BEATY BLVD  1013","125","","017.03","000","125    01703 000","TRAILS AT HUNTER POINTE RESUB","1","Commercial","2/25/2025"
"TENNESSEE DONUTS REALTY LLC","NEW SHACKLE ISLAND RD  303","160D","B","011.01","000","160D B 01101 000","NEWMAN PLAZA SEC.3","0001","Commercial","9/26/2019"
"TENNESSEE FARMERS LIFE INSURANCE CO","BUSINESS PARK CIRCLE  3034","143J","F","011.01","000","143J F 01101 000","NORTH CREEK BUSINESS PARK SEC 12 RES 3","3","Commercial","5/12/2009"
"TENNESSEE GRASSLANDS LLC","FOXLAND BLVD  1445","147","","007.00","000","147    00700 000","FOXLAND PH 9 SEC 1","1","Commercial","8/31/2018"
"TENNESSEE GRASSLANDS LLC","FOXLAND BLVD","147","","007.02","000","147    00702 000","FOXLAND PH 2 & RES P","2.2","Commercial","8/31/2018"
"TENNESSEE GRASSLANDS LLC","DOUGLAS BEND ROAD  621","147","","010.00","001","147    01000 001","","","Commercial","8/31/2018"
"TENNESSEE GRASSLANDS LLC","DOUGLAS BEND ROAD  0","147","","010.01","001","147    01001 001","","","Commercial","8/31/2018"
"TENNESSEE POSTAL HOLDINGS LLC","VILLAGE DRIVE  130","033P","A","011.01","000","033P A 01101 000","FARMERS BANK SUB","1","Commercial","4/15/2025"
"TENNESSEE VISTA LLC","AMELIA COURT  104","099J","A","019.00","000","099J A 01900 000","RIDGECREST PH 2","59","Commercial","3/7/2019"
"TENNESSEE VISTA LLC","HEATHER DRIVE  1114","099J","B","008.00","000","099J B 00800 000","RIDGE CREST PHASE 3-","39-39","Commercial","2/13/2019"
"TENNESSEE VISTA LLC","PARK AVENUE EAST  123","126F","K","046.00","000","126F K 04600 000","SUNSET VIEW","5","Commercial","2/13/2019"
"TENNESSEE VISTA LLC","BENTLEY STREET  522","126L","D","001.00","000","126L D 00100 000","SOUTHMEADE S/D","0012","Commercial","2/14/2019"
"TENNESSEE VISTA LLC","HOMESTEAD PLACE WEST  118","144N","A","009.00","000","144N A 00900 000","HOMESTEAD PLACE PHAS","13","Commercial","2/13/2019"
"TENNESSEE VISTA LLC","TOWNSHIP DRIVE  256","160F","K","009.00","000","160F K 00900 000","HILLWOOD 4-C PT. II","113","Commercial","3/6/2019"
"TENNRX PROPERTIES LLC","WEST MAIN STREET  443","163C","F","008.00","000","163C F 00800 000","IMPERIAL SQUARE SEC 13","11","Commercial","3/31/2022"
"TENNTENNONE PARTNERS LLC","MASON STREET  110","019P","A","022.00","000","019P A 02200 000","EVERGREEN SUB HWY 52","206","Commercial","7/13/2026"
"TEXAS WEST","WEST MAIN STREET  457","163C","C","035.00","000","163C C 03500 000","IMPERIAL SQUARE SEC 15","2","Commercial","12/28/2012"
"TEXAS WEST C/O WHEELER","WEST MAIN STREET  157","160M","C","020.00","000","160M C 02000 000","LAKEVIEW ADDITION RESUB 1-11","1","Commercial","12/31/1999"
"THARP & EZELL PROPERTIES","WEST MAIN STREET  780","160O","B","026.00","000","160O B 02600 000","PRIESTWOOD CENTER RE","","Commercial","7/29/2019"
"THARP & EZELL PROPERTIES","WEST MAIN STREET  778","160O","B","027.00","000","160O B 02700 000","PRIESTWOOD CENTER","1","Commercial","7/29/2019"
"THARP4 LLC","MOUNT VERNON ROAD  240","068","","006.00","000","068    00600 000","","","Commercial","12/22/2023"
"THARP5 LLC","MOUNT VERNON ROAD  146","068","","116.00","000","068    11600 000","EVANS PROPERTY","13","Commercial","12/22/2023"
"THE FARMERS BANK","AUSTIN PEAY HWY  5804","045","","062.05","000","045    06205 000","TWIN HILLS SHOP. CNT","2","Commercial","9/29/2006"
"THE HEHFB OF THE CITY OF GALLATIN, TN GALLATIN ECONOMIC DEV AGENCY C/O","MISS B BLVD  108","147","","002.03","000","147    00203 000","","2","Commercial","2/3/2026"
"THE PARKER GROUP LLC","ELLETA STREET  110","126K","F","023.00","000","126K F 02300 000","LONGVIEW ESTATES SEC 1","4-6","Commercial","12/24/2021"
"THIRD DAY PROPERTY SERVICES LLC","MAIN STREET WEST  203","126C","H","009.00","000","126C H 00900 000","","","Commercial","5/15/2023"
"THOMAS JAMES D & CHELSEA THOMAS HARRIS","AUSTIN PEAY HWY  5912","045","","062.02","000","045    06202 000","","","Commercial","7/9/2025"
"THOMAS JUDY MCBROOM TR OF MOONLIGHT TRUST","MASON LANE  408","143I","A","009.00","000","143I A 00900 000","BARNETT ROLLING ACRES","29","Commercial","6/10/2019"
"THOMAS JUDY MCBROOM TR OF MOONLIGHT TRUST","ELBA DRIVE  510","143J","C","020.00","000","143J C 02000 000","PAGE HEIGHTS SEC 1","6","Commercial","6/10/2019"
"THOMAS ROCKY STEVEN","GRAY STREET WEST  0","113K","K","001.00","000","113K K 00100 000","","","Commercial","4/2/1999"
"THOMAS ROCKY STEVEN","WATER AVENUE NORTH  0","113K","K","009.00","000","113K K 00900 000","","","Commercial","4/2/1999"
"THOMAS ROCKY STEVEN","WATER AVENUE NORTH  540","113K","K","009.04","000","113K K 00904 000","FIVE FORTY SUB","4","Commercial","4/2/1999"
"THOMPSON ALICE S","LONG HOLLOW PIKE  4104","139","","001.05","000","139    00105 000","","","Commercial","4/27/1994"
"THOMPSON DAVID W WRIGHT RANDELL","JAMES CIRCLE  153","126M","A","011.00","000","126M A 01100 000","JAMES SUB","IST","Commercial","9/14/2020"
"THOMPSON LAND SOLUTIONS LLC c/o JUSTIN THOMPSON C/O","WINCHESTER STREET EAST  354","126D","F","018.00","000","126D F 01800 000","","","Commercial","1/29/2026"
"THOMPSON LARRY E","THOMPSON LANE SOUTH  225","122","","003.01","000","122    00301 000","","","Commercial","3/29/1982"
"THOMPSON MICKY ETUX THOMPSON HEATHER","BENNETT AVENUE  108","033J","G","026.00","000","033J G 02600 000","BENNETT VIEW SUB","2","Commercial","6/8/2023"
"THOMPSON MICKY ETUX THOMPSON HEATHER","BENNETT AVENUE  110","033J","G","026.01","000","033J G 02601 000","BENNETT VIEW SUB","1","Commercial","6/8/2023"
"THOMPSON RICHARD A","CANFIELD PLACE  114","160M","C","023.00","016","160M C 02300C016","HENDERSONVILLE COURT","8","Commercial","7/12/2004"
"THOMSON MATTHEW KEITH ETUX MARILEE ANN","NASHVILLE PIKE  1172","125M","A","014.00","000","125M A 01400 000","BAKERS ACRES","1-4","Commercial","11/1/2023"
"THOMSON MATTHEW THOMSON MARILEE ETUX","WATER AVENUE NORTH","126C","C","001.00","000","126C C 00100 000","","","Commercial","9/28/2016"
"THORNTON DAVID","NORTH BROADWAY  419","033A","B","016.01","000","033A B 01601 000","GARY KELLY PROP","2","Commercial","2/18/1994"
"THORNTON DAVID","31E HWY NE 5426","044","","110.02","000","044    11002 000","","","Commercial","1/3/1996"
"THOROUGHBRED HOLDINGS","KENNESAW BLVD  1005","136","","045.01","000","136    04501 000","KENNESAW OFFICE PARK SEC 1","10B","Commercial","1/30/2025"
"THOROUGHBRED HOLDINGS","BABER PARK WEST PVT  210","136","","045.05","000","136    04505 000","KENNESAW OFFICE PARK SEC2","14","Commercial","3/3/2021"
"THOROUGHBRED HOLDINGS","KENNESAW BLVD  995","136","","045.06","000","136    04506 000","KENNESAW OFFICE PARK SEC 1","10A","Commercial","1/30/2025"
"THOROUGHBRED HOLDINGS","BABER PARK WEST PVT.  214","136","","045.08","000","136    04508 000","KENNESAW OFFICE PARK SEC2","15A","Commercial","12/30/2024"
"THREE STAR HOLDINGS LLC","HUNT CLUB BLVD  1531","146K","A","001.01","001","146K A 00101C001","HUNT CLUB SEC 3","4","Commercial","5/20/2011"
"TIANO RYAN MICHAEL","PARK AVENUE EAST  131","126F","K","044.00","000","126F K 04400 000","SUNSET VIEW","7","Commercial","7/18/2025"
"TIBSEN PROPERTIES LLC","N WATER AVE  736","113K","B","029.00","000","113K B 02900 000","TRIPLE BROOK SUBDIVISON","1","Commercial","2/28/2025"
"TIBSEN PROPERTIES LLC","TRIMBLE AVE  759","113K","B","029.02","000","113K B 02902 000","TRIPLE BROOK SUBDIVISION","3","Commercial","5/6/2026"
"TIDAL CREEK PROPERTIES LLC","BRITTON AVENUE  906","126N","K","021.01","000","126N K 02101 000","HALEWOOD ESTATES SEC","9","Commercial","9/29/2025"
"TIGGES MICHAEL J","HARTSVILLE PIKE  529","126D","C","003.00","000","126D C 00300 000","","","Commercial","2/4/2004"
"TILL REAL ESTATE HOLDINGS LLC","109N HWY OLD","113","","011.01","000","113    01101 000","","","Commercial","5/16/2022"
"TILL REAL ESTATE HOLDINGS LLC","109N HWY OLD  1090","113","","011.02","000","113    01102 000","","","Commercial","5/16/2022"
"TING JACK H ETUX SUK Y THAM","31W HWY  3300","077G","A","003.01","000","077G A 00301 000","CRANOR ESTATES","","Commercial","4/18/2003"
"TINNIN TIMOTHY TINNIN SHELLEY","LORETTA DRIVE  0","140","","084.09","000","140    08409 000","","","Commercial","2/8/2021"
"TINNIN WILLIAM T  & SAM TINNIN & GLENDA FAYE TINNIN","FORKS ROAD  840","142","","006.03","000","142    00603 000","HEE-HAW MOTEL","","Commercial","12/21/2022"
"TISANO NOLENSVILLE LLC","KENNESAW BLVD  1059","136","","045.03","000","136    04503 000","KENNESAW WEST COMMERCIAL","13","Commercial","5/6/2024"
"TISANO NOLENSVILLE LLC","CINEMA DRIVE  108","145","","090.00","000","145    09000 000","INDIAN LAKE VILLAGE-","37-37","Commercial","5/6/2024"
"TISANO REALTY INC ARBYS RESTRAUNT GROUP INC C/O","MAIN STREET EAST  307","126D","A","001.00","000","126D A 00100 000","BILL SIRLS FINAL PLA","1A-P/O1","Commercial","4/15/2015"
"TISDALE DONALD W ETUX DEBORAH F","RIDGECREST DRIVE  1035","120","","033.00","001","120    03300 001","","","Commercial",""
"TJ INVESTMENT LLC","31W HWY  2500","097E","A","020.00","000","097E A 02000 000","HIGHLAND EST SEC 1 R","5-5","Commercial","1/18/2018"
"TMB HOLDINGS","DOBBINS PIKE  141","113","","030.00","000","113    03000 000","","","Commercial","5/13/2025"
"TN 4 PROPERTIES LLC","EDGEWOOD DRIVE  146","164P","B","013.00","000","164P B 01300 000","WALNUT HILLS ESTATES SEC 7","17","Commercial","3/15/2021"
"TN CUSTOM PROPERTIES LLC","PLAZA DRIVE PVT  107","160O","C","007.00","000","160O C 00700 000","","1","Commercial","9/8/2016"
"TN CUSTOM PROPERTIES LLC","CANDY LANE PVT  7","160O","C","007.00","001","160O C 00700 001","","1","Commercial","9/8/2016"
"TN EQUITIES LLC","NASHVILLE PIKE  674","126G","A","001.00","000","126G A 00100 000","","","Commercial","2/9/2016"
"TN EQUITIES LLC","NASHVILLE PIKE  670","126G","A","002.00","000","126G A 00200 000","","","Commercial","2/9/2016"
"TN LAKE PROPERTIES LLC","RIDGECREST DRIVE  111","144P","A","006.00","000","144P A 00600 000","RIDGECREST ESTATES","47","Commercial","12/1/2022"
"TN PACE RE LLC C/O RHA HEALTH SVC","MALVIN STREET  454","126J","A","035.00","000","126J A 03500 000","HALEWOOD ESTS SEC 5","11","Commercial","4/29/2022"
"TN PACE RE LLC C/O RHA HEALTH SVC","MALVIN STREET  450","126J","A","036.00","000","126J A 03600 000","HALEWOOD ESTS SEC 5","10","Commercial","4/29/2022"
"TN REAL ESTATE NOW LLC","COLLEGE STREET  228","113N","F","015.00","000","113N F 01500 000","","","Commercial","7/12/2019"
"TN REAL ESTATE NOW LLC","BROWN PLACE  216","113N","F","015.01","000","113N F 01501 000","","","Commercial","7/12/2019"
"TN STAR PROPERTIES LLC","SHIVEL DRIVE  121","163D","C","027.00","000","163D C 02700 000","SHIVEL ADDN TO HENDERSONVILLE","46,PO47","Commercial","3/28/2025"
"TN/RX LLC BARTA RICHARD A C/O","INDIAN LAKE BLVD  101","159J","A","029.03","000","159J A 02903 000","INDIAN LAKE SEC 3 RESUB 5","5","Commercial","10/25/2013"
"TN4 PROPERTIES LLC","CORNELIA DRIVE  106","164P","A","021.00","000","164P A 02100 000","WALNUT HILLS ESTATES SEC 7","64","Commercial","3/15/2021"
"TN4 PROPERTIES LLC","MOYNA DRIVE  103","169P","C","030.00","000","169P C 03000 000","CURTISWOOD SEC 1","16","Commercial","9/19/2022"
"TNHOMESITES.COM","SAUNDERSVILLE ROAD  150","145","","093.01","000","145    09301 000","INDIAN LAKE VILLAGE-","39","Commercial","2/18/2021"
"TNT HOME BUYERS LLC","MEADOW LANE  201","020J","B","027.00","000","020J B 02700 000","LAKE ROAD SEC 4","90","Commercial","3/1/2024"
"TNT HOME BUYERS LLC","BORDERS STREET EAST  3315","044C","C","001.00","000","044C C 00100 000","CROWN HILL EST","2","Commercial","6/18/2021"
"TNT HOME BUYERS LLC","BORDERS STREET EAST  3307","044C","C","002.00","000","044C C 00200 000","","","Commercial","10/30/2019"
"TNT HOME BUYERS LLC","OLD MOUNT VERNON ROAD  1019","048","","002.04","000","048    00204 000","","","Commercial","9/21/2022"
"TNT HOME BUYERS LLC","231S HWY  1407","085","","014.00","000","085    01400 000","","","Commercial","10/19/2021"
"TNT HOME BUYERS LLC","RUTH AVENUE  610","113L","B","025.00","000","113L B 02500 000","GREEN HILLS","15,PO16","Commercial","5/31/2018"
"TNT HOME BUYERS LLC","HOGANS BRANCH ROAD  1309","117","","046.00","000","117    04600 000","HAMNER SUB","1","Commercial","5/23/2025"
"TNT HOME BUYERS LLC","HITE STREET WEST  155","126K","F","008.00","000","126K F 00800 000","MORNINGSIDE HGTS","IST","Commercial","9/13/2019"
"TNT HOME BUYERS LLC","WALTON FERRY ROAD  200","163D","F","011.00","000","163D F 01100 000","H B RONEY ADDITION","LIST","Commercial","8/14/2020"
"TNT HOME BUYERS LLC","NOKES DRIVE  110","163E","A","013.00","000","163E A 01300 000","NOKES ADDITION","11-13","Commercial","3/31/2020"
"TNT HOME BUYERS LLC","MORRIS STREET  205","170E","A","005.00","000","170E A 00500 000","PANORAMA HARBOR SEC 1","48","Commercial","12/21/2018"
"TNT HOMEBUYERS LLC","31E HWY OLD  1802","044C","B","029.00","000","044C B 02900 000","","","Commercial","1/2/2024"
"TNT WATER SPORTS PROPERTIES LL %TRANTUM ANDREW C/O","WEST MAIN STREET  1089","160","","052.01","000","160    05201 000","","","Commercial","3/22/2018"
"TNTX HOLDINGS LLC","INNSBROOKE AVENUE  960","146H","B","005.00","000","146H B 00500 000","MILLSTONE","5","Commercial","11/15/2019"
"TNTX HOLDINGS LLC","POWELL DRIVE  132","163D","A","022.00","000","163D A 02200 000","C L POWELL","LIST","Commercial","11/15/2019"
"TOMLIN MICHAEL","AUSTIN PEAY HWY  5404","044E","D","006.00","000","044E D 00600 000","","","Commercial","7/21/2017"
"TOMOKI PROPERTIES LLC","DARBY ROAD  7605","118","","003.02","000","118    00302 000","","","Commercial","12/16/2022"
"TONG PO HOLDINGS LLC","FOREST RETREAT ROAD  111","160O","B","009.00","000","160O B 00900 000","FOREST RETREAT","11B","Commercial","9/6/2018"
"TOP NOTCH PROPERTIES LLC","DEER PARK CIRCLE","126A","F","015.00","000","126A F 01500 000","CREEKVIEW SEC. 1","15","Commercial","6/12/2007"
"TOP NOTCH PROPERTIES LLC","SUSAN DRIVE  112","163L","C","017.00","000","163L C 01700 000","HICKORY VILLAGE SEC 1","80","Commercial","6/12/2007"
"TOP NOTCH PROPERTIES LLC","SUSAN DRIVE  108","163L","C","019.00","000","163L C 01900 000","HICKORY VILLAGE SEC 1","82","Commercial","1/3/2018"
"TOP NOTCH PROPERTIESLLC","GEORGETOWN DRIVE  117","159A","J","007.00","000","159A J 00700 000","COLONIAL ACRES SEC 3","222","Commercial","6/12/2007"
"TOWE DIANNE BARR & JOSEPH B TOWE TRS OF DIANNE BARR TOWE LIVING TRUST","MAPLE STREET  147","160M","A","021.00","000","160M A 02100 000","","","Commercial","5/28/2024"
"TOWE HARVEY PAUL CO TR CHERE TOWE LAMBERT CO TR","ROCKLAND ROAD  314","160O","D","019.00","000","160O D 01900 000","","","Commercial","4/4/2006"
"TOWE PAUL HARVEY & JEREMIAH PAUL LAMBERT","SANDERS FERRY ROAD  107","164A","A","027.00","000","164A A 02700 000","","","Commercial","2/13/2025"
"TR OF 744 TRUST","AIRPORT ROAD  744","127","","002.01","000","127    00201 000","GM GUNN","1","Commercial","7/15/2026"
"TRACTOR SUPPLY COMPANY ATTN:LEASE ADMINISTRATION","CENTER POINT ROAD  911","161","","046.01","000","161    04601 000","MANSKER CREEK SUB","1","Commercial","1/17/2008"
"TRACY MYRTIS J","BROWN PLACE  276","113N","F","025.00","000","113N F 02500 000","JACOBS RE SUB OF PAR","3","Commercial","6/14/2007"
"TRAILS AT HUNTER POINT LLC ATTN GENERAL COUNSEL","BEATY BLVD  1006","125","","018.04","000","125    01804 000","TRAILS AT HUNTER POINTE RESUB","2","Commercial","12/28/2018"
"TRAILS AT HUNTER POINT LLC ATTN GENERAL COUNSEL","LONG HOLLOW PIKE  0","125","","018.05","000","125    01805 000","TRAILS AT HUNTER POINTE RESUB","5","Commercial","12/28/2018"
"TRAMMEL MARK","ODOMS BEND ROAD  124","148","","050.02","000","148    05002 000","TRACT 4B","R4B","Commercial","1/11/2016"
"TRAMMELL PHYLLIS","WEST MAIN STREET  1002","001N","A","010.01","000","001N A 01001 000","","","Commercial","12/6/2023"
"TRAMMELL PHYLLIS","WEST MAIN STREET  1002","001N","A","010.01","001","001N A 01001 001","","","Commercial","12/6/2023"
"TRANS AM SFE II LLC","SEA BISCUIT DRIVE  320","126L","C","025.07","000","126L C 02507 000","ALBION DOWNS PH 2","55","Commercial","11/13/2019"
"TRANS AM SFE II LLC","ROCKWOOD TERRACE  141","135A","G","018.00","000","135A G 01800 000","ROCKWOOD TERRACE","18","Commercial","12/18/2019"
"TRC STRATEGIC REALTY LLC","CALDWELL DRIVE  405","143O","B","002.00","000","143O B 00200 000","PAGE HEIGHTS SEC 4","183","Commercial","12/29/2023"
"TRC STRATEGIC REALTY LLC","HILLS DALE DRIVE  138","160G","B","004.00","000","160G B 00400 000","TWIN VALLEY SUB. SEC","19","Commercial","12/21/2023"
"TREND PROPERTIES LLC","S CENTER POINT ROAD  180","161M","A","002.01","000","161M A 00201 000","CENTER POINT INDUSTRIAL PARK","1","Commercial","9/21/2012"
"TRESTLES LLC","BUSINESS PARK CIRCLE  3050","143J","F","007.00","004","143J F 00700C004","NORTHCREEK BUSINESS PARK SEC 14 RES 11B","11B","Commercial","3/22/2019"
"TRI AURORA LLC","INDIAN LAKE ROAD  129","159O","D","001.00","000","159O D 00100 000","MAPLE ROW BOULEVARD","1","Commercial","1/7/2020"
"TRI COUNTY RENTALS LLC","PLEASANT GROVE ROAD  1717","028","","047.02","000","028    04702 000","","","Commercial","2/23/2022"
"TRI COUNTY RENTALS LLC","31E HWY  6628","028","","047.05","000","028    04705 000","","1A","Commercial","2/23/2022"
"TRI COUNTY RENTALS LLC","SIDEVIEW RD  241","090","","003.02","000","090    00302 000","","","Commercial","6/11/2021"
"TRI STAR ENERGY LLC","BIG STATION CAMP BLVD  385","124","","120.00","000","124    12000 000","NEWMANS CROSSING","2","Commercial","5/6/2022"
"TRI STAR ENERGY LLC","NASHVILLE PIKE  698","126G","A","001.01","000","126G A 00101 000","GALLATIN CENTER","1","Commercial","7/6/2020"
"TRI STAR ENERGY LLC","MAIN STREET WEST  385","126G","B","006.00","000","126G B 00600 000","","","Commercial","6/30/2020"
"TRI STAR ENERGY LLC","MAIN STREET WEST  387","126G","B","007.00","000","126G B 00700 000","","","Commercial","6/30/2020"
"TRI STAR ENERGY LLC","LOUISVILLE HWY  943","141","","076.00","000","141    07600 000","DEANA GIBBS PROP RES","1","Commercial","5/20/2026"
"TRI STAR ENERGY LLC","INDIAN LAKE BLVD  267","145","","070.03","000","145    07003 000","INDIAN LAKE VILLAGE-","20-20","Commercial","12/10/2008"
"TRI STAR ENERGY LLC %GENERAL COUNSEL C/O","RED RIVER ROAD  0","126B","C","018.00","000","126B C 01800 000","","","Commercial","7/7/2020"
"TRI STAR ENERGY LLC %GENERAL COUNSEL C/O","RED RIVER ROAD  348","126B","C","019.00","000","126B C 01900 000","","","Commercial","7/7/2020"
"TRI STAR ENERGY LLC c/o GENERAL COUNSEL","52W HWY  100","033I","C","007.00","000","033I C 00700 000","","","Commercial","7/6/2020"
"TRI STAR ENERGY LLC c/o GENERAL COUNSEL","31E HWY  5404","044","","112.00","000","044    11200 000","","","Commercial","6/30/2020"
"TRI STAR ENERGY LLC c/o GENERAL COUNSEL","AIRPORT ROAD  1597","126","","007.04","000","126    00704 000","GEE PROP","1","Commercial","7/22/2020"
"TRI STAR ENERGY LLC c/o GENERAL COUNSEL","MAPLE STREET  400","126G","B","022.00","000","126G B 02200 000","WADE TRUST","3","Commercial","7/30/2020"
"TRI STAR ENERGY LLC c/o GENERAL COUNSEL","NASHVILLE PIKE  1845","136","","027.02","000","136    02702 000","FOXLAND PH 1 SEC 1-C","1","Commercial","6/30/2020"
"TRI-DASH LOCAL INVESTORS LLC","NORTH RUSSELL STREET  134","033A","D","006.00","000","033A D 00600 000","","","Commercial","9/6/2023"
"TRI-DASH LOCAL INVESTORS LLC","VICTOR REITER PARK WAY  108","033A","D","011.00","000","033A D 01100 000","DAVID KING SUB","1","Commercial","10/12/2021"
"TRINITY BROADCASTING NETWORK","MUSIC VILLAGE BLVD  0","158","","005.00","000","158    00500 000","","","Commercial","3/23/1994"
"TRINITY BROADCASTING NETWORK","MUSIC VILLAGE BLVD  0","158","","005.00","003","158    00500 003","","","Commercial",""
"TRINITY BROADCASTING NETWORK","MUSIC VILLAGE BLVD  0","158A","A","011.00","000","158A A 01100 000","","","Commercial","3/23/1994"
"TRINITY CHRISTIAN CENTER OF SANTA ANA INC","EAST MAIN STREET  645","158A","A","008.00","000","158A A 00800 000","CONWAY TWITTY COMPLEX","2","Commercial","6/25/1996"
"TRINITY CHRISTIAN CENTER OF SANTA ANA INC","MUSIC VILLAGE BLVD  0","158A","A","009.00","000","158A A 00900 000","CONWAY TWITTY COMPLEX","1","Commercial","10/25/1994"
"TRINITY CHRISTIAN CENTER OF SANTA ANA INC","MUSIC VILLAGE BLVD  0","158A","A","010.00","000","158A A 01000 000","BLUEGRASS MEADOWS SEC 3","1-2","Commercial","10/25/1994"
"TRINITY CHRISTIAN CENTER OF SANTA ANA INC","MUSIC VILLAGE BLVD  0","158A","B","008.01","000","158A B 00801 000","","","Commercial","1/27/1995"
"TRIO PROPERTIES LLC","EASTLAND STREET WEST  217","126C","A","013.00","000","126C A 01300 000","BROOKS RENTAL CO INC","1-LIST","Commercial","1/17/2003"
"TRIO PROPERTIES LLC","EASTLAND STREET WEST  209","126C","A","022.00","000","126C A 02200 000","BROOKS RENTAL CO INC","2-LIST","Commercial","4/30/2021"
"TRIPLE CROWN HOLDING LLC","LAMOND DRIVE PVT  3103","147A","C","021.00","000","147A C 02100 000","FOXLAND CROSSING","94","Commercial","7/25/2023"
"TRIPLE CROWN HOLDING LLC","LAMOND DRIVE PVT  3107","147A","C","022.00","000","147A C 02200 000","FOXLAND CROSSING","93","Commercial","7/25/2023"
"TRIPLE CROWN HOLDING LLC","LAMOND DRIVE PVT  3111","147A","C","023.00","000","147A C 02300 000","FOXLAND CROSSING","92","Commercial","8/25/2023"
"TRIPLE CROWN HOLDINGS LLC","HENLEY LANE  1043","125M","A","063.00","000","125M A 06300 000","PRESTON PARK PH I","58","Commercial","7/25/2023"
"TRIPLE CROWN HOLDINGS LLC","CORONADO CIRCLE PVT  346","145","","044.03","088","145    04403C088","BRIDGEMILL AT INDIAN LAKE VILLAGE","88","Commercial","7/25/2023"
"TRIPLE CROWN HOLDINGS LLC","LAMOND DRIVE PVT  3127","147A","C","027.00","000","147A C 02700 000","FOXLAND CROSSING","88","Commercial","7/25/2023"
"TRIPLE CROWN HOLDINGS LLC","PERCIVAL DRIVE  5025","147A","C","041.00","000","147A C 04100 000","FOXLAND CROSSING","61","Commercial","7/25/2023"
"TRIROCK LLC","PUBLIC SQUARE  112","126C","F","011.00","000","126C F 01100 000","","","Commercial","10/5/2021"
"TRISTAR PROPERTY INVESTMENTS LLC","MAPLE ROW BLVD  131","159O","D","021.00","004","159O D 02100C004","MAPLE ROW PROF BLDG-","200-200","Commercial","9/1/2022"
"TRJ RENTALS LLC","NORTH BROADWAY  814","019E","A","001.00","000","019E A 00100 000","JACKSON PLACE RESUB-","1-1","Commercial","10/13/2020"
"TROUTT CHRISTOPHER D ETUX TRACEE BELL","TRINA STREET  318","126K","M","012.00","000","126K M 01200 000","URBANDALE ADD NO 5","0030","Commercial","4/25/1997"
"TROUTT INVESTMENT CO LLC","NASHVILLE PIKE  0","126G","A","008.01","000","126G A 00801 000","","2","Commercial","6/5/2026"
"TROVILLION CONNIE LYNNE TR MILLERSVILLE INDUSTRIAL PROPERTY TRUST","SLATERS CREEK ROAD  1039","121","","054.00","000","121    05400 000","","","Commercial","8/4/2021"
"TRUE NORTH PROPERTY OWNER B LLC","LASSITER DRIVE  1016","120K","A","042.00","000","120K A 04200 000","NORTH POINTE PHASE I","82","Commercial","3/24/2022"
"TRUE NORTH PROPERTY OWNER C LLC","AGEE CIRCLE EAST  129","159A","N","015.00","000","159A N 01500 000","GLEN OAK SEC 1 PT C","47","Commercial","9/28/2023"
"TRUTA SORIN TRUTA RODICA ETUX","ROCKLAND ROAD  240","163C","A","004.00","001","163C A 00400 001","","","Commercial","4/16/2014"
"TSAROUMIS LEILA TR ELT TRUST","RADER ROAD  1273","118","","141.03","000","118    14103 000","PATTERSON LOTS","4","Commercial","10/10/2021"
"TSM VENTURES INC","INDIAN LAKE BLVD  281","145","","098.00","000","145    09800 000","INDIAN LAKE VILLAGE","48","Commercial","4/14/2015"
"TUCK TRACEY","31E HWY OLD  2013","044C","A","042.00","000","044C A 04200 000","EAGLE ESTATE","15","Commercial","9/15/2009"
"TUCKASEE HOLDINGS LLC","ANDERSON LANE NORTH  118","159J","A","038.01","000","159J A 03801 000","INDIAN LAKE CENTER PH 4 RES 5","5A","Commercial","4/11/2005"
"TUCKER JAMES W TUCKER AMANDA B ETUX","BROADWAY WEST  150","126C","A","015.00","000","126C A 01500 000","BROOKS RENTAL CO INC","4-LIST","Commercial","12/23/2015"
"TUCKER JAMES WAYNE TR TUCKER AMANDA B TR","EASTLAND STREET WEST  134","113N","G","003.00","000","113N G 00300 000","","","Commercial","7/2/2021"
"TUCKER JAMES WAYNE TR TUCKER AMANDA BETH TR","BROADWAY WEST  128","126C","A","021.00","000","126C A 02100 000","","","Commercial","7/2/2021"
"TUCKER JAMES WAYNE TR TUCKER AMANDA BETH TR","BROADWAY WEST  153","126C","B","004.00","000","126C B 00400 000","TOWN CREEK RE DEV.-B","IST","Commercial","3/22/2021"
"TUCKER MATTHEW WRAY TUCKER HEATHER ETUX","BELVEDERE DRIVE NORTH  180","125M","A","022.00","017","125M A 02200C017","SUMNER CROSSINGS CON","17","Commercial","10/12/2021"
"TULE RIVER HOMEBUYERS EARNED EQUITY AGENCY","SPRUCE DRIVE  102","160K","H","005.00","000","160K H 00500 000","FORREST MEADOWS SEC","16","Commercial","7/17/2025"
"TURNER CURTIS A","EAST BIGGS ROAD  399","059","","126.01","000","059    12601 000","CURTIS A & MARY A TU","1","Commercial","5/17/2023"
"TURNER CURTIS A","EAST BIGGS ROAD  403","059","","126.02","000","059    12602 000","CURTIS A & MARY A TU","2","Commercial","5/17/2023"
"TURNER CURTIS A","EAST BIGGS ROAD  407","059","","157.00","000","059    15700 000","CURTIS A & MARY A TU","3","Commercial","5/17/2023"
"TURNER CURTIS A","EAST BIGGS ROAD  409","059","","158.00","000","059    15800 000","CURTIS A & MARY A TU","4","Commercial","5/17/2023"
"TURNER MICHAEL RENE","RICE ROAD  0","163G","B","005.00","000","163G B 00500 000","","","Commercial","3/25/2022"
"TURNER MICHAEL RENE","RIVER ROAD  127","163G","B","007.00","000","163G B 00700 000","","","Commercial","3/25/2022"
"TURNING POINT AT SONRISE INC","31E HWY  5281","044","","122.06","001","044    12206 001","","","Commercial","5/8/2015"
"TUTTLE RICKEY ALLEN","SAM TUTTLE ROAD  190","010","","055.01","000","010    05501 000","","","Commercial","1/3/1990"
"TUTTLE RICKEY ALLEN","SAM TUTTLE ROAD  198","010","","055.02","000","010    05502 000","","","Commercial","1/3/1990"
"TUTTLE RICKY ALLEN","SAM TUTTLE ROAD  0","010","","056.02","001","010    05602 001","","","Commercial","1/16/2026"
"TUTTLE RICKY ALLEN","SAM TUTTLE ROAD  191","010","","076.02","000","010    07602 000","","","Commercial","1/3/1990"
"TWARDZIK ROBERT ALEXANDER ETUX VIRGINIA LOUISE","KERR WAY  210","034E","D","014.00","000","034E D 01400 000","ORCHARD PARK","14","Commercial","12/15/2023"
"TWARDZIK ROBERT ETUX VIRGINIA","KERR WAY  203","034E","D","001.00","000","034E D 00100 000","ORCHARD PARK","1","Commercial","5/24/2024"
"TWARDZIK ROBERT ETUX VIRGINIA","KERR WAY  207","034E","D","002.00","000","034E D 00200 000","ORCHARD PARK","2","Commercial","8/12/2024"
"TWARDZIK ROBERT ETUX VIRGINIA","KERR WAY  204","034E","D","015.00","000","034E D 01500 000","ORCHARD PARK","15","Commercial","5/24/2024"
"TWELVE STONES GROUP LLC","12 STONES XING  1201","161","","006.00","001","161    00600 001","","","Commercial","8/10/2016"
"TWIN SPRINGS AT WHITE HOUSE LLC","31W HWY  2940","077","","085.00","000","077    08500 000","R K BROCK SUB","1","Commercial","11/14/2020"
"UG2 HENDERSONVILLE TN LP","EAST MAIN STREET  370","159J","A","036.00","000","159J A 03600 000","INDIAN LAKE CENTER PH 4 RES 2,3","3A","Commercial","5/29/2026"
"ULRICH JUDITH LEE RAWLS RICKY JAMES","TGT ROAD  175","019","","003.03","000","019    00303 000","","","Commercial","6/28/2021"
"UNG PESED & PUTHEAVY TUM","WATER AVENUE SOUTH  439","126F","C","003.00","000","126F C 00300 000","N B ECHOLS","IST","Commercial","1/2/2024"
"UNIPAN DIVNA IRINA","WIX AVENUE  114","033J","F","011.00","000","033J F 01100 000","","","Commercial","6/8/2023"
"UNIQUE 2000 GP","CLUBHOUSE BAY  120","159E","B","038.00","000","159E B 03800 000","CLUBHOUSE BAY","14","Commercial","4/26/2023"
"UNIQUE 2000 GP","CLUBHOUSE BAY  116","159E","B","039.00","000","159E B 03900 000","CLUBHOUSE BAY","13","Commercial","4/26/2023"
"UNIQUE 2000 GP","CLUBHOUSE BAY  112","159E","B","040.00","000","159E B 04000 000","CLUBHOUSE BAY","12","Commercial","4/26/2023"
"UNIQUE 2000 GP","CLUBHOUSE BAY  108","159E","B","041.00","000","159E B 04100 000","CLUBHOUSE BAY","11","Commercial","4/26/2023"
"UNIQUE 2000 GP","CLUBHOUSE BAY  104","159E","B","042.00","000","159E B 04200 000","CLUBHOUSE BAY","10","Commercial","4/26/2023"
"UNIQUE 2000 GP","CLUBHOUSE BAY  100","159E","B","043.00","000","159E B 04300 000","CLUBHOUSE BAY","9","Commercial","4/26/2023"
"UNIQUE PROPERTIES LLC","LONG HOLLOW PIKE  742","143","","012.00","000","143    01200 000","","","Commercial","9/7/2022"
"UNIQUE PROPERTIES LLC","GRACE DRIVE  105","143G","B","012.00","000","143G B 01200 000","CLOVER BEND SEC 1","14","Commercial","11/22/2022"
"UNIQUE PROPERTIES LLC","ELLEN DRIVE  409","143O","B","024.00","000","143O B 02400 000","PAGE HEIGHTS SEC 3","146","Commercial","7/1/2020"
"UNIQUE PROPERTIES LLC","CLUBHOUSE BAY  101","159E","B","025.00","000","159E B 02500 000","CLUBHOUSE BAY","1","Commercial","6/15/2023"
"UNIQUE PROPETIES LLC","LONG HOLLOW PIKE  732","143","","011.00","000","143    01100 000","","","Commercial","7/8/2020"
"UNIQUE PROPETIES LLC","LONG HOLLOW PIKE","143","","011.00","001","143    01100 001","","","Commercial","7/8/2020"
"UNITED DOMINION REALTY LP B & D EQUITY PROP TAX GRP C/O","WEST MAIN STREET  1080","160","","049.01","000","160    04901 000","","","Commercial","12/27/1995"
"UPADHYAYA A K","WEST MAIN STREET  366","160M","A","013.01","000","160M A 01301 000","ANDREW CARPENTER SUB","1","Commercial","12/14/1989"
"UPSON HALL II RM LLC","FERDINAND DRIVE  168","124B","C","023.00","000","124B C 02300 000","","546","Commercial","10/5/2022"
"UPSON HALL II RM LLC","ORCHID PLACE  932","138F","E","019.00","000","138F E 01900 000","DURHAM FARMS PH 2 SEC 26","578","Commercial","12/17/2021"
"URELL PROPERTIES LLC","MAIN STREET EAST  425","126D","B","001.00","000","126D B 00100 000","","","Commercial","3/16/2022"
"URELL PROPERTIES LLC","MAIN STREET EAST  425","126D","B","023.00","000","126D B 02300 000","","","Commercial","3/16/2022"
"UROSITE LP","STEAM PLANT ROAD  405","126D","E","020.00","000","126D E 02000 000","UROSITE LP SUB-RAMSE","1-8-11","Commercial","8/8/2008"
"URVI INC","MAIN STREET EAST  446","113M","J","015.00","000","113M J 01500 000","","","Commercial","9/26/2014"
"URVI INC","HARTSVILLE PIKE  601","126D","C","001.00","000","126D C 00100 000","RAMSEY PLACE S/D","IST","Commercial","8/28/2020"
"URVI INC RICK`S MARKET C/O","AUSTIN PEAY HWY  5504","044","","106.00","000","044    10600 000","","","Commercial","9/24/2014"
"US BANK NATIONAL ASSOC ATTN AMY HERNESMAN","EAST MAIN STREET  169","164A","A","026.00","000","164A A 02600 000","CHEROKEE WOODS SEC 1","1-2","Commercial","6/19/2003"
"US BANK NATIONAL ASSOC ATTN: AMY HERNESMAN","NASHVILLE PIKE  600","126G","A","006.00","000","126G A 00600 000","","1","Commercial","6/19/2003"
"US SFE ASSET CO 5 LLC","OVERLOOK TRAIL  127","141D","F","005.00","000","141D F 00500 000","CIMMARON TRACE SEC 4","195","Commercial","2/22/2018"
"US SFE ASSET CO 5 LLC","OVERLOOK DRIVE  115","144M","A","035.00","000","144M A 03500 000","HILLWOOD ESTS SEC II","40","Commercial","2/19/2018"
"US SFE ASSET CO 5 LLC","NORTHLAKE DRIVE  113","159N","H","007.00","000","159N H 00700 000","NORTHLAKE SEC 14","7","Commercial","2/19/2018"
"USCMF SN TENNESSEE A LLC","TELAVERA DRIVE  263","096G","D","001.00","000","096G D 00100 000","","226","Commercial","3/28/2022"
"USCMF SN TENNESSEE A LLC","COMMUNITY COURT  645","114L","A","005.00","000","114L A 00500 000","TWIN EAGLES PH 1 SEC","5","Commercial","8/30/2021"
"USCMF SN TENNESSEE A LLC","BECKS PLACE  550","114L","F","030.00","000","114L F 03000 000","CUMBERLAND POINT PH1","30","Commercial","12/28/2021"
"USCMF SN TENNESSEE A LLC","BECKS PLACE  554","114L","F","032.00","000","114L F 03200 000","CUMBERLAND POINT PH1","32","Commercial","12/28/2021"
"USCMF SN TENNESSEE A LLC","GANNETT ROAD  1024","124I","A","042.00","000","124I A 04200 000","CREEKSIDE AT STATION","C183","Commercial","7/22/2022"
"USCMF SN TENNESSEE A LLC","TAPESTRY PLACE  403","126P","J","034.00","007","126P J 03400C007","CYPRESS GARDENS SUB-","22-17","Commercial","5/11/2022"
"USCMF SN TENNESSEE A LLC","WESTGATE DRIVE  1184","135G","D","015.00","000","135G D 01500 000","PATTERSON FARMS PH 2","91","Commercial","10/18/2021"
"USCMF SN TENNESSEE A LLC","CANDLE WOOD DRIVE  135","170E","J","028.00","000","170E J 02800 000","CANDLE WOODS SEC 8","116","Commercial","8/22/2022"
"USPG INDIAN LAKE LLC US PROPERTIES GROUP C/O","INDIAN LAKE BLVD  300","145","","073.00","000","145    07300 000","INDIAN LAKE VILLAGE-","1-1","Commercial","5/5/2026"
"V & R INC MARK VAUGHN C/O","LOUISVILLE HWY  1049","140","","081.01","000","140    08101 000","","","Commercial","5/3/1994"
"V & R INC MARK VAUGHN C/O","31W HWY  0","140","","081.01","008","140    08101T008","V & R MH PARK","8","Commercial","5/3/1994"
"V & R INVESTMENTS LLC","LONG HOLLOW PIKE  573","126B","E","012.00","000","126B E 01200 000","","","Commercial","2/11/1999"
"V & R INVESTMENTS LLC","LONG HOLLOW PIKE  573","126B","E","012.00","000","126B E 01200T000","A & L MOBILE HOME VI","2","Commercial",""
"V & R INVESTMENTS LLC","LONG HOLLOW PIKE  573","126B","E","012.00","001","126B E 01200T001","A & L MOBILE HOME VI","4","Commercial",""
"V & R INVESTMENTS LLC","LONG HOLLOW PIKE  573","126B","E","012.00","021","126B E 01200T021","A & L MOBILE HOME VI","24","Commercial",""
"V & R INVESTMENTS LLC","LONG HOLLOW PIKE  573","126B","E","012.00","024","126B E 01200T024","","27","Commercial",""
"V & R INVESTMENTS LLC","LONG HOLLOW PIKE  573","126B","E","012.00","025","126B E 01200T025","A & L MOBILE HOME VI","28","Commercial",""
"V & R INVESTMENTS LLC","LONG HOLLOW PIKE  573","126B","E","012.00","034","126B E 01200T034","A & L MOBILE HOME VI","39","Commercial",""
"V & R INVESTMENTS LLC","LONG HOLLOW PIKE  573","126B","E","012.00","052","126B E 01200T052","A & L MOBILE HOME VI","57","Commercial",""
"V & R INVESTMENTS LLC","LONG HOLLOW PIKE  573","126B","E","012.00","068","126B E 01200T068","A & L MOBILE HOME VI","73","Commercial",""
"V & R INVESTMENTS LLC","LONG HOLLOW PIKE  573","126B","E","012.00","073","126B E 01200T073","A & L MOBILE HOME VI","78","Commercial",""
"V & R INVESTMENTS LLC","LONG HOLLOW PIKE  573","126B","E","012.00","074","126B E 01200T074","A & L MOBILE HOME VI","79","Commercial",""
"V & R INVESTMENTS LLC","LONG HOLLOW PIKE  573","126B","E","012.00","078","126B E 01200T078","A & L MOBILE HOME VI","83","Commercial",""
"V & R INVESTMENTS LLC","LONG HOLLOW PIKE  573","126B","E","012.00","082","126B E 01200T082","A & L MOBILE HOME VI","87","Commercial",""
"VADEN BILLY C TR VADEN JANET D TR","ANDERSON LANE  187","159N","G","007.00","000","159N G 00700 000","LARUE HEIGHTS","7","Commercial","1/9/2017"
"VALLEY VIEW MOBILE HOME PARKS LLC","C SMITH STREET  850","121","","151.00","000","121    15100 000","","","Commercial","10/31/2006"
"VALVOLINE LLC","NASHVILLE PIKE  718","126I","A","006.00","000","126I A 00600 000","SUMNER PLACE","1","Commercial","6/12/2017"
"VAN DER WESTHUIZEN DAN VAN DER WESTHUIZEN ROSALIND ETUX","31W HWY  2230","097","","036.01","000","097    03601 000","WOODS HEIGHTS","2","Commercial","10/29/2021"
"VANDERCOOK DEREK ETAL GLORIA FAYE PATTERSON","LOCUST AVENUE NORTH  210","126C","A","005.00","000","126C A 00500 000","TOWN CREEK RE DEV.","16","Commercial","8/24/2001"
"VANDERCOOK WILLIAM D","WATER AVENUE NORTH","113K","K","009.03","000","113K K 00903 000","FIVE FORTY SUB","3","Commercial","11/13/2023"
"VANDERCOOK WILLIAM DEREK","LOCUST AVENUE NORTH  204","126C","A","004.00","000","126C A 00400 000","TOWN CREEK RE DEV.","IST","Commercial","6/11/2018"
"VANDERCOOK WILLIAM DEREK","LOCUST AVENUE NORTH  216","126C","A","006.00","000","126C A 00600 000","TOWN CREEK RE DEVELO","0017","Commercial","6/30/2005"
"VANDERCOOK WILLIAM DEREK","LOCUST AVENUE NORTH  130","126C","G","021.00","000","126C G 02100 000","TOWN CREEK RE DEV.","IST","Commercial","5/9/2018"
"VANDERCOOK WILLIAM DEREK","WOODS FERRY ROAD  1283","135F","A","001.00","000","135F A 00100 000","ALBERT BENNETT & HAROLD WARDEN","1+2","Commercial","12/15/2004"
"VANLEE DANNY K TR DANNY K VANLEE TRUST","109N HWY  2388","081","","052.04","001","081    05204 001","","","Commercial","7/30/2020"
"VANTREASE ROY WAYNE","VANTREASE LANE  297","102","","005.00","001","102    00500 001","","","Commercial",""
"VARSAKELIS PETER","BLEDSOE & LOCUST STREET  0","126C","N","007.00","000","126C N 00700 000","","","Commercial","8/22/1997"
"VASTLAND DEVELOPMENT PARTNERSHIP","ANDREWS RUN  1020","144","","102.08","000","144    10208 000","GLENBROOK NORTH RESU","18B","Commercial","1/1/2013"
"VASTLAND GLENBROOK DEV PARTNERSHIP","GLENBROOK WAY  1046","144","","103.01","000","144    10301 000","GLENBROOK NORTH SEC","16","Commercial","7/20/2004"
"VAUGHN CHARLES D ETUX BETTY","OLD HWY 31E #4  6340","064","","049.07","000","064    04907 000","","IST","Commercial","12/4/1990"
"VAUGHN MARK RANDALL ETUX MELISSA KAYE","EAST CAMP TRAIL  0","113P","A","016.01","001","113P A 01601 001","","","Commercial",""
"VAUGHN NATHAN B","VOLUNTEER DRIVE  130","159I","B","031.01","000","159I B 03101 000","OAKVALE INDUSTRIAL PARK","8","Commercial","10/29/2020"
"VAUGHN R B FAMILY L P","WILLIAMSON ROAD  1330","120","","028.00","000","120    02800 000","COUNTRY LIVIN' ESATA","","Commercial","12/31/1996"
"VAUGHN R B FAMILY LP","WILLIAMSON ROAD  0","120","","028.00","007","120    02800T007","COUNTRY LIVING MH ES","107","Commercial",""
"VAUGHN R B FAMILY LP","WILLIAMSON ROAD  0","120","","028.00","032","120    02800T032","COUNTRY LIVING MH ES","205","Commercial","1/28/1992"
"VAUGHN R B FAMILY LP","WILLIAMSON ROAD  0","120","","028.00","073","120    02800T073","COUNTRY LIVING MH ES","407","Commercial",""
"VAUGHN R B FAMILY LP","WILLIAMSON ROAD  0","120","","028.00","087","120    02800T087","COUNTRY LIVING MH ES","421","Commercial",""
"VERY GOOD PROPERTIES LLC","COUNTRY CLUB DRIVE  100","159K","C","016.00","008","159K C 01600C008","CLUB PLACE OFFICE CO","H 207","Commercial","6/6/2025"
"VETERANS OF FOREIGN WARS TRUSTEES","NEW SHACKLE ISLAND RD  73","160N","C","031.00","001","160N C 03100 001","","","Commercial","3/30/1966"
"VF NASHVILLE PIKE LLC","NASHVILLE PIKE  927","126I","B","015.00","000","126I B 01500 000","RESTRAUNT & RETAIL C","2","Commercial","2/11/2020"
"VG VENTURE LLC","VILLAGE GREEN DRIVE  565","126I","A","031.00","000","126I A 03100 000","","","Commercial","12/2/2005"
"VG VENTURE LLC","VILLAGE GREEN DRIVE  565","126I","A","031.00","001","126I A 03100 001","","","Commercial","12/2/2005"
"VG VENTURE LLC","VILLAGE GREEN DRIVE  565","126I","A","031.00","002","126I A 03100 002","","","Commercial","12/2/2005"
"VICTORY GROUP TN INC C/O GIRISH A. PANCHAL","31W HWY  5500","018","","016.00","000","018    01600 000","W A BUNTIN SUB","1","Commercial","3/27/2013"
"VIGHNAHARTA ONE INC","31E HWY","025","","025.00","000","025    02500 000","","","Commercial","10/9/2024"
"VIGHNAHARTA ONE INC","31E HWY  3801","025","","025.00","001","025    02500 001","","","Commercial","10/9/2024"
"VILLAGES OF AUTUMNWOOD LLC","NESTLEDOWN CIRCLE  117","033J","A","013.00","000","033J A 01300 000","PORTLAND MOBILE EST-","IST","Commercial","12/9/2025"
"VILLAGES OF AUTUMNWOOD LLC","NESTLEDOWN CIRCLE  137","033J","A","013.00","001","033J A 01300T001","NEW VENTURA PARK","137","Commercial","12/9/2025"
"VILLAGES OF AUTUMNWOOD LLC","NESTLEDOWN CIRCLE  135","033J","A","013.00","002","033J A 01300T002","NEW VENTURA PARK","135","Commercial","12/9/2025"
"VILLAGES OF AUTUMNWOOD LLC","NESTLEDOWN CIRCLE  133","033J","A","013.00","003","033J A 01300T003","NEW VENTURA PARK","133","Commercial","12/9/2025"
"VILLAGES OF AUTUMNWOOD LLC","NESTLEDOWN CIRCLE  131","033J","A","013.00","004","033J A 01300T004","NEW VENTURA PARK","131","Commercial","12/9/2025"
"VILLAGES OF AUTUMNWOOD LLC","NESTLEDOWN CIRCLE  129","033J","A","013.00","005","033J A 01300T005","NEW VENTURA PARK","129","Commercial","12/9/2025"
"VILLAGES OF AUTUMNWOOD LLC","NESTLEDOWN CIRCLE  127","033J","A","013.00","006","033J A 01300T006","NEW VENTUREA PARK","127","Commercial","12/9/2025"
"VILLAGES OF AUTUMNWOOD LLC","NESTLEDOWN CIRCLE  125","033J","A","013.00","007","033J A 01300T007","NEW VENTURA PARK","125","Commercial","12/9/2025"
"VILLAGES OF AUTUMNWOOD LLC","NESTLEDOWN CIRCLE  123","033J","A","013.00","008","033J A 01300T008","NEW VENTURA PARK","123","Commercial","12/9/2025"
"VILLAGES OF AUTUMNWOOD LLC","NESTLEDOWN CIRCLE  121","033J","A","013.00","009","033J A 01300T009","NEW VENTURA PARK","121","Commercial","12/9/2025"
"VILLAGES OF AUTUMNWOOD LLC","NESTLEDOWN CIRCLE  119","033J","A","013.00","010","033J A 01300T010","NEW VENTURA PARK","119","Commercial","12/9/2025"
"VILLAGES OF AUTUMNWOOD LLC","NESTLEDOWN CIRCLE  117","033J","A","013.00","011","033J A 01300T011","NEW VENTURA PARK","117","Commercial","12/9/2025"
"VILLAGES OF AUTUMNWOOD LLC","NESTLEDOWN CIRCLE  115","033J","A","013.00","012","033J A 01300T012","NEW VENTURA PARK","115","Commercial","12/9/2025"
"VILLAGES OF AUTUMNWOOD LLC","NESTLEDOWN CIRCLE  113","033J","A","013.00","013","033J A 01300T013","NEW VENTURA PARK","113","Commercial","12/9/2025"
"VILLAGES OF AUTUMNWOOD LLC","NESTLEDOWN CIRCLE  111","033J","A","013.00","014","033J A 01300T014","NEW VENTURA PARK","111","Commercial","12/9/2025"
"VILLAGES OF AUTUMNWOOD LLC","NESTLEDOWN CIRCLE  109","033J","A","013.00","015","033J A 01300T015","NEW VENTURA PARK","109","Commercial","12/9/2025"
"VILLAGES OF AUTUMNWOOD LLC","NESTLEDOWN CIRCLE  106","033J","A","013.00","016","033J A 01300T016","NEW VENTURA PARK","106","Commercial","12/9/2025"
"VILLAGES OF AUTUMNWOOD LLC","NESTLEDOWN CIRCLE  108","033J","A","013.00","017","033J A 01300T017","NEW VENTURA PARK","108","Commercial","12/9/2025"
"VILLAGES OF AUTUMNWOOD LLC","NESTLEDOWN CIRCLE  110","033J","A","013.00","018","033J A 01300T018","NEW VENTURA PARK","110","Commercial","12/9/2025"
"VILLAGES OF AUTUMNWOOD LLC","NESTLEDOWN CIRCLE  112","033J","A","013.00","019","033J A 01300T019","NEW VENTURA PARK","112","Commercial","12/9/2025"
"VILLAGES OF AUTUMNWOOD LLC","NESTLEDOWN CIRCLE  114","033J","A","013.00","020","033J A 01300T020","NEW VENTURA PARK","114","Commercial","12/9/2025"
"VILLAGES OF AUTUMNWOOD LLC","NESTLEDOWN CIRCLE  116","033J","A","013.00","021","033J A 01300T021","NEW VENTURE PARK","116","Commercial","12/9/2025"
"VILLAGES OF AUTUMNWOOD LLC","NESTLEDOWN CIRCLE  118","033J","A","013.00","022","033J A 01300T022","PORTLAND MH ESTATES","22","Commercial","12/9/2025"
"VILLAGES OF AUTUMNWOOD LLC","NESTLEDOWN CIRCLE  120","033J","A","013.00","023","033J A 01300T023","PORTLAND MH ESTATES","23","Commercial","12/9/2025"
"VILLAGES OF AUTUMNWOOD LLC","NESTLEDOWN CIRCLE  122","033J","A","013.00","024","033J A 01300T024","PORTLAND MH ESTATES","24","Commercial","12/9/2025"
"VILLAGES OF EVERGREEN LLC","MASON STREET  108","019P","A","023.00","000","019P A 02300 000","EVERGREEN SUB HWY 52","207","Commercial","4/12/2018"
"VILLAGES OF EVERGREEN TRUST","SCATTERSVILLE ROAD  134","019P","A","001.00","000","019P A 00100 000","EVERGREEN SUB HWY 52","185","Commercial","9/28/2025"
"VILLAGES OF EVERGREEN TRUST","MASON STREET  106","019P","A","024.00","000","019P A 02400 000","EVERGREEN SUB HWY 52","208","Commercial","9/28/2025"
"VILLAGES OF EVERGREEN TRUST","MASON STREET  104","019P","A","025.00","000","019P A 02500 000","EVERGREEN SUB HWY 52","209","Commercial","9/28/2025"
"VILLAGES OF EVERGREEN TRUST","MASON STREET  102","019P","A","026.00","000","019P A 02600 000","EVERGREEN SUB HWY 52","210","Commercial","9/28/2025"
"VILLAGES OF EVERGREEN TRUST","BIRDWELL COURT  101","019P","A","027.00","000","019P A 02700 000","EVERGREEN SUB HWY 52","211","Commercial","9/28/2025"
"VILLAGES OF EVERGREEN TRUST","BIRDWELL COURT  103","019P","A","028.00","000","019P A 02800 000","EVERGREEN SUB HWY 52","212","Commercial","9/28/2025"
"VILLAGES OF EVERGREEN TRUST","BIRDWELL COURT  105","019P","A","029.00","000","019P A 02900 000","EVERGREEN SUB HWY 52","213","Commercial","9/28/2025"
"VILLAGES OF EVERGREEN TRUST","BIRDWELL COURT  104","019P","A","030.00","000","019P A 03000 000","EVERGREEN SUB HWY 52","214","Commercial","9/28/2025"
"VILLAGES OF EVERGREEN TRUST","BIRDWELL COURT  102","019P","A","031.00","000","019P A 03100 000","EVERGREEN SUB HWY 52","215","Commercial","9/28/2025"
"VINTAGE FOXLAND HARBOR LLC","VINTAGE FOXLAND HARBOR  120","147","","005.01","000","147    00501 000","VINTAGE AT FOXLAND","1","Commercial","6/22/2017"
"VIVIFY LLC","LONG HOLLOW PIKE  4306","140","","114.00","000","140    11400 000","","","Commercial","2/6/2018"
"VIVIFY LLC","LONG HOLLOW PIKE  4304","140","","114.01","000","140    11401 000","","","Commercial","2/6/2018"
"VNM ENTERPRISES LLC","WATER VIEW DRIVE  207","164D","B","027.00","000","164D B 02700 000","WATER VIEW ESTATES SEC 13","63","Commercial","2/18/2026"
"VNM ENTERPRISES LLC","CROSS COVE COURT  109","170L","E","039.00","000","170L E 03900 000","CROSS COVE","5","Commercial","12/29/2023"
"VOL GROUP THE","WEST MAIN STREET  308","160M","B","019.00","000","160M B 01900 000","","","Commercial","9/7/2012"
"VOLLHOFFER JAMES VOLLHOFFER TARA ETUX","PARK STREET  1043","044D","B","014.00","000","044D B 01400 000","","","Commercial","9/7/2018"
"VOLUNTEER SOUTH INC","EXECUTIVE PARK DRIVE  35","163C","F","004.00","001","163C F 00400C001","IMPERIAL SQUARE SEC 5 LT 4","4","Commercial","9/28/2012"
"VOLUNTEER SOUTH INC","EXECUTIVE PARK DRIVE  35","163C","F","004.00","003","163C F 00400C003","IMPERIAL SQUARE SEC-","4","Commercial","9/28/2012"
"VOLUNTEER STATE BANK","MAPLE STREET  462","126G","A","011.00","000","126G A 01100 000","","1","Commercial","4/20/2015"
"VOLUNTEER STATE BANK","MAPLE STREET  470","126G","A","011.01","000","126G A 01101 000","","2","Commercial","4/20/2015"
"VOLUNTEER STATE BANK ATTN: OPERATIONS","JACKSON ROAD  104","033I","C","003.00","000","033I C 00300 000","","","Commercial","3/6/1996"
"VOLUNTEER STATE BANK ATTN: OPERATIONS","52W HWY  101","033I","C","008.00","000","033I C 00800 000","","","Commercial","3/6/1996"
"VOLUNTEER STATE BANK ATTN: OPERATIONS","31W HWY  2920","077P","A","006.00","000","077P A 00600 000","VOLUNTEER STATE BANK","IST-LIST","Commercial","3/23/2001"
"VOLUNTEER STATE BANK ATTN: OPERATIONS","NASHVILLE PIKE  1553","136","","018.06","000","136    01806 000","GREENSBORO VILLAGE P","2A","Commercial","7/20/2007"
"VOLUNTEER STATE BANK ATTN: OPERATIONS","NEW SHACKLE ISLAND RD  530","145I","E","060.01","000","145I E 06001 000","VOLUNTEER STATE BANK","2","Commercial","5/21/2005"
"VOLUNTEER STATE BANK ATTN: OPERATIONS","EAST MAIN STREET  323","159J","B","011.00","000","159J B 01100 000","MAPLE ROW ESTATES SE","IST","Commercial","1/13/2005"
"VOLUNTEER STATE BANK ATTN:OPERATIONS","LONG HOLLOW PIKE  405","143","","069.00","000","143    06900 000","LOYD SUB-W E PAGE FA","1A","Commercial","1/31/2006"
"VOLUNTEER VILLAGE LLC %POWERS KENNETH M C/O","WEST MAIN STREET  251","163D","C","009.00","000","163D C 00900 000","VOLUNTEER VILLAGE LLC","2","Commercial","12/1/2020"
"VOOYS TENNESSEE COMMUNITY PROPERTY TRUST","VOLUNTEER DRIVE  148","159I","B","030.01","000","159I B 03001 000","A & J","3","Commercial","8/27/2025"
"VULCAN HOLDINGS LLC","DURHAM AVENUE  348","113N","H","001.00","000","113N H 00100 000","","","Commercial","5/24/2016"
"VULCAN HOLDINGS LLC","DURHAM AVENUE  0","113N","H","031.00","000","113N H 03100 000","","","Commercial","5/24/2016"
"W S RUSSELL PROPERTIES LLC","RIVERBROOK DR  1004","113A","B","023.00","000","113A B 02300 000","NEXUS PH1 NORTH SEC 3A","307","Commercial","12/23/2025"
"W S RUSSELL PROPERTIES LLC","GREAT FALLS COURT  103","135C","G","056.00","000","135C G 05600 000","WINDSONG PH 2B","124","Commercial","12/23/2025"
"WADE IRA E DEBORAH D WADE","LOUISVILLE HWY  1215","121","","156.02","000","121    15602 000","BRYAN SUBDIVISON","1","Commercial","2/14/2025"
"WADE WILLIAM H & JOHN WADE & SCOTT WADE & WILLIAM H WADE ETUX TRACY B","NASHVILLE PIKE  875","126G","C","022.01","000","126G C 02201 000","W B WIGGINS JR","4","Commercial","12/3/2025"
"WAFFLE HOUSE INC","52 HWY NE 405","034E","B","018.09","000","034E B 01809 000","NORTHSIDE G&L PROP S","3","Commercial","2/14/2024"
"WAFFLE HOUSE INC","LOUISVILLE HWY  949","141","","075.00","000","141    07500 000","DEANA GIBBS PROPERTY","3","Commercial","9/21/2021"
"WAFFLE HOUSE INC","WEST MAIN STREET  1090","160","","049.02","000","160    04902 000","VALDA MARTZ PROP","1","Commercial","9/22/2020"
"WAIROA F H LTD % KENNETH B MCGREGOR","LONG DRIVE","140","","084.00","001","140    08400 001","","","Commercial","5/7/2018"
"WAISE PROPERTIES LLC","WEST MAIN STREET  179","160M","C","024.00","000","160M C 02400 000","LAKEVIEW ADD #2","1","Commercial","6/27/2019"
"WAL MART REAL ESTATE PROPERTY TAX DEPT C/O","NASHVILLE PIKE  0","126I","A","002.00","000","126I A 00200 000","","","Commercial","10/5/2000"
"WAL MART REAL ESTATE PROPERTY TAX DEPT C/O","NASHVILLE PIKE  1112","126I","A","025.00","000","126I A 02500 000","","","Commercial","10/5/2000"
"WAL MART REAL ESTATE PROPERTY TAX DEPT C/O","ANDERSON LANE NORTH  204","159B","B","015.00","000","159B B 01500 000","INDIAN LAKE MARKET PH 1 REV","N","Commercial","12/3/2004"
"WALD JEFFREY DAVID & KINA TR WALD FAMILY REVOCABLE TRUST","NORTH BROADWAY  648","019","","110.00","000","019    11000 000","","","Commercial","9/8/2023"
"WALDROP & WALDROP LLC c/o LOGANS ROADHOUSE INC C/O","VILLAGE GREEN CROSSIN  1007","126I","A","020.01","000","126I A 02001 000","VILLAGE GREEN CROSSI","2","Commercial","12/28/2017"
"WALKER CHRISTOPHER M WALKER TIFFANY ETUX","WATER AVENUE SOUTH  461","126F","E","001.00","000","126F E 00100 000","","","Commercial","7/11/2015"
"WALL FAMILY REV LIV TR %WALL JOE L C/O","ELBA DRIVE  503","143J","D","011.00","000","143J D 01100 000","PAGE HEIGHTS SEC 1","29","Commercial","10/12/2016"
"WALL JOE L DEBORAH L WALL TRUSTEES","CAROL ANN DRIVE  502","143G","A","008.00","000","143G A 00800 000","CLOVER BEND ESTATES SEC 2","44","Commercial","12/30/2010"
"WALL JOE L TR WALL DEBORAH L TR","ELLEN DRIVE  607","143N","A","009.00","000","143N A 00900 000","PAGE HEIGHTS SEC 3","138","Commercial","7/27/2021"
"WALL LEE A","SOUTHBURN DRIVE  277","159B","A","005.00","000","159B A 00500 000","COLONIAL ACRES SEC 7A","301","Commercial","3/30/2010"
"WALL MICHAEL E ETUX RANDI","COLLEGE STREET  314","077G","B","020.00","000","077G B 02000 000","","","Commercial","11/6/2007"
"WALL MICHAEL E RANDI B","COLLEGE STREET  316","077G","B","021.00","000","077G B 02100 000","","","Commercial","11/15/2006"
"WALLACE JAMES D","HUNT CLUB BLVD  1529","146F","A","004.00","006","146F A 00400C006","HUNT CLUB SEC 2","4","Commercial","11/16/2015"
"WALLER PAUL ETUX DIANA S","VALLEYBROOK DRIVE  88","169K","E","023.00","000","169K E 02300 000","INDIAN LAKE FOREST SEC 10","328","Commercial","8/27/2004"
"WALLING JERRY LYNN","BOSTRING DRIVE  115","160D","F","008.00","000","160D F 00800 000","TOWN AND COUNTRY EST","8","Commercial","4/2/2003"
"WALLS 4 WALLS LLC","FOUR WALLS WAY  1020","018","","006.00","000","018    00600 000","","R1","Commercial","1/27/2012"
"WALSH PATRICK J ETUX TERI M","SAUNDERSVILLE ROAD  174","145","","093.00","301","145    09300C301","","","Commercial","2/5/2025"
"WALTERS KEITH","HUNTERS TRAIL  108","159I","F","007.02","000","159I F 00702 000","NOKES HEIGHTS ADDN #2","95-96","Commercial","2/24/1994"
"WARNER CUSTOM HOMES LLC","OAK ST  1011","016C","A","025.00","000","016C A 02500 000","DIVIDED OAKS SUBDIVISION","4","Commercial","4/10/2026"
"WARNER CUSTOM HOMES LLC","OAK ST  1007","016C","A","026.00","000","016C A 02600 000","DIVIDED OAKS SUBDIVISION","5","Commercial","4/10/2026"
"WARNER CUSTOM HOMES LLC","OAK ST  1003","016C","A","027.00","000","016C A 02700 000","DIVIDED OAKS SUBDIVISION","6","Commercial","4/10/2026"
"WARNER CUSTOM HOMES LLC","OAK ST  1004","016C","A","028.00","000","016C A 02800 000","DIVIDED OAKS SUBDIVISION","7","Commercial","4/10/2026"
"WARNER CUSTOM HOMES LLC","OAK ST  1008","016C","A","029.00","000","016C A 02900 000","DIVIDED OAKS SUBDIVISION","8","Commercial","4/10/2026"
"WARNER MEGAN WARNER ADAM ETVIR","WALNUT CREST DRIVE","113P","F","005.00","000","113P F 00500 000","CREEKVIEW SEC. 1","53","Commercial","5/27/2022"
"WARREN BRADLY MITCHELL WARREN CATHY JO ETUX","INDIAN LAKE BLVD  165","159J","A","021.16","101","159J A 02116C101","INDIAN LAKE OFFICES","101","Commercial","1/6/2016"
"WASEF MENA ABOYADE-COLE BASHOLA","LOUISVILLE HWY  1402","118","","136.00","000","118    13600 000","","","Commercial","6/10/2022"
"WATKINS PROPERTY LLP","WATER AVENUE SOUTH  684","126K","F","001.00","000","126K F 00100 000","MORNINGSIDE HEIGHTS","1","Commercial","9/28/2009"
"WATSON R L HICKS III &DENISE F WATSON TR ROBERT AND DENISE WATSON LIVING TRUST","MAPLE ROW BLVD  139","159O","D","027.00","003","159O D 02700C003","MAPLE ROW BLVD RESUB","27-27","Commercial","1/11/2024"
"WAY PAUL WAYNE JR & TYLER COLEE WAY","WOODS FERRY ROAD  1523","135","","100.00","000","135    10000 000","WOODS FERRY ESTATES","5","Commercial","5/21/2024"
"WB INDIAN LAKE LLC","SAUNDERSVILLE ROAD  259","145","","071.01","000","145    07101 000","","47","Commercial","10/12/2022"
"WB VILLAGE GREEN LLC","BELVEDERE DRIVE NORTH  114","125M","A","021.00","000","125M A 02100 000","SHOPS AT VILLAGE GRE","2-2","Commercial","1/15/2015"
"WCH3 LLC","BUSINESS PARK CIRCLE  3102","143J","F","009.05","000","143J F 00905 000","NORTHCREEK BUSINESS PARK SEC 13","1","Commercial","4/28/2017"
"WCH65 II TRUST","WOODVALE DRIVE","135E","A","002.00","000","135E A 00200 000","WOODVALE ESTATES SEC 3","109","Commercial","12/6/2023"
"WCP HOMETOWN HENDERSONVILLE RE LLC","EAST MAIN STREET  419","159K","C","020.00","000","159K C 02000 000","","","Commercial","6/15/2023"
"WCP SFR PROPERTIES LLC","CHERRY GROVE DRIVE  986","146H","E","019.00","000","146H E 01900 000","MILLSTONE","516","Commercial","4/21/2022"
"WCP SFR PROPERTIES LLC C/O SHAUN OCONNOR C/O","PLUMLEE DRIVE  95","163E","A","020.01","013","163E A 02001 013","PLUMLEE TOWN HOMES","UNIT 13","Commercial","12/16/2022"
"WEAVER GARRY R ETUX JOAN C","WALLACE DRIVE  506","143J","D","015.00","000","143J D 01500 000","PAGE HEIGHTS SEC 1","49","Commercial","9/28/1972"
"WEBB JASON ETUX BRIDGETT","COMMERCE DRIVE  110","160N","C","070.00","000","160N C 07000 000","HENDERSONVILLE PARK","37","Commercial","10/30/2007"
"WEBER DAMIAN H SR ETUX MARY","JAMES STREET  190","126L","B","022.00","000","126L B 02200 000","JAMES STREET S/D","3","Commercial","2/1/2012"
"WEBSTER RALPH ETUX SANDRA K","WEBSTER STREET  0","135L","B","001.00","000","135L B 00100 000","VALLEY OVERLOOK RES 1-30","1-39","Commercial","11/1/2016"
"WEBSTER SANDRA K","WATER AVENUE SOUTH  1321","135L","A","011.00","000","135L A 01100 000","VALLEY OVER LOOK","40","Commercial","2/10/2016"
"WEBSTER SANDRA K","WATER AVENUE SOUTH  0","135L","A","012.00","000","135L A 01200 000","VALLEY OVER","39","Commercial","2/10/2016"
"WEBSTER SANDRA K","WATER AVENUE SOUTH  0","135L","A","013.00","000","135L A 01300 000","VALLEY OVER LOOK","38","Commercial","2/10/2016"
"WELCH NATALIE G TR NEWTON G III & MARY K WELCH IRR TRUST","WEST MAIN STREET  681","163C","A","027.00","000","163C A 02700 000","FOREST RETREAT","2-5","Commercial","7/16/2025"
"WELCH NATALIE G TR NEWTON G III & MARY K WELCH IRREVOCABLE","WEST MAIN STREET  689","163C","A","028.00","000","163C A 02800 000","FOREST RETREAT","LIST","Commercial","7/16/2025"
"WELCH NATALIE G TR NEWTON G III & MARY K WELCH IRREVOCABLE","WEST MAIN STREET  691","163C","A","029.00","000","163C A 02900 000","FOREST RETREAT","LIST","Commercial","7/16/2025"
"WELDON STEVEN C WELDON DEBRA J ETUX","NORTH BROADWAY  707","019","","038.00","000","019    03800 000","","","Commercial","12/20/2016"
"WELLINGTON FARMS HOLDINGS DE LLC","BIG STATION CAMP BLVD  273","137","","006.05","000","137    00605 000","","","Commercial","4/21/2021"
"WELLS BARRY A","WATER AVENUE SOUTH  1038","126N","J","016.01","000","126N J 01601 000","HALEWOOD EST RE-SUB","2","Commercial","11/15/2016"
"WENCE REAL ESTATE HENDERSONVILLE LLC","EAST MAIN STREET  537","159E","A","001.05","000","159E A 00105 000","BLUEGRASS LANDING RESUB LT 36","37","Commercial","8/21/2023"
"WENGER ELIZABETH RENEE ETUX TAMMY KAYE","DOBBINS PIKE  3511","041","","050.01","001","041    05001 001","","","Commercial","6/18/2025"
"WESLEY MANAGEMENT PARTNERSHIP","ROCKLAND ROAD  339","160","","052.02","000","160    05202C000","WESLEY PROPERTY","2","Commercial","11/7/1989"
"WESLEY MANAGEMENT PARTNERSHIP","ROCKLAND ROAD  0","160","","052.03","000","160    05203 000","WESLEY PROPERTY","1","Commercial","11/7/1989"
"WEST BRANDON","NORTH BROADWAY  608","019","","121.02","000","019    12102 000","DONALD R COLLINS PRO","2","Commercial","11/12/2020"
"WEST BRANDON","BELVEDERE DRIVE NORTH  180","125M","A","022.00","000","125M A 02200 000","SHOPS AT VILLAGE GRE","1","Commercial","3/31/2023"
"WEST GINNY SUSANNE TR GREGORY STEPHEN & GINA S RHOADS IRREVOCA","52E HWY  2497","031","","037.00","000","031    03700 000","","","Commercial","8/13/2025"
"WEST JIMMY WEST PEGGY","NATIONAL DRIVE  511","127","","057.08","000","127    05708 000","","","Commercial","9/15/2016"
"WEST LAKE PROFESSIONAL PARK LLC","WALTON FERRY ROAD  316","163E","A","016.00","000","163E A 01600 000","NOKES ADDN TO HENDERSONVILLE","3-4","Commercial","1/16/2024"
"WEST MAIN HOLDINGS LLC","WEST MAIN STREET  995","160O","D","010.02","000","160O D 01002 000","JOE H. CORLEY","1","Commercial","9/24/2025"
"WEST MAIN HOLDINGS LLC","WEST MAIN STREET  921","160O","D","011.00","000","160O D 01100 000","","","Commercial","9/24/2025"
"WEST MAIN VENTURES GP","WEST MAIN STREET  177","160M","C","021.00","000","160M C 02100 000","LAKEVIEW ADDITION #2","3","Commercial","12/8/2023"
"WEST RICHARD L ETUX ANGELA","WEST MAIN STREET  626","160N","C","025.01","000","160N C 02501 000","","","Commercial","12/15/1995"
"WEST TERESA ASHLEY","BROADWAY EAST  1581","112","","019.00","001","112    01900 001","","","Commercial","3/2/2023"
"WESTCHASE PARTNERS LLC","ANDERSON LANE NORTH  203","159B","B","008.00","000","159B B 00800 000","INDIAN LAKE MARKET PH 1 RESUB G,H","GR","Commercial","9/13/2017"
"WESTCHASE SERIES 6","NASHVILLE PIKE  1101","126P","C","025.00","000","126P C 02500 000","SHANE INVESTMENT PRO","2","Commercial","8/31/2020"
"WESTCHASE SERIES 7","INDIAN LAKE BLVD  211","159B","C","001.00","000","159B C 00100 000","INDIAN LAKE SEC 13","19","Commercial","3/1/2021"
"WESTCHASE SERIES 8 A SERIES OF WESTCHASE PARTNERS LLC","SUMNER HALL DRIVE  370","126I","A","012.00","000","126I A 01200 000","SUMNER HALL","IST","Commercial","12/8/2023"
"WESTGEN PT &TISANO REALTY ROBBINS PROPERTIES C/O","MALLARD SUNRISE DRIVE  100","045","","092.00","000","045    09200 000","SUNRISE INVESTMENTS-","1","Commercial","8/30/2011"
"WESTMORELAND INVESTMENT LLC","31E HWY  5202","045","","067.02","000","045    06702 000","","","Commercial","11/24/2025"
"WESTMORLAND MW LLC","52 HWY NE 1104","044","","124.00","000","044    12400 000","DR ROBERT LADD RESUB LT1C","1CA","Commercial","8/18/2023"
"WH COMMERCIAL ASSETS LLC","31W HWY  0","077","","085.01","000","077    08501 000","","3","Commercial","8/12/2019"
"WH COMMERCIAL ASSETS LLC","RAYMOND HIRSCH PKWY  0","077","","086.01","000","077    08601 000","R K BROCK SUB","2","Commercial","8/12/2019"
"WHEATON SHANE A","LOUISVILLE HWY  1072","140","","069.02","000","140    06902 000","1070 LOUISVILLE HWY","1","Commercial","4/15/2006"
"WHISPERING POND RENTALS LLC","AIRPORT ROAD  1785","135","","013.00","000","135    01300 000","","","Commercial","6/29/2023"
"WHITAKER JOE H SR","MAIN STREET EAST  480","113M","G","020.00","000","113M G 02000 000","","","Commercial","11/20/2009"
"WHITAKER JOE H SR","MAIN STREET EAST  492","113M","G","021.00","000","113M G 02100 000","","","Commercial","7/13/2015"
"WHITAKER JOE H SR","MAIN STREET WEST  110","126C","G","034.00","000","126C G 03400 000","","","Commercial","11/20/2009"
"WHITAKER JOE H SR","WATER AVENUE SOUTH  121","126C","K","005.00","000","126C K 00500 000","","","Commercial","11/20/2009"
"WHITE FENCE INVESTMENTS","SOUTH BROADWAY  707","033P","A","002.00","000","033P A 00200 000","BENNIE HAWKS PROPERT","5-5","Commercial","5/22/2025"
"WHITE MOUNTAIN PROPERTIES LLC","WALTON FERRY ROAD  411","163E","C","012.00","000","163E C 01200 000","FERGUSSON ACRES","1","Commercial","12/11/2020"
"WHITE MOUNTAIN PROPERTIES LLC MONTALBANO JOSEPH N","HOMESTEAD PLACE WEST  103","144N","E","003.00","000","144N E 00300 000","HOMESTEAD PLACE PH 3","80","Commercial","9/29/2021"
"WHITE MOUNTAIN PROPERTIES LLC MONTALBANO JOSEPH N C/O","NORTH BIRCHWOOD DRIVE  330","145P","D","030.00","000","145P D 03000 000","GLEN OAK SEC 4","149","Commercial","9/29/2021"
"WHITE OAK HOLDINGS LLC","NORTH BROADWAY  803","019","","031.08","000","019    03108 000","LARRY COLLINS HWY 10","2-3","Commercial","8/12/2022"
"WHITE RUSSELL L ETUX MICHELLE","25W HWY  2850","078","","019.00","001","078    01900 001","","","Commercial","5/15/2013"
"WHITED ROBERT","MEADOWVIEW DRIVE  1172","135D","E","006.00","000","135D E 00600 000","SPRINGBROOK SEC 2 REV","72","Commercial","2/1/2008"
"WHITEFIELD TONY","31E HWY OLD  2003","044C","A","024.00","000","044C A 02400 000","MORELAND PARK","IST","Commercial","1/4/2000"
"WHITEHEAD PAUL WHITEHEAD NORMA ETUX","SOUTH RUSSELL STREET  107","033G","F","020.00","000","033G F 02000 000","FRED WHITE BUSINESS","3","Commercial","8/29/2016"
"WHITMER WILLIAM E RT","52 HWY  508","033","","040.01","000","033    04001 000","","","Commercial","8/9/2018"
"WHITMER WILLIAM E RT","NORTH BROADWAY  407","033A","B","018.00","000","033A B 01800 000","","","Commercial","8/9/2018"
"WHITMER WILLIAM E TR OF WILLIAM E WHITMER RT","PARKERS CHAPEL ROAD OLD  100","033","","040.02","000","033    04002 000","","","Commercial","2/18/2020"
"WHITTAKER TOMMY WHITTAKER SHIRLEY ETUX","BROADWAY SOUTH  107","033H","G","016.00","000","033H G 01600 000","","","Commercial","2/2/2022"
"WIECZOREK RICHARD M ETUX MARGARET","S WATER AVE  675","126L","B","017.03","000","126L B 01703 000","SOUTH WATER DOLLAR GENERAL","1","Commercial","5/21/2025"
"WIGGINS ROBERT H WIGGINS CONNIE E ETUX","ANDERSON LANE  173","159N","G","009.00","000","159N G 00900 000","LARUE HEIGHTS SEC 2","9","Commercial","1/5/2004"
"WILCOX CORBET","EMILY LANE  106","033O","D","016.00","000","033O D 01600 000","RICHLAND VILLAGE SUB","15","Commercial","4/21/2006"
"WILKES MARY LEE TR MARY WILKES LIVING TRUST","LANGWOOD DRIVE  1116","126M","F","021.00","000","126M F 02100 000","HIGHLAND PARK, NO. 2","0005","Commercial","4/18/2023"
"WILKINSON BILLY C ETUX BETTY","MAXWELL BRANCH ROAD  0","057","","007.00","001","057    00700 001","","","Commercial","6/11/2007"
"WILKINSON BILLY C ETUX BETTY","WILKINSON ROAD  229","057","","007.00","002","057    00700 002","","","Commercial",""
"WILKINSON BILLY C ETUX BETTY","WILKINSON ROAD  225","057","","007.00","003","057    00700 003","","","Commercial","6/11/2007"
"WILKINSON J ZACHARY & BENJAMIN P NYSWONGER","MAIN STREET  120","033H","D","024.01","000","033H D 02401 000","","","Commercial","10/23/2024"
"WILKINSON JESSIE O III TR WILKINSON NANCY T TR","31 HWY  3020","077","","077.00","000","077    07700 000","","","Commercial","2/2/2022"
"WILKINSON JOHN C","NORTH BROADWAY  458","033A","A","031.02","000","033A A 03102 000","JIM CALLOWAY HWY 109","1A-1","Commercial","1/30/2009"
"WILKINSON JOHN D","31W HWY  2830","077P","B","004.00","000","077P B 00400 000","OSCAR O WEBB JR PROP","1","Commercial","8/31/2022"
"WILKINSON JOHN D","31W HWY  2826","077P","B","005.00","000","077P B 00500 000","OSCAR O WEBB JR PROP","2","Commercial","8/31/2022"
"WILKINSON LAND CO LLC","SOUTH BROADWAY  713","033P","A","002.04","000","033P A 00204 000","BENNIE HAWKS PROP RE","4-4","Commercial","2/14/2011"
"WILKINSON LAND COMPANY LLC","SOUTH BROADWAY  715","033P","A","001.00","000","033P A 00100 000","","","Commercial","2/6/2004"
"WILKINSON LAND COMPANY LLC","S BROADWAY ST  710","033P","A","002.05","000","033P A 00205 000","","1C","Commercial","9/15/2010"
"WILLIAMS ALBERT R","31E HWY OLD  516","068","","082.00","000","068    08200 000","","","Commercial","3/3/1998"
"WILLIAMS CAPITAL INVESTMENTS L","FRANCES STREET  123","112I","A","019.00","000","112I A 01900 000","SUNSET PARK SEC A","IST","Commercial","7/11/2013"
"WILLIAMS CAPITAL INVESTMENTS LLC","SPENCER AVENUE  821","126K","J","018.00","000","126K J 01800 000","LONGVIEW ESTATES A","13","Commercial","12/20/2022"
"WILLIAMS CHAISON","HOMESTEAD COURT  101","163E","C","024.00","000","163E C 02400 000","WALNUT HILLS ESTATES SEC 6","77","Commercial","3/28/2025"
"WILLIAMS DAVID L ETUX TIFFANY J","HAVEN STREET  108","163D","D","014.00","000","163D D 01400 000","HICKORY HAVEN","11","Commercial","5/6/2013"
"WILLIAMS DAVID L ETUX TIFFANY J","DONNA DRIVE  300","163L","B","023.00","000","163L B 02300 000","HICKORY VILLAGE SEC 1","40","Commercial","5/6/2013"
"WILLIAMS JAMES E ETUX JUNE E","VOLUNTEER DRIVE 122E  0","159I","B","031.04","000","159I B 03104 000","OAKVALE INDUSTRIAL PARK","4","Commercial","12/2/1992"
"WILLIAMS JAMES E SR","VOLUNTEER DRIVE 122 A  0","159I","B","031.05","000","159I B 03105 000","OAKVALE INDUSTRIAL PARK","3","Commercial","8/31/2006"
"WILLIAMS JOHN R","GRAY STREET WEST  334","113N","A","015.00","000","113N A 01500 000","JOHN R WILLIAMS PROP","1","Commercial","6/11/2004"
"WILLIAMS JONATHAN TR WILLIAMS RACHEL TR","WATER AVENUE NORTH  555","113N","B","006.00","000","113N B 00600 000","ST JOHN VIANNEY CATH","2","Commercial","6/4/2021"
"WILLIAMS JONATHAN TR WILLIAMS RACHEL TR","LOCUST AVENUE SOUTH  313","126F","A","021.00","000","126F A 02100 000","","","Commercial","6/18/2021"
"WILLIAMS KRISTOPER BO MARTIN TATE WILLIAMS","MEADOWVIEW DRIVE  1156","135D","E","010.00","000","135D E 01000 000","SPRINGBROOK SEC 2 REV","76","Commercial","8/31/2010"
"WILLIAMS KRISTOPHER BO MARTIN TATE WILLIAMS","MEADOWVIEW DRIVE  1160","135D","E","009.00","000","135D E 00900 000","SPRINGBROOK SEC 2 REV","75","Commercial","8/31/2010"
"WILLIAMS LAWRENCE EVAN","EAST MAIN STREET  635","158A","A","005.00","001","158A A 00500C001","SAUNDERSVILLE COURT","2","Commercial","2/28/2019"
"WILLIAMS LELAN RANDOLPH","WOODS ROAD  399","016","","017.00","000","016    01700 000","","","Commercial","12/3/2020"
"WILLIAMS MARK & AMANDA WILLIAMS","HUNT CLUB BLVD  1509","146F","A","003.00","005","146F A 00300C005","HUNT CLUB OFFICE PAR","600","Commercial","12/27/2024"
"WILLIAMS MARTIN+MICKEY+KRIS BUGBEE DANIEL & HEATHER TRS","DOBBINS PIKE  115","113","","028.00","001","113    02800 001","","","Commercial","6/18/2019"
"WILLIAMS MICKEY R WILLIAMS KRIS BO & MARTIN TATE","EASTLAND STREET EAST  605","113M","G","004.00","000","113M G 00400 000","EASTLAND ADDITION","35","Commercial","2/14/2017"
"WILLIAMS MIKE & JAMES RIPPY & SCOTT RIPPY JR","HAWKINS DRIVE  4118","028N","A","011.00","000","028N A 01100 000","CREASY HEIGHTS","IST","Commercial","2/13/2024"
"WILLIAMS MIKE A","52 HWY NE 1198","044","","100.01","000","044    10001 000","","","Commercial","8/11/2026"
"WILLIAMS MIKE A","52 HWY NE 1194","044","","100.01","001","044    10001 001","","","Commercial","8/11/2026"
"WILLIAMS RONALD WILLIAMS MISTY ETUX","MAPLE STREET  145","160M","A","020.02","000","160M A 02002 000","ITW PROP RESUB-ILLIN","1-A-PT1","Commercial","9/15/2014"
"WILLIAMS RYAN","COLES FERRY ROAD  114","126M","A","021.02","000","126M A 02102 000","M M FORD ADD","IST","Commercial","7/8/2024"
"WILLIAMS SAM D","MUTTON HOLLOW HILL RD  0","085","","030.00","001","085    03000 001","","","Commercial",""
"WILLIAMS SARAH WILLIAMS RYAN","STADIUM DRIVE  124","163D","A","004.00","000","163D A 00400 000","PATE S/D","59","Commercial","8/22/2020"
"WILLIAMS SHERMAN DANIEL","WILLIAMS STREET  100","033J","E","019.01","000","033J E 01901 000","","","Commercial","12/13/2024"
"WILLIAMS SHERMAN DANIEL & HURT BART T","SOUTH RUSSELL STREET  802","033J","E","018.00","000","033J E 01800 000","","","Commercial","4/28/2023"
"WILLIAMS STEPHEN","SAUNDERSVILLE ROAD  174","145","","093.00","402","145    09300C402","","","Commercial","3/9/2016"
"WILLIS DALLAS JR ETUX MARILYN","31W HWY  5816","017","","007.03","001","017    00703 001","","","Commercial","7/6/2005"
"WILLIS JADE ROGERS","52 HWY  0","044","","020.01","001","044    02001 001","","","Commercial","12/29/2014"
"WILLIS JADE ROGERS","PARK STREET  923","044E","A","001.00","000","044E A 00100 000","","","Commercial","12/29/2014"
"WILLIS JADE ROGERS","AUSTIN PEAY HWY  5220","044E","A","002.00","000","044E A 00200 000","","","Commercial","12/29/2014"
"WILLIS JADE ROGERS","PARK STREET  917","044E","A","023.01","000","044E A 02301 000","","","Commercial","12/29/2014"
"WILLIS NELSON WAYNE","52 HWY  0","044E","C","008.01","000","044E C 00801 000","","","Commercial","6/27/2005"
"WILLIS NELSON WAYNE","AUSTIN PEAY HWY  5511","044E","C","012.00","000","044E C 01200 000","","","Commercial","6/27/2005"
"WILLMORE HAROLD E JR D/B/A W P & D PARTNERSHIP","109N HWY  1054","113","","035.03","000","113    03503 000","R TERRY SUB","1","Commercial","6/2/1992"
"WILLOUGHBY DAVID H WILLOUGHBY REBEKAH ETUX","NEALS COURT PVT  0","115","","073.00","001","115    07300 001","","","Commercial","12/2/2021"
"WILLOUGHBY HOLDINGS INC","SEUSS WAY  618","123B","G","002.00","000","123B G 00200 000","DURHAM FARMS PH4 SEC35B","1306","Commercial","8/14/2024"
"WILLOUGHBY HOLDINGS INC","SEUSS WAY  626","123B","G","004.00","000","123B G 00400 000","DURHAM FARMS PH4 SEC35B","1304","Commercial","8/14/2024"
"WILLOUGHBY HOLDINGS INC","SEUSS WAY  634","123B","G","006.00","000","123B G 00600 000","DURHAM FARMS PH4 SEC35B","1302","Commercial","8/14/2024"
"WILLOUGHBY HOLDINGS INC","SEUSS WAY  638","123B","G","007.00","000","123B G 00700 000","DURHAM FARMS PH4 SEC35B","1301","Commercial","8/14/2024"
"WILLOW PARK DEVELOPERS LLC","ASHCREST POINT  153","145K","A","055.00","000","145K A 05500 000","","108","Commercial","5/8/2024"
"WILLOW PARK DEVELOPERS LLC","BENJAMIN LANE  127","145K","B","012.00","000","145K B 01200 000","","127","Commercial","3/16/2022"
"WILLOW PARK DEVELOPERS LLC LINDA DAVIS C/O","HAVEN STREET  129","163D","E","016.02","000","163D E 01602 000","HICKORY HAVEN RESUB LT 1","3","Commercial","12/3/2001"
"WILLOW PARK DEVELOPERS LLC LINDA DAVIS C/O","HAVEN STREET  127","163D","E","017.00","000","163D E 01700 000","","","Commercial","8/29/2000"
"WILLS RON","ANTHONY STREET  510","113J","G","022.00","000","113J G 02200 000","CLEARVIEW HTS. NO. 1","1-2","Commercial","4/9/2009"
"WILLS RON","BRUSH HILL COURT  167","135L","E","013.00","000","135L E 01300 000","BRUSH HILL","13","Commercial","4/20/2006"
"WILLS RON","BRUSH HILL COURT  163","135L","E","014.00","000","135L E 01400 000","BRUSH HILL","14","Commercial","4/20/2006"
"WILLS RON","BRUSH HILL COURT  159","135L","E","015.00","000","135L E 01500 000","BRUSH HILL","15","Commercial","5/25/2006"
"WILLS RON","BRUSH HILL COURT  105","135L","E","020.00","000","135L E 02000 000","BRUSH HILL","20","Commercial","5/24/2006"
"WILLS RONALD A","ANTHONY STREET  720","113J","A","020.00","000","113J A 02000 000","CLEARVIEW HTS. NO. 5","9-15","Commercial","5/5/2005"
"WILLS RONALD A ETUX WENDY J","BRUSH HILL COURT  178","135L","E","011.00","000","135L E 01100 000","BRUSH HILL","11","Commercial","3/3/1994"
"WILSON BANK & TRUST","EAST MAIN STREET  175","164A","C","014.00","000","164A C 01400 000","HAZEL PATH SEC 1","1","Commercial","12/30/2011"
"WILSON BANK & TRUST ATTN: RANDALL CLEMONS","MAIN STREET WEST  455","126G","B","012.00","000","126G B 01200 000","REGIONS BANK","1","Commercial","6/7/2010"
"WILSON BLAIR J TR NORTH ANDERSON LN IT","ANDERSON LANE NORTH  200","159B","B","010.00","000","159B B 01000 000","INDIAN LAKE MARKET PH 1 REV","L","Commercial","5/7/2025"
"WILSON BLAIR J TR NORTH ANDERSON LN IT","ANDERSON LANE NORTH  202","159B","B","011.00","000","159B B 01100 000","INDIAN LAKE MARKET PH 1 REV","K","Commercial","5/7/2025"
"WILSON DEBORAH CAROL","AUSTIN PEAY HWY  5507","044E","C","011.01","000","044E C 01101 000","","","Commercial","8/15/2018"
"WILSON WHITNEY D TR NASHVILLE PIKE IRREVOCABLE TRUST","NASHVILLE PIKE  1007","126P","D","041.00","000","126P D 04100 000","SHANE INVESTMENT PRO","3-3","Commercial","11/5/2025"
"WIMS DONALD R ETUX SANDRA J","EDGEWOOD DRIVE","135D","E","024.00","000","135D E 02400 000","SPRINGBROOK SEC 2 RES 27-54","38","Commercial","9/23/2005"
"WIMS DONALD R HAROLD R WIMS","BRITTON AVENUE","126N","K","033.00","000","126N K 03300 000","HALEWOOD EST. ADD. 3","0027","Commercial","3/25/1996"
"WIMS HAROLD R DONALD R WIMS","JOHNSON STREET","126O","B","009.00","000","126O B 00900 000","HALEWOOD EST. ADD. 3","IST","Commercial","2/6/1992"
"WIMS RODNEY ETUX TAMMY","BROADWAY SOUTH  300","033H","H","031.00","000","033H H 03100 000","","","Commercial","8/23/2006"
"WINDSOR PARK LANE PROPERTY LLC","WINDSOR PARK LANE  100","159K","C","021.00","000","159K C 02100 000","","","Commercial","9/18/2025"
"WINGO CHARLES L III","WATER AVENUE SOUTH  913","126N","G","003.00","000","126N G 00300 000","","","Commercial","7/9/2025"
"WINGO CHARLES LUTHER JR WINGO ANGELA ETUX","WEST MAIN STREET  314","160M","B","017.00","000","160M B 01700 000","RONEY-ELIZER S/D","0002","Commercial","5/17/2019"
"WINK EDWARD","WEST MAIN STREET  763","160O","C","007.04","000","160O C 00704 000","","2","Commercial","3/31/2015"
"WINKLER PAUL ETUX DEBBIE","BUSINESS PARK CIRCLE  3050","143J","F","007.00","011","143J F 00700C011","NORTHCREEK BUSINESS PARK SEC 14 RES 11B","11B","Commercial","6/21/2007"
"WINKLER PAUL WINKLER DEBORAH ETUX","BUSINESS PARK CIRCLE  3050","143J","F","007.00","013","143J F 00700C013","NORTHCREEK BUSINESS PARK SEC 14 RES 11B","11B","Commercial","3/31/2006"
"WINNETT MARVIN","WOODY LANE  1051","118","","107.00","001","118    10700 001","","","Commercial",""
"WINNETT MARVIN WINNETT JACQUELYN ETUX","WOODY LANE  1040","118","","012.00","000","118    01200 000","","","Commercial","10/3/2018"
"WISEMAN MARGARET L HOBDY DEBBIE C C/O","BARRY AVENUE  131","126A","C","019.00","000","126A C 01900 000","MEADOWBROOK S/D ADD.","16","Commercial","10/16/2013"
"WITTENMEIER DAVID","31W HWY  5574","018","","011.00","000","018    01100 000","","","Commercial","11/9/2007"
"WJF LLC","HOMESTEAD PLACE WEST  109","144N","A","013.00","000","144N A 01300 000","HOMESTEAD PLACE PHAS","77","Commercial","9/2/2014"
"WJF LLC","EDGEVIEW COURT  109","159A","P","011.00","000","159A P 01100 000","GLEN OAK SEC 8","309","Commercial","4/27/2026"
"WMCI NASHVILLE VI LLC","DOUGLAS BEND ROAD  270","147","","003.02","000","147    00302 000","FOXLAND ESTATES","1-10,12","Commercial","6/15/2022"
"WNR10-SHELBYVILLE LLC","CLAREMONT COURT PVT  273","136K","G","004.00","000","136K G 00400 000","KNOLL AT FAIRVUE PH 1 SEC 1","4","Commercial","3/31/2022"
"WNR10-SHELBYVILLE LLC","MADEIRA PLACE  352","136K","G","005.00","000","136K G 00500 000","KNOLL AT FAIRVUE PH 1 SEC 1","5","Commercial","3/31/2022"
"WNR11-GALLATIN SAVANNAH LLC","NASHVILLE PIKE  2065","146","","037.08","000","146    03708 000","SAVANNAH MKTPL RESUB PH2 LT1","1B","Commercial","9/27/2018"
"WNR13 GALLATIN 2 NASHVILLE PIKE LLC","NASHVILLE PIKE  615","126G","C","009.00","000","126G C 00900 000","LACKEY ADD","7-18","Commercial","3/21/2019"
"WNR28-PORTLAND LLC","52 HWY  106","033I","C","005.00","000","033I C 00500 000","JASON COLLINS PROP R","1-1","Commercial","9/27/2021"
"WNR29-MAHARRIS DRIVE GALLATIN LLC","MAHARRIS DRIVE PVT  204","135C","E","004.00","000","135C E 00400 000","WINDSONG RESUB 3+4","4","Commercial","3/2/2022"
"WOOD DAVID","NORTH BROADWAY  510","033A","A","036.00","000","033A A 03600 000","","","Commercial","5/15/2020"
"WOOD MAUREEN TR TAYLOR JUDITH TR","NORTH BROADWAY  209","033A","C","019.00","000","033A C 01900 000","","","Commercial","12/26/2017"
"WOOD RENEE","COLLEGE STREET  613","034","","020.02","000","034    02002 000","","","Commercial","8/13/2002"
"WOOD W BRANDT","HIDDEN TRAIL DRIVE  0","113","","003.02","001","113    00302 001","","","Commercial","8/24/2018"
"WOODALL BRIAN D WOODALL KIMBERLY R ETUX","MAIN STREET  105","033H","D","035.00","000","033H D 03500 000","DERRICK MILLER SUB","1","Commercial","11/17/2021"
"WOODARD BRYANT W WOODARD VANESSA P ETUX","WATER AVENUE SOUTH  132","126C","J","001.00","000","126C J 00100 000","","","Commercial","6/8/2021"
"WOODARD BRYANT W WOODARD VANESSA P ETUX","SMITH STREET WEST  108","126C","J","021.00","000","126C J 02100 000","CORDELL HULL OFFICE","2","Commercial","6/8/2021"
"WOODARD DAVID OWEN","ROGUES FORK RD  0","063","","021.10","001","063    02110 001","","","Commercial","10/9/2012"
"WOODARD EARNEST JR ETUX SANDRA L","WATER AVENUE SOUTH  130","126C","J","002.00","000","126C J 00200 000","","","Commercial","5/8/1989"
"WOODARD EARNEST JR ETUX SANDRA L","WATER AVENUE SOUTH  128","126C","J","003.00","000","126C J 00300 000","","","Commercial","5/8/1989"
"WOODARD EARNEST T JR ETUX SANDRA L","SMITH STREET WEST  179","126C","N","005.00","000","126C N 00500 000","","","Commercial","4/27/2004"
"WOODARD ERNEST ETUX SANDRA","WATER AVENUE SOUTH  119","126C","K","004.00","000","126C K 00400 000","","","Commercial","8/19/1985"
"WOODARD ERNEST ETUX SANDRA L","FOSTER STREET SOUTH  310","126F","A","027.00","000","126F A 02700 000","","","Commercial","2/4/2003"
"WOODARD ERNEST JR ETUX SANDRA","WATER AVENUE SOUTH  124","126C","J","004.00","000","126C J 00400 000","","","Commercial","10/6/1995"
"WOODARD ERNEST T JR ETUX SANDRA L","SMITH STREET  175","126C","N","004.00","000","126C N 00400 000","","","Commercial","5/17/2004"
"WOODARD J K TR","ELLEN DRIVE  604","143O","A","012.00","000","143O A 01200 000","PAGE HEIGHTS SEC 3","123","Commercial","6/5/2014"
"WOODARD RICKY W ETUX JUDITH E","31E HWY NE 5591","028M","A","036.00","000","028M A 03600 000","","","Commercial","3/9/2006"
"WOODARD SAMMY DBA AUTO SERVICE CENTER","ROCKLAND ROAD  325","160O","D","005.00","000","160O D 00500 000","","","Commercial","6/10/2013"
"WOODARD WAYNE H TR WOODARD DOROTHY A TR OF","CAGE ROAD  144","160M","C","010.01","000","160M C 01001 000","","","Commercial","2/15/2018"
"WOODBINE OAKS OF GALLATIN LLC","AIRPORT ROAD  1610","126M","D","019.01","000","126M D 01901 000","OAKS CONDOMINIUM-JON","1","Commercial","9/29/2011"
"WOODMORE KEITH L","ANTHONY STREET  717","113G","B","015.00","000","113G B 01500 000","CLEARVIEW HGTS NO. 5","IST","Commercial","3/15/2023"
"WOODMORE KEITH L","EASTLAND STREET WEST  425","113O","L","003.00","000","113O L 00300 000","","","Commercial","3/15/2023"
"WOODS COMMONS RAM LLC %DESAI MONARCH C/O","MEMORY LANE  940","136","","035.00","000","136    03500 000","DRIVE IN THE","5","Commercial","8/13/2018"
"WOODS GREG ETUX KELLY","31E HWY  7575","010","","024.00","000","010    02400 000","","","Commercial","8/27/2001"
"WRE HENDERSONVILLE LLC WRE ACQ2 LLC","WALTON FERRY ROAD  126","163D","C","004.00","000","163D C 00400 000","WALTON PLACE CONDOS","COMMON","Commercial","4/4/2022"
"WRE HENDERSONVILLE LLC WRE ACQ2 LLC","WALTON FERRY ROAD  126","163D","C","004.00","001","163D C 00400C001","WALTON PLACE CONDOS","1","Commercial","4/4/2022"
"WRE HENDERSONVILLE LLC WRE ACQ2 LLC","WALTON FERRY ROAD  126","163D","C","004.00","002","163D C 00400C002","WALTON PLACE CONDOS","2","Commercial","4/4/2022"
"WRE HENDERSONVILLE LLC WRE ACQ2 LLC","WALTON FERRY ROAD  126","163D","C","004.00","003","163D C 00400C003","WALTON PLACE CONDOS","3","Commercial","4/4/2022"
"WRE HENDERSONVILLE LLC WRE ACQ2 LLC","WALTON FERRY ROAD  126","163D","C","004.00","004","163D C 00400C004","WALTON PLACE CONDOS","4","Commercial","4/4/2022"
"WRE HENDERSONVILLE LLC WRE ACQ2 LLC","WALTON FERRY ROAD  126","163D","C","004.00","005","163D C 00400C005","WALTON PLACE CONDOS","1","Commercial","4/4/2022"
"WRE HENDERSONVILLE LLC WRE ACQ2 LLC","WALTON FERRY ROAD  126","163D","C","004.00","006","163D C 00400C006","WALTON PLACE CONDOS","2","Commercial","4/4/2022"
"WRE HENDERSONVILLE LLC WRE ACQ2 LLC","WALTON FERRY ROAD  126","163D","C","004.00","007","163D C 00400C007","WALTON PLACE CONDOS","3","Commercial","4/4/2022"
"WRE HENDERSONVILLE LLC WRE ACQ2 LLC","WALTON FERRY ROAD  126","163D","C","004.00","008","163D C 00400C008","WALTON PLACE CONDOS","4","Commercial","4/4/2022"
"WRE HENDERSONVILLE LLC WRE ACQ2 LLC","WALTON FERRY ROAD  126","163D","C","004.00","009","163D C 00400C009","WALTON PLACE CONDOS","1","Commercial","4/4/2022"
"WRE HENDERSONVILLE LLC WRE ACQ2 LLC","WALTON FERRY ROAD  126","163D","C","004.00","010","163D C 00400C010","WALTON PLACE CONDOS","2","Commercial","4/4/2022"
"WRE HENDERSONVILLE LLC WRE ACQ2 LLC","WALTON FERRY ROAD  126","163D","C","004.00","011","163D C 00400C011","WALTON PLACE CONDOS","3","Commercial","4/4/2022"
"WRE HENDERSONVILLE LLC WRE ACQ2 LLC","WALTON FERRY ROAD  126","163D","C","004.00","012","163D C 00400C012","WALTON PLACE CONDOS","4","Commercial","4/4/2022"
"WRE HENDERSONVILLE LLC WRE ACQ2 LLC","WALTON FERRY ROAD  126","163D","C","004.00","013","163D C 00400C013","WALTON PLACE CONDOS","5","Commercial","4/4/2022"
"WRE HENDERSONVILLE LLC WRE ACQ2 LLC","WALTON FERRY ROAD  126","163D","C","004.00","014","163D C 00400C014","WALTON PLACE CONDOS","6","Commercial","4/4/2022"
"WRE HENDERSONVILLE LLC WRE ACQ2 LLC","WALTON FERRY ROAD  126","163D","C","004.00","015","163D C 00400C015","WALTON PLACE CONDOS","1","Commercial","4/4/2022"
"WRE HENDERSONVILLE LLC WRE ACQ2 LLC","WALTON FERRY ROAD  136","163D","C","004.00","016","163D C 00400C016","WALTON PLACE CONDOS","2","Commercial","4/4/2022"
"WRE HENDERSONVILLE LLC WRE ACQ2 LLC","WALTON FERRY ROAD  126","163D","C","004.00","017","163D C 00400C017","WALTON PLACE CONDOS","3","Commercial","4/4/2022"
"WRE HENDERSONVILLE LLC WRE ACQ2 LLC","WALTON FERRY ROAD  126","163D","C","004.00","018","163D C 00400C018","WALTON PLACE CONDOS","4","Commercial","4/4/2022"
"WRE HENDERSONVILLE LLC WRE ACQ2 LLC","WALTON FERRY ROAD  126","163D","C","004.00","019","163D C 00400C019","WALTON PLACE CONDOS","5","Commercial","4/4/2022"
"WRE HENDERSONVILLE LLC WRE ACQ2 LLC","WALTON FERRY ROAD  126","163D","C","004.00","020","163D C 00400C020","WALTON PLACE CONDOS","6","Commercial","4/4/2022"
"WRE HENDERSONVILLE LLC WRE ACQ2 LLC","WALTON FERRY ROAD  126","163D","C","004.00","021","163D C 00400C021","WALTON PLACE CONDOS","1","Commercial","4/4/2022"
"WRE HENDERSONVILLE LLC WRE ACQ2 LLC","WALTON FERRY ROAD  126","163D","C","004.00","022","163D C 00400C022","WALTON PLACE CONDOS","2","Commercial","4/4/2022"
"WRE HENDERSONVILLE LLC WRE ACQ2 LLC","WALTON FERRY ROAD  126","163D","C","004.00","023","163D C 00400C023","WALTON PLACE CONDOS","3","Commercial","4/4/2022"
"WRE HENDERSONVILLE LLC WRE ACQ2 LLC","WALTON FERRY ROAD  126","163D","C","004.00","024","163D C 00400C024","WALTON PLACE CONDOS","4","Commercial","4/4/2022"
"WRE HENDERSONVILLE LLC WRE ACQ2 LLC","WALTON FERRY ROAD  126","163D","C","004.00","025","163D C 00400C025","WALTON PLACE CONDOS","5","Commercial","4/4/2022"
"WRE HENDERSONVILLE LLC WRE ACQ2 LLC","WALTON FERRY ROAD  126","163D","C","004.00","026","163D C 00400C026","WALTON PLACE CONDOS","6","Commercial","4/4/2022"
"WRE HENDERSONVILLE LLC WRE ACQ2 LLC","WALTON FERRY ROAD  126","163D","C","004.00","027","163D C 00400C027","WALTON PLACE CONDOS","7","Commercial","4/4/2022"
"WRE HENDERSONVILLE LLC WRE ACQ2 LLC","WALTON FERRY ROAD  126","163D","C","004.00","028","163D C 00400C028","WALTON PLACE CONDOS","8","Commercial","4/4/2022"
"WRE HENDERSONVILLE LLC WRE ACQ2 LLC","WALTON FERRY ROAD  126","163D","C","004.00","029","163D C 00400C029","WALTON PLACE CONDOS","1","Commercial","4/4/2022"
"WRE HENDERSONVILLE LLC WRE ACQ2 LLC","WALTON FERRY ROAD  126","163D","C","004.00","030","163D C 00400C030","WALTON PLACE CONDOS","2","Commercial","4/4/2022"
"WRE HENDERSONVILLE LLC WRE ACQ2 LLC","WALTON FERRY ROAD  126","163D","C","004.00","031","163D C 00400C031","WALTON PLACE CONDOS","3","Commercial","4/4/2022"
"WRE HENDERSONVILLE LLC WRE ACQ2 LLC","WALTON FERRY ROAD  126","163D","C","004.00","032","163D C 00400C032","WALTON PLACE CONDOS","4","Commercial","4/4/2022"
"WRE HENDERSONVILLE LLC WRE ACQ2 LLC","WALTON FERRY ROAD  126","163D","C","004.00","033","163D C 00400C033","WALTON PLACE CONDOS","5","Commercial","4/4/2022"
"WRE HENDERSONVILLE LLC WRE ACQ2 LLC","WALTON FERRY ROAD  126","163D","C","004.00","034","163D C 00400C034","WALTON PLACE CONDOS","6","Commercial","4/4/2022"
"WRE HENDERSONVILLE LLC WRE ACQ2 LLC","WALTON FERRY ROAD  126","163D","C","004.00","035","163D C 00400C035","WALTON PLACE CONDOS","7","Commercial","4/4/2022"
"WRE HENDERSONVILLE LLC WRE ACQ2 LLC","WALTON FERRY ROAD  126","163D","C","004.00","036","163D C 00400C036","WALTON PLACE CONDOS","8","Commercial","4/4/2022"
"WRE HENDERSONVILLE LLC WRE ACQ2 LLC","WALTON FERRY ROAD  324","163E","E","002.00","000","163E E 00200 000","NOKES ADDN TO HENDERSONVILLE","1-3","Commercial","4/4/2022"
"WRE WOODS FERRY LLC","WOODS FERRY ROAD  1059","126M","B","019.00","000","126M B 01900 000","","","Commercial","11/15/2023"
"WRIGHT KEVIN F","SPENCER STREET  530","126F","M","008.00","000","126F M 00800 000","","","Commercial","9/10/2025"
"WRIGHT ROBERT R WRIGHT TASHA R ETUX","25E HWY OLD  404","110","","062.01","000","110    06201 000","FRANCES DELOIS POWEL","1","Commercial","6/9/2017"
"WRIGHT RONNIE","MEADOWVIEW DRIVE  1176","135D","E","005.00","000","135D E 00500 000","SPRINGBROOK SEC 2 REV","71","Commercial","6/19/2019"
"WRIGHT RONNIE","MEADOWVIEW DRIVE  1170","135D","E","007.00","000","135D E 00700 000","SPRINGBROOK SEC 2 REV","73","Commercial","6/19/2019"
"WRIGHT RONNIE O LIFE EST","JOSLIN AVENUE  542","126O","C","026.00","000","126O C 02600 000","HALEWOOD EST SEC 5","55","Commercial","3/12/2025"
"WTW PROPERTIES","NASHVILLE PIKE  1176","125M","A","013.00","000","125M A 01300 000","BAKERS ACRES S/D","IST","Commercial","5/26/2005"
"YAMASA CO LTD","BROOKVIEW CIRCLE  165","120F","A","006.00","000","120F A 00600 000","WILLOW CREEK SEC 1","29","Commercial","12/7/2018"
"YAMASA CO LTD","LASSITER DRIVE  1008","120K","A","047.00","000","120K A 04700 000","NORTH POINTE PHASE I","87","Commercial","2/15/2019"
"YAMASA CO LTD","BROOKVIEW CIRCLE  123","120K","C","012.00","000","120K C 01200 000","WILLOW CREEK SEC 1","12","Commercial","10/17/2019"
"YAMASA CO LTD","CREEKVIEW LANE  3134","120L","B","017.00","000","120L B 01700 000","NORTH POINTE PH 2","153","Commercial","9/20/2018"
"YAMASA CO LTD","JESSE BROWN DRIVE  114","141D","C","029.00","000","141D C 02900 000","CIMMARON TRACE SEC 1","29","Commercial","7/30/2019"
"YAMASA CO LTD","OVERLOOK TRAIL  105","141D","E","050.00","000","141D E 05000 000","CIMMARON TRACE SEC 3","173","Commercial","11/12/2021"
"YAMASA CO LTD","VICTORIA LANE EAST  107","144K","A","006.00","000","144K A 00600 000","ALEXANDREA PLACE","6","Commercial","11/6/2019"
"YAMASA CO LTD","SUMNER MEADOWS COURT  104","144M","E","011.00","000","144M E 01100 000","SUMNER MEADOWS PH 1","11","Commercial","3/9/2022"
"YAMASA CO LTD","SUMNER MEADOWS LANE  171","144M","E","034.00","000","144M E 03400 000","SUMNER MEADOWS PH 1","52","Commercial","9/14/2023"
"YAMASA CO LTD","HOMESTEAD PLACE  146","144N","B","006.00","000","144N B 00600 000","HOMESTEAD PLACE PH 2","49-49","Commercial","10/25/2022"
"YAMASA CO LTD","SHADY VIEW DRIVE  112","144N","B","015.00","000","144N B 01500 000","HOMESTEAD PLACE PH 2","58","Commercial","11/12/2021"
"YAMASA CO LTD","HOMESTEAD PLACE  127","144N","B","019.00","000","144N B 01900 000","HOMESTEAD PLACE PH 2","71","Commercial","8/5/2019"
"YAMASA CO LTD","IRIS DRIVE  282","144N","E","022.00","000","144N E 02200 000","HOMESTEAD PLACE PH 3","34","Commercial","10/7/2019"
"YAMASA CO LTD","SHADY VIEW DRIVE  116","144N","E","036.00","000","144N E 03600 000","HOMESTEAD PLACE PH 3","56","Commercial","8/9/2021"
"YAMASA CO LTD","CARDINAL LANE  102","145P","D","020.00","000","145P D 02000 000","GLEN OAK SEC 4","139","Commercial","2/28/2023"
"YAMASA CO LTD","OAK LEAF COURT  108","145P","D","054.00","000","145P D 05400 000","GLEN OAK SEC 4-A","177","Commercial","7/5/2019"
"YAMASA CO LTD","NORTH BIRCHWOOD DRIVE  325","145P","D","080.00","000","145P D 08000 000","GLEN OAK SEC 9","327","Commercial","10/24/2022"
"YAMASA CO LTD","OAK LEAF DRIVE  125","145P","F","022.00","000","145P F 02200 000","GLEN OAKS SEC 6","276","Commercial","2/5/2021"
"YAMASA CO LTD","OAK MEADOW COURT  100","145P","G","015.00","000","145P G 01500 000","SUMNER MEADOWS PH 2","32","Commercial","4/8/2024"
"YAMASA CO LTD","HUNTINGTON PLACE  131","146I","F","001.00","000","146I F 00100 000","WYNCREST PH 6","87","Commercial","1/8/2019"
"YAMASA CO LTD","DEVONSHIRE TRAIL  106","146O","A","013.00","000","146O A 01300 000","VILLAGE AT RIVERCHAS","13","Commercial","1/10/2019"
"YAMASA CO LTD","SPRING CREEK TRAIL  102","146O","C","016.00","000","146O C 01600 000","RIVER CHASE SEC 2","579","Commercial","6/7/2019"
"YAMASA CO LTD","AGEE CIRCLE EAST  151","159A","N","026.00","000","159A N 02600 000","GLEN OAK SEC 1 PT C","58","Commercial","5/11/2021"
"YAMASA CO LTD","WHITE OAK COURT  101","159A","O","001.00","000","159A O 00100 000","GLEN OAK SEC 2","67","Commercial","9/30/2021"
"YAMASA CO LTD","WHITE OAK COURT  111","159A","O","006.00","000","159A O 00600 000","GLEN OAK SEC 2","72","Commercial","8/30/2019"
"YAMASA CO LTD","SOUTH BIRCHWOOD DRIVE  136","159A","P","004.00","000","159A P 00400 000","GLEN OAK SEC 8","302","Commercial","10/21/2021"
"YAMASA CO LTD","EDGEVIEW COURT  103","159A","P","008.00","000","159A P 00800 000","GLEN OAK SEC 8","306","Commercial","12/12/2022"
"YAMASA CO LTD","BRADFORD CIRCLE  164","159K","F","062.00","000","159K F 06200 000","BRADFORD SHADE SEC 3","64","Commercial","4/9/2021"
"YAMASA CO LTD","EDGEWATER PLACE  105","159M","E","004.00","000","159M E 00400 000","EDGEWATER SEC 2","15","Commercial","11/16/2023"
"YAMASA CO LTD","EDGEWATER COURT  115","159M","E","023.00","000","159M E 02300 000","EDGEWATER SEC 2","34","Commercial","9/10/2019"
"YAMASA CO LTD","NORTHLAKE DRIVE  107","159N","H","004.00","000","159N H 00400 000","NORTHLAKE SEC 14","4","Commercial","10/13/2021"
"YAMASA CO LTD","NORTHLAKE DRIVE  104","159N","H","063.00","000","159N H 06300 000","NORTHLAKE SEC 14","63","Commercial","9/25/2018"
"YAMASA CO LTD","SUMMERWOOD COURT  102","159N","H","078.00","000","159N H 07800 000","NORTHLAKE SEC 14","78","Commercial","9/26/2019"
"YAMASA CO LTD","TOWNSHIP DRIVE  159","160C","C","001.00","000","160C C 00100 000","HILLWOOD SEC. 4-C PA","53","Commercial","8/30/2019"
"YAMASA CO LTD","TOWNSHIP DRIVE  167","160C","C","005.00","000","160C C 00500 000","HILLWOOD SEC.4-C, PA","61","Commercial","3/26/2021"
"YAMASA CO LTD","ALRED CIRCLE  120","160D","B","033.00","000","160D B 03300 000","IRIS COVE","11","Commercial","10/10/2023"
"YAMASA CO LTD","SUMMERLAKE PLACE  125","163D","E","023.00","000","163D E 02300 000","SUMMERLAKE SEC 4 PH 1","7","Commercial","10/3/2023"
"YAMASA CO LTD","SUMMERLAKE PLACE  145","163D","E","039.00","000","163D E 03900 000","SUMMERLAKE SEC 5 PH 1","17","Commercial","9/7/2018"
"YAMASA CO LTD","DOVER COURT  106","163F","G","043.00","000","163F G 04300 000","HARBORTOWNE PH 3","180","Commercial","11/5/2019"
"YAMASA CO LTD","SOUTH CHESTNUT  101","163L","H","017.00","000","163L H 01700 000","HICKORY GROVE SEC 3","55","Commercial","10/15/2019"
"YAMASA CO LTD","RIVER BEND ROAD  115","163L","K","007.00","000","163L K 00700 000","GATES OF THE PENINSULA PH 3","4","Commercial","11/9/2021"
"YAMASA CO LTD","GATEWAY LANE  102","163L","K","013.00","000","163L K 01300 000","GATES OF THE PENINSULA PH 3","10","Commercial","4/23/2019"
"YAMASA CO LTD","RIVER BEND ROAD  104","163L","K","025.00","000","163L K 02500 000","GATES OF THE PENINSULA PH 3 SEC 2","20","Commercial","10/5/2021"
"YAMASA CO LTD","COLDWATER DRIVE  100","164C","E","025.00","000","164C E 02500 000","OTTER CREEK REVISION 1","25","Commercial","2/22/2023"
"YAMASA CO LTD","LAKESIDE PARK DRIVE  218","169A","G","040.00","000","169A G 04000 000","CANDLE WOOD SEC 3","16","Commercial","8/3/2019"
"YAMASA CO LTD","WALTON TRACE SOUTH  110","170L","G","026.00","000","170L G 02600 000","WALTON TRACE PH 2 RESUB 54+55","54","Commercial","1/11/2019"
"YAMASA CO LTD","DEER RIDGE LANE  116","172A","E","013.00","000","172A E 01300 000","WATERS EDGE SEC 2","41","Commercial","6/24/2019"
"YAMASA CO LTD A JAPANESE CORP","NORTHLAKE DRIVE  138","159N","H","042.00","000","159N H 04200 000","NORTHLAKE SEC 14","59","Commercial","3/26/2019"
"YAMASA CO LTD C/O PROGRESS NASHVILLE LLC","BOBBY COURT WEST  1000","118O","A","011.00","000","118O A 01100 000","MARCIE MOUNTAIN MEAD","5-5","Commercial","6/18/2021"
"YAMASSA CO LTD","BRADFORD CIRCLE  178","159K","E","003.00","000","159K E 00300 000","BRADFORD SHADE","7","Commercial","11/29/2018"
"YANG REALTY LLC","CORONADO CIRCLE PVT  339","145","","044.03","080","145    04403C080","BRIDGEMILL AT INDIAN LAKE VILLAGE","80","Commercial","5/13/2022"
"YANT ANDY YANT JULIE ETUX","WOODS ROAD","016","","078.04","000","016    07804 000","RAYMOND E FOSTER PRO","2","Commercial","6/17/2024"
"YANT ANDY YANT JULIE ETUX","NORTH STREET  123","033B","D","001.00","000","033B D 00100 000","VOSS ADD","52","Commercial","3/17/2021"
"YANT ANDY YANT JULIE ETUX","NORTH STREET  123","033B","D","002.00","000","033B D 00200 000","VOSS ADD","51","Commercial","3/17/2021"
"YARBROUGH ERIC & TANYA YARBROUGH","EMILY LANE  103","033O","D","006.00","000","033O D 00600 000","RICHLAND VILLAGE SUB","5","Commercial","7/12/2024"
"YASMASA CO LTD","SESSLER COURT  104","160E","H","006.00","000","160E H 00600 000","VAN LANG ESTATES","6-6","Commercial","3/10/2023"
"YELLOW FIN INC","52E HWY  404","033G","G","001.00","000","033G G 00100 000","HOY KIRKHAM","1","Commercial","9/30/2020"
"YORK VIRGIL RAY","WATER AVENUE SOUTH  1005","126N","G","006.00","000","126N G 00600 000","","","Commercial","9/12/1990"
"YORK VIRGIL RAY ETUX CYENTHA L","WATER AVENUE SOUTH  1001","126N","G","005.00","000","126N G 00500 000","","","Commercial","5/21/1996"
"YOUNG CONNIE","HILLS DALE DRIVE  111","160A","C","009.00","000","160A C 00900 000","TWIN VALLEY SEC 1","50","Commercial","12/12/2002"
"YOUNG JOHN ETUX DIANNE","CANFIELD PLACE  114","160M","C","023.00","007","160M C 02300C007","HENDERSONVILLE COURT","7","Commercial","6/24/2002"
"YOUNG KATHY","WATER AVENUE SOUTH  1102","135C","C","002.00","000","135C C 00200 000","LONGVIEW ESTATE ADD 3","LIST","Commercial","5/5/2006"
"YOUNG KAYLEE & TIMMY LEE YOUNG","HARTSVILLE PIKE  1201","112","","076.00","002","112    07600 002","","","Commercial","7/12/2024"
"YZ REAL ESTATE LLC","CAROL DRIVE  101","163E","B","013.00","000","163E B 01300 000","FERGUSSON ACRES","20","Commercial","5/20/2021"
"YZ REAL ESTATE LLC","HICKORY HEIGHTS DRIVE  118","164P","A","047.00","000","164P A 04700 000","WALNUT HILLS ESTATES SEC 1 PT 1","139","Commercial","5/20/2021"
"YZ REAL ESTATE LLC","ROBERTA DRIVE  120","170M","E","008.00","000","170M E 00800 000","DELRAY PARK ESTATES","11","Commercial","5/7/2026"
"YZ REAL ESTATE LLC","LINDA DRIVE  101","170M","F","008.00","000","170M F 00800 000","DELRAY PARK ESTATES","144","Commercial","5/20/2021"
"ZANGER JOSEPH T ETUX LINDA S","CLIF GARRETT DRIVE  135","077I","B","002.00","000","077I B 00200 000","CLIF GARRETT DRIVE S","2-2","Commercial","5/15/2009"
"ZARAGOZA SALVADOR","LOUISVILLE HWY  1257","121","","149.00","000","121    14900 000","","","Commercial","9/15/2020"
"ZEQIRI FITIM","DURHAM AVE N 230","126B","D","007.00","000","126B D 00700 000","","","Commercial","4/24/2025"
"ZHAMBALA HOLDINGS LLC","TYNE BAY DRIVE  208","159F","A","018.00","000","159F A 01800 000","TYNE ESTATES SEC 1","114","Commercial","4/26/2012"
"ZOEKAT INVESTMENTS LLC","PEPPERTREE LANE  164","114E","A","023.00","000","114E A 02300 000","TWIN EAGLES PH 2","22","Commercial","9/19/2023"
"ZOEKAT INVESTMENTS LLC","MATT COURT  110","135B","A","024.00","000","135B A 02400 000","GREEN WAVE PARK SEC 3","30","Commercial","9/19/2023"
"ZOEKAT INVESTMENTS LLC","MORRIS DRIVE EAST  201","135B","A","040.00","000","135B A 04000 000","GREEN WAVE PARK SEC 3","14","Commercial","9/19/2023"