YEAR,ENTITY,DEBT_NAME,ORIGINAL_AMOUNT,OUTSTANDING_FYE,PROJECT,DEBT_TYPE,HAS_DEBT,SOURCE_SHEET
2021,Adamsville-McNairy County Industrial Development Board,,,,,No Debt,False,2021
2021,Bledsoe County Industrial Development Corporation,,,,,No Debt,False,2021
2021,Cannon County Industrial Development Board,,,,,No Debt,False,2021
2021,Carter County Industrial Development Board,,,,,No Debt,False,2021
2021,City of Hendersonville Industrial Development Board,"$13,300,000 Multifamily Note (Governmental Waterview Apartments Project)",13300000.0,12646587.19,Waterview Apartments,Conduit,True,2021
2021,City of Hendersonville Industrial Development Board,"13,000,000 Educational Facility Revenue Refunding Bonds",13000000.0,2250000.0,Pope John Paul II High School,Conduit,True,2021
2021,City of Hendersonville Industrial Development Board,"5,925,000 Multifamily Bond (Hickory Pointe Apartments)",5925000.0,5130000.0,Hickory Pointe Apartments,Conduit,True,2021
2021,City of Trenton Economic and Industrial Development Board,Ed Norman,400000.0,23766.02,General debt,Direct,True,2021
2021,City of Trenton Economic and Industrial Development Board,Van Can 2013,400000.0,124206.17,Van Can,Conduit,True,2021
2021,Claiborne County Economic and Community Development Board,,,,,No Debt,False,2021
2021,Decaturville Industrial Development Board,,,,,No Debt,False,2021
2021,"Economic Development Growth Engine Industrial Development Board of the City of Memphis and County of Shelby, TN",EDGE Direct Note Obligation (EPPF Project) Series 2016A,25000000.0,23623300.0,"Finance capital improvements and capital expenditures for the constructing and equipping of an approximately 220,000 sq. ft. retail, entertainment and commercial facility known as Elvis Past Present and Future and pay costs of issuance.",Conduit,True,2021
2021,"Economic Development Growth Engine Industrial Development Board of the City of Memphis and County of Shelby, TN",EDGE Direct Note Obligation (EPPF Project) Series 2016B,25000000.0,14173980.0,"Finance capital improvements and capital expenditures for the constructing and equipping of an approximately 220,000 sq. ft. retail, entertainment and commercial facility known as Elvis Past Present and Future and pay costs of issuance.",Conduit,True,2021
2021,"Economic Development Growth Engine Industrial Development Board of the City of Memphis and County of Shelby, TN",EDGE Economic Development Bonds (City of Memphis Project) Series 2021A,19140000.0,19140000.0,"Provide funds for a loan to the City of Memphis which will be used by the city to (i) finance certain capital improvement projects within the city consisting of improvements to AutoZone Park stadium, the FedEx Forum arena, the Historic Melrose development and multifamily housing facilities to be occupied by persons of low or moderate income, elderly or handicapped persons; and (ii) pay certain costs of issuance.",Conduit,True,2021
2021,"Economic Development Growth Engine Industrial Development Board of the City of Memphis and County of Shelby, TN","EDGE Qualified Energy Conservation Bond, Series 2017",2142850.0,0.0,"Finance energy conservation installations and improvements to Southbrook Towne Center, including roofing demolition and replacement with energy efficient materials, HVAC systems, lighting, building envelope, electricity plug load, renewable energy technology, and costs of issuance.",Conduit,True,2021
2021,"Economic Development Growth Engine Industrial Development Board of the City of Memphis and County of Shelby, TN","EDGE Revenue Bonds, Series 2021",69635000.0,69635000.0,Proceeds loaned to the City of Memphis to pay together with other money (i) the cost of capital improvements to the public area of the city known as “Liberty Land” (ii) costs of issuance; (iii) fund the temporary Series 2021 Bonds Debt Service Reserve Fund; and (iv) pay or provide for the payment of the Series 2021 Bonds or any portion thereof.,Conduit,True,2021
2021,"Economic Development Growth Engine Industrial Development Board of the City of Memphis and County of Shelby, TN","EDGE Senior Tax Increment Revenue Bonds, Series 2017B",24430000.0,23115000.0,"Refinance the EDGE $84,000,000 Direct Note Obligation (Graceland) Series 2015A, fund additional Graceland development costs, fund the Series 2017 Debt Service Reserve and pay certain costs of issuance.",Conduit,True,2021
2021,"Economic Development Growth Engine Industrial Development Board of the City of Memphis and County of Shelby, TN","EDGE Special Project Revenue Obligation, Series 2014",400000.0,1743391.16,"(Serenity Recovery Centers, Inc. Project) Refinancing of taxable indebtedness, owed to a bank and a limited family partnership, previously incurred to finance the acquisition, construction and equipping of capital improvements to the facilities of Serenity Recovery Centers, Inc.’s facilities in Memphis, Tennessee and the acquisition, construction, renovation and equipping of $400,000 of improvements to a women’s dormitory facility in Memphis, Tennessee.",Conduit,True,2021
2021,"Economic Development Growth Engine Industrial Development Board of the City of Memphis and County of Shelby, TN","EDGE Subordinate Tax Increment Revenue Bonds, Series 2017C",24375000.0,24375000.0,"Refinance the EDGE $84,000,000 Direct Note Obligation (Graceland) Series 2015A, fund additional Graceland development costs, fund the Series 2017 Debt Service Reserve and pay certain costs of issuance.",Conduit,True,2021
2021,"Economic Development Growth Engine Industrial Development Board of the City of Memphis and County of Shelby, TN","EDGE Subordinate Tax Increment Revenue Bonds, Series 2017E",10000000.0,10000000.0,"Refinance the EDGE $84,000,000 Direct Note Obligation (Graceland) Series 2015A, fund additional Graceland development costs, fund the Series 2017 Debt Service Reserve and pay certain costs of issuance.",Conduit,True,2021
2021,"Economic Development Growth Engine Industrial Development Board of the City of Memphis and County of Shelby, TN","EDGE TDZ Revenue Refunding Bonds, Series 2017B",87725000.0,87725000.0,"Proceeds loaned to City of Memphis, and together with other available funds, will be used to refund and defease the Memphis Center City Revenue Finance Corporation Federally Taxable Senior Revenue Bonds, Series 2011A, Exempt Subordinate Revenue Bonds, Series 2011B and Federally Taxable Subordinate Revenue Bonds, Series 2011C (Pyramid and Pinch District Redevelopment Project) and pay certain costs of issuance.",Conduit,True,2021
2021,"Economic Development Growth Engine Industrial Development Board of the City of Memphis and County of Shelby, TN","EDGE TDZ Revenue Refunding Bonds, Series 2017C",34300000.0,25735000.0,"Proceeds loaned to City of Memphis, and together with other available funds, will be used to refund and defease the Memphis Center City Revenue Finance Corporation Federally Taxable Senior Revenue Bonds, Series 2011A, Exempt Subordinate Revenue Bonds, Series 2011B and Federally Taxable Subordinate Revenue Bonds, Series 2011C (Pyramid and Pinch District Redevelopment Project) and pay certain costs of issuance.",Conduit,True,2021
2021,"Economic Development Growth Engine Industrial Development Board of the City of Memphis and County of Shelby, TN",Economic Development Bonds (City of Memphis Project) Series 2021B,5115000.0,5115000.0,"Provide funds for a loan to the City of Memphis which will be used by the city to (i) finance certain capital improvement projects within the city consisting of improvements to AutoZone Park stadium, the FedEx Forum arena, the Historic Melrose development and multifamily housing facilities to be occupied by persons of low or moderate income, elderly or handicapped persons; and (ii) pay certain costs of issuance.",Conduit,True,2021
2021,"Economic Development Growth Engine Industrial Development Board of the City of Memphis and County of Shelby, TN","Memphis and Shelby County Port Commission Development Revenue Bonds, Series 2011",40795000.0,29740000.0,"Finance the costs of infrastructure improvements and development located at the Frank Pidgeon Industrial Park and design, engineering, permitting, site preparation, eviction and construction of an appliance manufacturing and assembly facility, warehouse and distribution facility, and regional headquarters facility for Electrolux Home Products, Inc.",Conduit,True,2021
2021,"Economic Development Growth Engine Industrial Development Board of the City of Memphis and County of Shelby, TN","Revenue Refunding Bond, Series 2019",7375000.0,,"Refund the $6,410,000 the Industrial Development Board of the City of Memphis and County of Shelby, Tennessee Variable Rate Refunding Revenue Bonds (YMCA Projects) Series 2010 and $3,150,000 The Industrial Development Board of the City of Memphis and County of Shelby, Tennessee Special Project Revenue Obligation (YMCA of Memphis and the Mid-South Project).",Conduit,True,2021
2021,"Economic Development Growth Engine Industrial Development Board of the City of Memphis and County of Shelby, TN","Senior Tax Increment Revenue Bonds, Series 2017A",40490000.0,39165000.0,"Refinance the EDGE $84,000,000 Direct Note Obligation (Graceland) Series 2015A, fund additional Graceland development costs, fund the Series 2017 Debt Service Reserve and pay certain costs of issuance.",Conduit,True,2021
2021,"Economic Development Growth Engine Industrial Development Board of the City of Memphis and County of Shelby, TN","Subordinate Tax Increment Revenue Bonds, Series 2017D",5005000.0,4975000.0,"Refinance the EDGE $84,000,000 Direct Note Obligation (Graceland) Series 2015A, fund additional Graceland development costs, fund the Series 2017 Debt Service Reserve and pay certain costs of issuance.",Conduit,True,2021
2021,"Economic Development Growth Engine Industrial Development Board of the City of Memphis and County of Shelby, TN","TDZ Revenue Refunding Bonds, Series 2017A",36215000.0,0.0,"Proceeds loaned to City of Memphis, and together with other available funds, will be used to refund and defease the Memphis Center City Revenue Finance Corporation Federally Taxable Senior Revenue Bonds, Series 2011A, Exempt Subordinate Revenue Bonds, Series 2011B and Federally Taxable Subordinate Revenue Bonds, Series 2011C (Pyramid and Pinch District Redevelopment Project) and pay certain costs of issuance.",Conduit,True,2021
2021,"Economic Development Growth Engine Industrial Development Board of the City of Memphis and County of Shelby, TN","The Industrial Development Board of the City of Memphis and County of Shelby, Tennessee Variable Rate Demand Revenue Bonds Series 2007A and Series 2007B",5600000.0,,"Finance or refinance the acquisition, renovation, construction and equipping of certain Boys and Girls Club facilities in the City of Memphis.",Conduit,True,2021
2021,Fayetteville-Lincoln County Industrial Development Board,Lease Revenue & Tax Refunding Bonds (Series 2007),4960000.0,4805000.0,Hospital Facility Project,Conduit,True,2021
2021,Fayetteville-Lincoln County Industrial Development Board,Lease Revenue & Tax Refunding Bonds (Series 2013),6735000.0,2165000.0,Hospital Facility Project,Conduit,True,2021
2021,Fayetteville-Lincoln County Industrial Development Board,Tax Increment Revenue Note (Series 2015 A & Series 2015 B),850000.0,262853.57,The Avenue at Lincoln Center,Direct,True,2021
2021,Gallatin Industrial Development Board,,,,,No Debt,False,2021
2021,Hancock County Industrial Development Board,,,,,No Debt,False,2021
2021,Hartsville/Trousdale County Industrial Development Board,,,,,No Debt,False,2021
2021,Hawkins County Industrial Development Board,,,,,No Debt,False,2021
2021,"Industrial Board of Coffee County, Tennessee, Inc.",Citizen's Tri-County Bank,721000.0,700515.42,Economic development for the purpose of industrial recruitment,Direct,True,2021
2021,"Industrial Board of Coffee County, Tennessee, Inc.",Duck River Electric Membership Corporation,360000.0,345000.0,Economic Development for the purpose of industrial recruitment,Direct,True,2021
2021,"Industrial Board of Coffee County, Tennessee, Inc.",Tennessee Valley Authority,500000.0,490428.55,Economic Development for the purpose of industrial recruitment,Direct,True,2021
2021,"Industrial Board of the Town of Bruceton, Tennessee",,,,,No Debt,False,2021
2021,Industrial Development Authority of Overton County,,,,,No Debt,False,2021
2021,Industrial Development Board of Blount County and the Cities of Alcoa and Maryville,Ind. Spec. Bldg. Loan,630000.0,130299.0,Construction of Industrial Spec Building,Direct,True,2021
2021,Industrial Development Board of Blount County and the Cities of Alcoa and Maryville,Maryville Civic Arts Center Project,32300000.0,6500000.0,Clayton Center for the Arts Construction Note,Conduit,True,2021
2021,Industrial Development Board of Blount County and the Cities of Alcoa and Maryville,R&D Park Note,5000000.0,4661071.0,Construction of R&D Park,Direct,True,2021
2021,Industrial Development Board of Blount County and the Cities of Alcoa and Maryville,R&D Park Note,5000000.0,4992143.0,Construction of R&D Park,Direct,True,2021
2021,Industrial Development Board of Blount County and the Cities of Alcoa and Maryville,R&D Park Note,5000000.0,4840320.0,Construction of R&D Park,Direct,True,2021
2021,Industrial Development Board of Blount County and the Cities of Alcoa and Maryville,R&D Park Notes,5000000.0,4969769.0,Construction of R&D Park,Direct,True,2021
2021,"Industrial Development Board of Brownsville, Tennessee",,,,,No Debt,False,2021
2021,"Industrial Development Board of Campbell County, Tennessee",,,,,No Debt,False,2021
2021,Industrial Development Board of Cheatham County,"Revenue Bond (Cumberland Heights Foundation, Inc. Project) S2018",6000000.0,1750000.0,Construction and equipping of rehabilitation facility,Conduit,True,2021
2021,"Industrial Development Board of Crockett County, Tennessee",,,,,No Debt,False,2021
2021,"Industrial Development Board of Cumberland County, Tennessee",,,,,No Debt,False,2021
2021,"Industrial Development Board of DeKalb County, Tennessee",,,,,No Debt,False,2021
2021,Industrial Development Board of Dyer County,Tax Increment Revenue Note,3000000.0,2850000.0,The Commons Retail Development Project,Conduit,True,2021
2021,Industrial Development Board of Erin,,,,,No Debt,False,2021
2021,"Industrial Development Board of Fentress County, Inc.",,,,,No Debt,False,2021
2021,Industrial Development Board of Franklin County,Industrial Development Board - Land,822666.0,80648.0,Purchase Property for Industrial Use,Direct,True,2021
2021,"Industrial Development Board of Gibson County, Tennessee",,,,,No Debt,False,2021
2021,"Industrial Development Board of Grainger County, Tennessee",,,,,No Debt,False,2021
2021,Industrial Development Board of Grundy County,,,,,No Debt,False,2021
2021,Industrial Development Board of Hamilton County,Tennessee Aquarium - Series 2020A & Series 2020B,16000000.0,,Tennessee Aquarium,Conduit,True,2021
2021,"Industrial Development Board of Humphreys County, TN",,,,,No Debt,False,2021
2021,"Industrial Development Board of Jefferson County, Tennessee",,,,,No Debt,False,2021
2021,Industrial Development Board of Jonesborough,,,,,No Debt,False,2021
2021,Industrial Development Board of Knox County,"Boys & Girls Club of the TN Valley, Series 2020, 1/31/2020",8792873.58,1475000.0,Boys & Girls Club,Conduit,True,2021
2021,Industrial Development Board of Knox County,"Knoxville Zoological Gardens, Inc., Series 2019, 8/23/2019",15000000.0,2457537.84,Zoo Knoxville,Conduit,True,2021
2021,Industrial Development Board of Knox County,"Tax Increment Revenue Note, Series 2011A, 9/30/2011",6000000.0,0.0,Northshore Town Center,Direct,True,2021
2021,Industrial Development Board of Knox County,"Tax Increment Revenue Note, Series 2011B, 9/30/2011",3000000.0,0.0,Northshore Town Center,Direct,True,2021
2021,Industrial Development Board of Knox County,"Tax Increment Revenue Note, Series 2019A, 11/12/2019",2000000.0,2000000.0,Grassy Creek,Direct,True,2021
2021,Industrial Development Board of Knox County,"Tax Increment Revenue Note, Series 2019B, 11/12/2019",500000.0,500000.0,Grassy Creek,Direct,True,2021
2021,Industrial Development Board of Knox County,"Tax Increment Revenue Note, Series 2020, 12/22/2020",2507841.21,1878642.15,Northshore Town Center,Direct,True,2021
2021,Industrial Development Board of Knox County,"The Change Center, Series 2017, 7/31/2017",2300000.0,964778.36,The Change Center,Conduit,True,2021
2021,Industrial Development Board of Knox County,"Young Men's Christian Assoc. of ETN, Series 2019, 8/16/2019",5500000.0,3652611.98,YMCA of East TN,Conduit,True,2021
2021,"Industrial Development Board of Lake County, Tennessee",,,,,No Debt,False,2021
2021,"Industrial Development Board of Lauderdale County, Tennessee",,,,,No Debt,False,2021
2021,Industrial Development Board of Loudon County,,,,,No Debt,False,2021
2021,Industrial Development Board of Marion County,,,,,No Debt,False,2021
2021,Industrial Development Board of McMinn County,Armstrong Promissory Note - 2017,1695900.0,1222216.0,Land acquisition for expansion of North Etowah Industrial Park,Direct,True,2021
2021,Industrial Development Board of McMinn County,Revenue Bond - 2012,5000000.0,1375000.0,Creative Foam Corporation Project Limited Obligation Revenue Bond,Conduit,True,2021
2021,Industrial Development Board of McMinn County,Revenue Refunding Bond - 2012,9383150.0,7334864.0,Tennessee Wesleyan College Educational Facilities Revenue Refunding Bonds,Conduit,True,2021
2021,Industrial Development Board of McMinn County,Tax Increment Financing Note - 2016,800000.0,800000.0,Madison Park Redevelopment,Non-Debt,True,2021
2021,Industrial Development Board of McMinnville-Warren County,Caney Fork Electric Coop,740000.0,95920.0,Building Sansin,Direct,True,2021
2021,Industrial Development Board of McMinnville-Warren County,Caney Fork Electric Coop,300000.0,87500.0,Building - DN Plastics,Direct,True,2021
2021,Industrial Development Board of McMinnville-Warren County,Caney Fork Electric Coop,2000000.0,596650.0,Building - DN Plastics,Direct,True,2021
2021,Industrial Development Board of McMinnville-Warren County,Caney Fork Electric Coop,205000.0,51561.0,Building Magness Dr,Direct,True,2021
2021,Industrial Development Board of McMinnville-Warren County,Caney Fork Electric Coop,300000.0,41667.0,Building Sansin,Direct,True,2021
2021,Industrial Development Board of McMinnville-Warren County,Housing Urban Bond,3205000.0,2865000.0,Beersheba Tower Housing,Conduit,True,2021
2021,Industrial Development Board of McMinnville-Warren County,Tennessee Valley Authority,1870000.0,1198231.0,Building - Sansin,Direct,True,2021
2021,Industrial Development Board of McMinnville-Warren County,Tennessee Valley Authority,1000000.0,325231.0,Building - MPC,Direct,True,2021
2021,Industrial Development Board of McMinnville-Warren County,Tennessee Valley Authority,1200000.0,705411.0,Building -DN Plastics,Direct,True,2021
2021,Industrial Development Board of Meigs County and the City of Decatur,,,,,No Debt,False,2021
2021,Industrial Development Board of Metropolitan Nashville and Davidson County,Adjustable Rate Industrial Development Revenue Bonds Series 1999,5000000.0,600000.0,"Steel Coils, Inc. Project",Conduit,True,2021
2021,Industrial Development Board of Metropolitan Nashville and Davidson County,Adjustable Rate Revenue Refunding Bonds Series 2005,4850000.0,285296.0,Nashville Public Radio Project,Conduit,True,2021
2021,Industrial Development Board of Metropolitan Nashville and Davidson County,Country Music Foundation 2010,23200000.0,14693337.0,Country Music Hall of Fame,Conduit,True,2021
2021,Industrial Development Board of Metropolitan Nashville and Davidson County,Educational Facilities Revenue Bond Series 2010,6716460.0,4253758.0,Saint Paul Christian Academy,Conduit,True,2021
2021,Industrial Development Board of Metropolitan Nashville and Davidson County,Educational Facilities Revenue Bonds Series 2003B,7500000.0,750000.0,David Lipscomb University Project,Conduit,True,2021
2021,Industrial Development Board of Metropolitan Nashville and Davidson County,Educational Facilities Revenue Bonds Series 2004,2900000.0,435000.0,St. Bernard Academy Project,Conduit,True,2021
2021,Industrial Development Board of Metropolitan Nashville and Davidson County,Educational Facilities Revenue Bonds Series 2007,1400000.0,420000.0,Watkins Institute Project,Conduit,True,2021
2021,Industrial Development Board of Metropolitan Nashville and Davidson County,Educational Facilities Revenue Refunding Bonds Series 2003,6500000.0,650000.0,Trevecca Nazarene University Project,Conduit,True,2021
2021,Industrial Development Board of Metropolitan Nashville and Davidson County,Educational Facilities Revenue Refunding and Improvement Bonds Series 2002,8000000.0,400000.0,University School of Nashville Project,Conduit,True,2021
2021,Industrial Development Board of Metropolitan Nashville and Davidson County,HCA Series 2012,100000000.0,70000003.0,HCA Personal Property,Conduit,True,2021
2021,Industrial Development Board of Metropolitan Nashville and Davidson County,HCA Series 2012,100000000.0,70000003.0,HCA Real Property,Conduit,True,2021
2021,Industrial Development Board of Metropolitan Nashville and Davidson County,Industrial Development Bond 2012,260000000.0,164666663.0,HCA West End Summit Project,Conduit,True,2021
2021,Industrial Development Board of Metropolitan Nashville and Davidson County,Industrial Development Revenue Bonds Series 2001,4000000.0,800000.0,"L & S, LLC Project",Conduit,True,2021
2021,Industrial Development Board of Metropolitan Nashville and Davidson County,Life Point Series 2012,50000000.0,34999997.0,Life Point Project- Real Property,Conduit,True,2021
2021,Industrial Development Board of Metropolitan Nashville and Davidson County,Life Point Series 2012,30000000.0,21000000.0,Life Point Project-Personal Property,Conduit,True,2021
2021,Industrial Development Board of Metropolitan Nashville and Davidson County,Mortgage Revenue Bonds Series 1982,3303353.0,82576.0,FHA Insured Mortgage Loan - Margaret Robertson Garden Apartments Section 8 Assisted Project,Conduit,True,2021
2021,Industrial Development Board of Metropolitan Nashville and Davidson County,Mortgage Revenue Bonds Series 1983,6838879.0,341943.0,FHA Insured Mortgage Loan Graybrook Apartments Project,Conduit,True,2021
2021,Industrial Development Board of Metropolitan Nashville and Davidson County,Mortgage Revenue Bonds Series 1983,9060000.0,453000.0,FHA Insured Mortgage Loan - Beechwood Terrace Apartments Project,Conduit,True,2021
2021,Industrial Development Board of Metropolitan Nashville and Davidson County,Mortgage Revenue Bonds Series 1984,9995000.0,749625.0,FHA Insured Mortgage Loan - Belle Valley Apartments Project,Conduit,True,2021
2021,Industrial Development Board of Metropolitan Nashville and Davidson County,Mortgage Revenue Bonds Series 1985,8500000.0,850000.0,"FHA Insures Mortgage Loan - Picadilly Apartments, II Project",Conduit,True,2021
2021,Industrial Development Board of Metropolitan Nashville and Davidson County,Mortgage Revenue Bonds Series 1985,6375194.0,637514.0,FHA Insured Mortgage Loan - Brookridge Apartments Project,Conduit,True,2021
2021,Industrial Development Board of Metropolitan Nashville and Davidson County,Mortgage Revenue Bonds Series 1985,3761899.0,376206.0,FHA Insured Mortgage Loan - Pebble Creek Apts. Project,Conduit,True,2021
2021,Industrial Development Board of Metropolitan Nashville and Davidson County,Mortgage Revenue Bonds Series 1985,7151214.0,715133.0,FHA Insured Mortgage Loan - Western Hills Apartment Project,Conduit,True,2021
2021,Industrial Development Board of Metropolitan Nashville and Davidson County,Multi-Family Housing Revenue Bonds Series 1997,3425000.0,684992.0,"Nashville-Maplecrest, Inc. Project",Conduit,True,2021
2021,Industrial Development Board of Metropolitan Nashville and Davidson County,Multi-Family Housing Revenue Refunding Bonds Series 1998,6620000.0,1544659.0,St. Paul Retirement Center,Conduit,True,2021
2021,Industrial Development Board of Metropolitan Nashville and Davidson County,Multi-family Housing Revenue Bonds Series 1998,2270000.0,302658.0,"Nashville-Thompson Place, Inc. Project",Conduit,True,2021
2021,Industrial Development Board of Metropolitan Nashville and Davidson County,Multifamily Housing Revenue Bonds 1983,10129163.0,964665.0,"FHA Insured Mortgage Loan - The Hermitage ""A"" Apartments Project",Conduit,True,2021
2021,Industrial Development Board of Metropolitan Nashville and Davidson County,Multifamily Housing Revenue Bonds Series 1985,13250000.0,1325000.0,Arbor Crest Project,Conduit,True,2021
2021,Industrial Development Board of Metropolitan Nashville and Davidson County,Multifamily Housing Revenue Bonds Series 1985,13400000.0,1340000.0,Arbor Knoll Project,Conduit,True,2021
2021,Industrial Development Board of Metropolitan Nashville and Davidson County,Multifamily Housing Revenue Bonds Series 2008,9105000.0,6145875.0,Hickory Hollow Apartments Project,Conduit,True,2021
2021,Industrial Development Board of Metropolitan Nashville and Davidson County,Multifamily Housing Revenue Refunding Bonds 1993 Series A,15500000.0,1033324.0,Arbors Projects,Conduit,True,2021
2021,Industrial Development Board of Metropolitan Nashville and Davidson County,Multifamily Housing Revenue Refunding Bonds Series 1994,23750000.0,2374991.0,Ridgelake Apartments Project,Conduit,True,2021
2021,Industrial Development Board of Metropolitan Nashville and Davidson County,Multifamily Housing Revenue Refunding Bonds Series 1994,21000000.0,2100000.0,Stewarts Ferry Apartments Project,Conduit,True,2021
2021,Industrial Development Board of Metropolitan Nashville and Davidson County,Multifamily Housing Revenue Refunding Bonds Series 1996A,2915000.0,485825.0,"River Retreat II, Ltd. Project",Conduit,True,2021
2021,Industrial Development Board of Metropolitan Nashville and Davidson County,Multifamily Housing Revenue Refunding Bonds Series 1996A,2205000.0,367500.0,Glastonbury Woods Ltd. Project,Conduit,True,2021
2021,Industrial Development Board of Metropolitan Nashville and Davidson County,Multifamily Housing Revenue Refunding Bonds Series 2000A,3300000.0,1064508.0,GNMA Collateralized - Valley Forge Apartments Project,Conduit,True,2021
2021,Industrial Development Board of Metropolitan Nashville and Davidson County,Multifamily Housing Revenue Refunding Bonds Series 2002,14205000.0,5208500.0,Spinnaker Cove Apartments Project,Conduit,True,2021
2021,Industrial Development Board of Metropolitan Nashville and Davidson County,Multifamily Housing Revenue Refunding Bonds Series 2004,6645000.0,2879500.0,The Park at Hermitage Project,Conduit,True,2021
2021,Industrial Development Board of Metropolitan Nashville and Davidson County,Multifamily Housing Revenue Refunding Bonds Series 2006,8075000.0,4037495.0,Summit Apartments Project,Conduit,True,2021
2021,Industrial Development Board of Metropolitan Nashville and Davidson County,Multifamily Mortgage Revenue Refunding Bonds Series 2001A,8195000.0,2731660.0,GNMA Collateralized - Beechwood Terrace Apartments Project,Conduit,True,2021
2021,Industrial Development Board of Metropolitan Nashville and Davidson County,Revenue Bond 2010,3500000.0,2216663.0,"Derby Fabricating, LLC",Conduit,True,2021
2021,Industrial Development Board of Metropolitan Nashville and Davidson County,Revenue Bond Series 2010,2900000.0,1933330.0,"Goodwill Industries of Middle Tennesse, Inc. Project",Conduit,True,2021
2021,Industrial Development Board of Metropolitan Nashville and Davidson County,Revenue Bonds Series 1999,27000000.0,1173914.0,Country Music Hall of Fame and Museum Project,Conduit,True,2021
2021,Industrial Development Board of Metropolitan Nashville and Davidson County,Revenue Bonds Series 2002,6500000.0,325000.0,Second Harvest Food Bank Project,Conduit,True,2021
2021,Industrial Development Board of Metropolitan Nashville and Davidson County,Revenue Bonds Series 2008,4000000.0,1920000.0,Oasis Center Project,Conduit,True,2021
2021,Industrial Development Board of Metropolitan Nashville and Davidson County,Revenue Bonds Series 2008,3000000.0,1440000.0,STARS Nashville Project,Conduit,True,2021
2021,Industrial Development Board of Metropolitan Nashville and Davidson County,"Revenue Bonds, Series A 1984",6075000.0,911250.0,"Dixie Electrotype Company, Inc. Project",Conduit,True,2021
2021,Industrial Development Board of Metropolitan Nashville and Davidson County,Revenue Refunding Bond 2012,3400000.0,2380003.0,Nashville Public Radio,Conduit,True,2021
2021,Industrial Development Board of Metropolitan Nashville and Davidson County,Revenue Refunding Bond 2012,57000000.0,39900000.0,YMCA Projects,Conduit,True,2021
2021,Industrial Development Board of Metropolitan Nashville and Davidson County,Revenue Refunding Bond 2014 Series A,5000000.0,231475.0,Montgomery Bell Academy,Conduit,True,2021
2021,Industrial Development Board of Metropolitan Nashville and Davidson County,Revenue Refunding Bond 2014 Series B,10000000.0,462965.0,Montgomery Bell Academy,Conduit,True,2021
2021,Industrial Development Board of Metropolitan Nashville and Davidson County,Revenue Refunding Bond 2014 Series C,8328266.0,385568.0,Montgomery Bell Academy,Conduit,True,2021
2021,Industrial Development Board of Metropolitan Nashville and Davidson County,Revenue Refunding Bonds,30000000.0,16800000.0,Montgomery Bell Academy,Conduit,True,2021
2021,Industrial Development Board of Metropolitan Nashville and Davidson County,Revenue Refunding Bonds Series 2003,42340000.0,4234000.0,David Lipscomb University Project,Conduit,True,2021
2021,Industrial Development Board of Metropolitan Nashville and Davidson County,Subordinate Multifamily Housing Revenue Bonds (Preserve at Highland Ridge Project),1725000.0,1365625.0,Preserve at Highland Ridge Project,Conduit,True,2021
2021,Industrial Development Board of Metropolitan Nashville and Davidson County,Tax-Exempt Adjustable Mode Exempt Facilities Revenue Bonds Series 2001,10000000.0,3333340.0,"Waste Management, Inc. of Tennessee Project",Conduit,True,2021
2021,Industrial Development Board of Metropolitan Nashville and Davidson County,Variable Rate Demand Multifamily Housing Revenue Bonds Series 2003,19985000.0,7993994.0,Stewarts Ferry Apartments Project,Conduit,True,2021
2021,Industrial Development Board of Metropolitan Nashville and Davidson County,Variable Rate Demand Multifamily Housing Revenue Refunding Bonds Series 2003,4750000.0,1900006.0,Hickory Trace Apartments,Conduit,True,2021
2021,Industrial Development Board of Metropolitan Nashville and Davidson County,Variable Rate Demand Multifamily Housing Revenue Refunding Bonds Series 2004,22554000.0,9773400.0,Ridgelake Apartments Project,Conduit,True,2021
2021,Industrial Development Board of Metropolitan Nashville and Davidson County,"Variable Rate Demand Multifamily Housing Revenue Refunding Bonds, Series A 1997",8540000.0,1707992.0,Crossings of Bellevue Apartments Project,Conduit,True,2021
2021,Industrial Development Board of Metropolitan Nashville and Davidson County,Variable Rate Demand Revenue Bonds Series 2005,14000000.0,5040000.0,Franklin Road Academy Project,Conduit,True,2021
2021,Industrial Development Board of Metropolitan Nashville and Davidson County,Variable Rate Demand Revenue Bonds Series 2006,4600000.0,1463635.0,Trevecca Nazarene University Project,Conduit,True,2021
2021,Industrial Development Board of Metropolitan Nashville and Davidson County,Variable Rate Demand Revenue Bonds Series 2006,23000000.0,7318175.0,Unknown,Conduit,True,2021
2021,Industrial Development Board of Metropolitan Nashville and Davidson County,Variable Rate Demand Revenue Bonds Series 2008,11160000.0,7533000.0,Lipscomb University Project,Conduit,True,2021
2021,Industrial Development Board of Metropolitan Nashville and Davidson County,Variable Rate Revenue Bonds Series 2003,5200000.0,520000.0,Donelson Christian Academy Project,Conduit,True,2021
2021,Industrial Development Board of Metropolitan Nashville and Davidson County,Variable Rate Revenue Bonds Series 2004,102000000.0,33999996.0,Nashville Symphony Hall Project,Conduit,True,2021
2021,Industrial Development Board of Metropolitan Nashville and Davidson County,Variable Rate Revenue Bonds Series 2007,31440000.0,9432000.0,YMCA Projects,Conduit,True,2021
2021,Industrial Development Board of Metropolitan Nashville and Davidson County,Variable Rate Revenue Bonds Series A 2003,16500000.0,5892852.0,Nashville Symphony Hall Project,Conduit,True,2021
2021,Industrial Development Board of Metropolitan Nashville and Davidson County,Wonton Food Revenue Bonds,10000000.0,8000002.0,Wonton Food,Conduit,True,2021
2021,"Industrial Development Board of Perry County, Tennessee","Roof for Fisher Building (NYX, Inc.) 2012",1200000.0,475000.0,New roof for factory building owned by IDB,Direct,True,2021
2021,Industrial Development Board of Pickett County,,,,,No Debt,False,2021
2021,Industrial Development Board of Pigeon Forge,"Public Facility Bonds, Series 2011",49445000.0,44900000.0,Pigeon Forge Events Center,Direct,True,2021
2021,Industrial Development Board of Pigeon Forge,"Revenue Bonds, Series 2015",2000000.0,,PFWV Project - Retail Center,Conduit,True,2021
2021,Industrial Development Board of Roane County,,,,,No Debt,False,2021
2021,Industrial Development Board of Robertson County,,,,,No Debt,False,2021
2021,Industrial Development Board of Rutherford County,,,,,No Debt,False,2021
2021,"Industrial Development Board of Scott County, Tennessee",Industrial Development Board of Scott County,571842.03,571842.03,Airport Buildings,Direct,True,2021
2021,"Industrial Development Board of Scott County, Tennessee",Industrial Development Board of Scott County 2020,443084.28,447535.49,Airport Buildings,Direct,True,2021
2021,"Industrial Development Board of Scott County, Tennessee","J&M Grading Division , LLC 2015",1400000.0,1139622.38,J& M Grading,Conduit,True,2021
2021,"Industrial Development Board of Scott County, Tennessee","Takahata Precision Tennessee, Inc. , 2003",1008509.0,298254.31,Takahata Building #2,Conduit,True,2021
2021,"Industrial Development Board of Scott County, Tennessee","Takahata Precision Tennessee, Inc. 2013",1270867.0,173585.26,Takahata Building #1,Conduit,True,2021
2021,"Industrial Development Board of Scott County, Tennessee","Takahata Precision Tennessee, Inc. 2016",425000.0,239582.85,Takahata Building #3,Conduit,True,2021
2021,"Industrial Development Board of Scott County, Tennessee",Taylor Holdings 2012,500000.0,237951.86,Tree Products/Industrial Lane,Conduit,True,2021
2021,"Industrial Development Board of Scott County, Tennessee",Thompson Medical Clinic 2020,1010000.0,868341.89,Medical Clinic,Conduit,True,2021
2021,Industrial Development Board of Smith County,no debt,0.0,,no debt,Non-Debt,True,2021
2021,Industrial Development Board of South Pittsburg,,,,,No Debt,False,2021
2021,Industrial Development Board of Stewart County,,,,,No Debt,False,2021
2021,Industrial Development Board of Stewart-Houston Counties,2014 spec building,800000.0,508616.0,2014 Spec Building,Direct,True,2021
2021,Industrial Development Board of Stewart-Houston Counties,Interloan with Stewart Houston Industrial Park Board,1.0,1246806.0,Building loan,Direct,True,2021
2021,"Industrial Development Board of Unicoi County, Tennessee",Tax Increment Revenue Note (Series 2019),600000.0,539049.0,Erwin Gateway Development,Direct,True,2021
2021,"Industrial Development Board of Wayne County, Tennessee",,,,,No Debt,False,2021
2021,Industrial Development Board of Weakley County,TVA Loan-2007,738338.0,432240.16,Spec building-Martin TN,Direct,True,2021
2021,"Industrial Development Board of White County, Tennessee","IDB Revenue Bonds, Series 2009",3700000.0,,Project Taco Metals,Conduit,True,2021
2021,"Industrial Development Board of White County, Tennessee","Promissory Note, Series 2007",1400000.0,600524.0,Project HMMI,Conduit,True,2021
2021,Industrial Development Board of Williamson County,"$7,000,000 Educational Facilities Revenue Bond (Currey Ingram Academy Project), Seriies 2019",7000000.0,4783895.5,Provide funding to construct a 32-student dormitory to begin a residential program,Conduit,True,2021
2021,Industrial Development Board of Williamson County,"Industrial Development Revenue Note, Series A (Lampo Project); Issued on October 31, 2017",98000000.0,58877884.0,Construction of central business office,Conduit,True,2021
2021,Industrial Development Board of Williamson County,"Tennessee Industrial Development Revenue Bonds (Tractor Supply Project), Series 2012",78000000.0,75260394.99,"To develop, construct, and equip a new facility to be used as the Company's new headquarters.",Non-Debt,True,2021
2021,Industrial Development Board of Williamson County,"The Industrial Development Board of Williamson County, Tennessee Educational Facilities Revenue Refunding Bonds (Brentwood Academy Project) Series 2009",7925000.0,2510000.0,"The Industrial Development Board of Williamson County, Tennessee Educational Facilities Revenue Refunding Bonds (Brentwood Academy Project) Series 2009 – Purpose: Refinance Series 2005 Bonds",Conduit,True,2021
2021,Industrial Development Board of Williamson County,"The Industrial Development Board of Williamson County, Tennessee, Educational Facilities Revenue Refunding Bonds (Currey Ingram Academy Project) Series 2009",6105000.0,985000.0,Currey Ingram Academy Project – refinancing of prior debt the proceeds of which were used to finance acquisition and construction of facilities on the Conduit Borrower’s campus.,Conduit,True,2021
2021,Industrial Development Board of Williamson County,"The Industrial Development Board of Williamson County, Tennessee, Educational Facilities Revenue Refunding Bonds (St. Matthew School Project) Series 2009",2050000.0,660000.0,St. Matthews School Project. Refinanced prior debt the proceeds of which were used to acquisition and construction on the Conduit Borrower’s campus,Conduit,True,2021
2021,Industrial Development Board of Wilson County,Kenwal 2007,10000000.0,,"Kenwal Steel Tennessee, LLC",Conduit,True,2021
2021,"Industrial Development Board of the City of Alamo, Tennessee",,,,,No Debt,False,2021
2021,"Industrial Development Board of the City of Alcoa, Tennessee",,,,,No Debt,False,2021
2021,Industrial Development Board of the City of Arlington,,,,,No Debt,False,2021
2021,"Industrial Development Board of the City of Bartlett, Tennessee",,,,,No Debt,False,2021
2021,"Industrial Development Board of the City of Berry Hill, Tennessee",,,,,No Debt,False,2021
2021,"Industrial Development Board of the City of Bolivar, Tennessee",,,,,No Debt,False,2021
2021,"Industrial Development Board of the City of Bradford, TN",,,,,No Debt,False,2021
2021,"Industrial Development Board of the City of Bristol, Tennessee","State Sales Tax Revenue Bonds (The Pinnacle Project), Series 2016A, dated November 22, 2016",91085000.0,91085000.0,Pinnacle Project (State Sales Tax Revenue Supported Bonds),Direct,True,2021
2021,"Industrial Development Board of the City of Bristol, Tennessee","State Sales Tax Revenue Capital Appreciation Bonds (The Pinnacle Project), Series 2016B, dated November 22, 2016",29515400.2,24188918.0,Pinnacle Project (State Sales Tax Revenue Supported Bonds),Direct,True,2021
2021,"Industrial Development Board of the City of Bristol, Tennessee","Subordinate Tax Increment Revenue Bonds (Pinnacle Project), Series 2016B, dated November 30, 2016",3680000.0,2825000.0,Pinnacle Project (Property Tax Supported Bonds),Direct,True,2021
2021,"Industrial Development Board of the City of Bristol, Tennessee","Tax Increment Revenue Bonds (Pinnacle Project), Series 2016, dated November 30, 2016",30020000.0,28410000.0,Pinnacle Project (Property Tax Supported Bonds),Direct,True,2021
2021,"Industrial Development Board of the City of Brownsville and Haywood County, Tennessee",,,,,No Debt,False,2021
2021,"Industrial Development Board of the City of Chattanooga, Tennessee",2018A IDB Refunding,32235000.0,30490000.0,Refund 2007,Direct,True,2021
2021,"Industrial Development Board of the City of Chattanooga, Tennessee",2018C IDB Refunding,28200000.0,19485000.0,Refund 2010 Series,Direct,True,2021
2021,"Industrial Development Board of the City of Chattanooga, Tennessee",Black Creek Mountain,9000000.0,8930117.0,Black Creek Mountain,Direct,True,2021
2021,"Industrial Development Board of the City of Chattanooga, Tennessee",Blue Cross Blue Shield 2021,200000000.0,200000000.0,Blue Cross Blue Shield,Direct,True,2021
2021,"Industrial Development Board of the City of Chattanooga, Tennessee",East Chattanooga Rising,4000000.0,3985232.0,Nippon Paint Auto Company,Direct,True,2021
2021,"Industrial Development Board of the City of Chattanooga, Tennessee",Pinnacle Bank 2018,3500000.0,3436747.0,Evergreen Real Estate Riverwalk,Direct,True,2021
2021,"Industrial Development Board of the City of Chattanooga, Tennessee",YMCA 2020,6900000.0,1898308.0,YMCA 2020,Direct,True,2021
2021,Industrial Development Board of the City of Cleveland,,,,,No Debt,False,2021
2021,Industrial Development Board of the City of Collinwood,,,,,No Debt,False,2021
2021,"Industrial Development Board of the City of Columbia, Tennessee","2016 Industrial Development Revenue Note, Series A (Project Summer)",3620000.0,0.0,Project Summer,Conduit,True,2021
2021,Industrial Development Board of the City of Cookeville,"Industrial Development Revenue Note, Series 2007, Averitt Incorporated Project (2007)",8000000.0,,Averitt Express Call Center Project,Conduit,True,2021
2021,Industrial Development Board of the City of Cookeville,"Industrial Development Revenue Note, Series 2011, Perdue Project (2011)",20000000.0,,Perdue Project,Conduit,True,2021
2021,Industrial Development Board of the City of Cookeville,"Industrial Development Revenue Note, Series 2017, Shoppes at Eagle Pointe Project (2017)",6500000.0,,Shoppes at Eagle Pointe,Conduit,True,2021
2021,Industrial Development Board of the City of Cookeville,"Industrial Development Revenue Note, Series A, ATC Project (2016)",8100000.0,,ATC Automation Project,Conduit,True,2021
2021,Industrial Development Board of the City of Cookeville,"Industrial Development Revenue Note, Series A, Academy Project (2014)",90000000.0,,Academy Sports & Outdoors,Conduit,True,2021
2021,Industrial Development Board of the City of Cookeville,"Industrial Development Revenue Note, Series A, Oreck Manufacturing Project (2010)",29139932.0,,Oreck Project,Conduit,True,2021
2021,Industrial Development Board of the City of Cookeville,"Industrial Development Revenue Note, Series A, Series A (facility), FICOSA (2015)",1433600.0,,FICOSA Project,Conduit,True,2021
2021,Industrial Development Board of the City of Dayton,311 Greenway BLVD 2011,1100000.0,,Purchase of Building,Direct,True,2021
2021,Industrial Development Board of the City of Dresden,,,,,No Debt,False,2021
2021,Industrial Development Board of the City of Dunlap,,,,,No Debt,False,2021
2021,Industrial Development Board of the City of Dyer,,,,,No Debt,False,2021
2021,Industrial Development Board of the City of East Ridge,,,,,No Debt,False,2021
2021,"Industrial Development Board of the City of Elizabethton, Tennessee",,,,,No Debt,False,2021
2021,"Industrial Development Board of the City of Fairview, Tennessee",,,,,No Debt,False,2021
2021,Industrial Development Board of the City of Franklin,"Taxable Tax Increment Refunding Revenue Bonds, 2015",12350000.0,1693350.0,Refund a 2005 Issue,Conduit,True,2021
2021,Industrial Development Board of the City of Friendship,,,,,No Debt,False,2021
2021,"Industrial Development Board of the City of Germantown, Tennessee",,,,,No Debt,False,2021
2021,Industrial Development Board of the City of Goodlettsville,,,,,No Debt,False,2021
2021,Industrial Development Board of the City of Greenfield,Loan for Industry - Hwy 45,292500.0,209004.63,Financing of New Facility - Hwy 45,Conduit,True,2021
2021,"Industrial Development Board of the City of Harriman, Tennessee",,,,,No Debt,False,2021
2021,Industrial Development Board of the City of Henderson,Arvin Sango Bonds,10000000.0,,Arvin Sango Building and Equipment,Conduit,True,2021
2021,Industrial Development Board of the City of Henderson,FHU Educational Facilities Bond 2016,7500000.0,6184964.0,Construction of Hope Barber Shull Academic Resource Center,Conduit,True,2021
2021,Industrial Development Board of the City of Henderson,Southwest Human Resource Agency Series 2016,1300000.0,,Acquisition of Building and Kitchen Equipment,Conduit,True,2021
2021,Industrial Development Board of the City of Hohenwald,"Real Estate - Forrest Ave, 2012",358915.0,254359.14,239 Forrest Ave. - Kanson Electronic,Direct,True,2021
2021,Industrial Development Board of the City of Hohenwald,,,,,No Debt,False,2021
2021,"Industrial Development Board of the City of Humboldt, Tennessee",,,,,No Debt,False,2021
2021,Industrial Development Board of the City of Jackson,BICC Capital Project 1991,9000000.0,1000000.0,Conduit Debt offering,Conduit,True,2021
2021,Industrial Development Board of the City of Jackson,Bobrick Washroom Equipment 2020,4500000.0,4500000.0,Bobrick Building Construction,Conduit,True,2021
2021,Industrial Development Board of the City of Jefferson City,Note Payable Appalachian Electric Cooperative Revolving Loan-2019,285000.0,223019.68,Development of Industrial Park,Direct,True,2021
2021,Industrial Development Board of the City of Jefferson City,Note Payable USDA/AEC,1140000.0,968663.28,Development of Industrial Park,Direct,True,2021
2021,"Industrial Development Board of the City of Johnson City, Tennessee","Revenue Note, Series A 2016",6000000.0,,"Silverdale Partners GP & J.M. Cox, Jr.",Conduit,True,2021
2021,"Industrial Development Board of the City of Johnson City, Tennessee","Revenue Note, Series A 2017",1200000.0,,"Mullican Flooring, L.P.",Conduit,True,2021
2021,"Industrial Development Board of the City of Johnson City, Tennessee","Revenue Note, Series A 2017",2200000.0,,"LPI, Inc.",Conduit,True,2021
2021,Industrial Development Board of the City of Knoxville,,,,,No Debt,False,2021
2021,"Industrial Development Board of the City of Knoxville for the Downtown Cinema, Inc.",,,,,No Debt,False,2021
2021,Industrial Development Board of the City of La Vergne,,,,,No Debt,False,2021
2021,"Industrial Development Board of the City of Lafayette, Tennessee",,,,,No Debt,False,2021
2021,"Industrial Development Board of the City of Lakeland, Tennessee",,,,,No Debt,False,2021
2021,Industrial Development Board of the City of Lawrenceburg,"$3,000,000 Industrial Development Revenue Board (Booker Assets TN, Inc) Series 2019",3000000.0,2622393.0,Manufacturing/Distribution Facilities,Conduit,True,2021
2021,Industrial Development Board of the City of Lawrenceburg,TIF Note (Best Western Hotel Plus Project) Series 2021,1032300.0,,Construction Best Western Hotel Plus,Direct,True,2021
2021,"Industrial Development Board of the City of Lenoir City, Tennessee",,,,,No Debt,False,2021
2021,"Industrial Development Board of the City of Loretto, Tennessee","The Industrial Development Board of the City of Loretto, TN 2019",140000.0,84000.0,Purchase Industrial Property,Direct,True,2021
2021,"Industrial Development Board of the City of Loudon, Tennessee","Tate & Lyle Ingredients Americas, LLC 1/1/2017",250000000.0,,T&L PILOT,Conduit,True,2021
2021,Industrial Development Board of the City of Martin,,,,,No Debt,False,2021
2021,Industrial Development Board of the City of McKenzie,,,,,No Debt,False,2021
2021,Industrial Development Board of the City of Middleton,,,,,No Debt,False,2021
2021,"Industrial Development Board of the City of Milan, Tennessee",,,,,No Debt,False,2021
2021,Industrial Development Board of the City of Millington,,,,,No Debt,False,2021
2021,"Industrial Development Board of the City of Morristown, Tennessee",Tax Increment Revenue Note (Barton Springs Development Project) 2010,1100000.0,605000.0,Retail shopping Center,Direct,True,2021
2021,"Industrial Development Board of the City of Morristown, Tennessee",Tax Increment Revenue Note (Cherokee Crossings Development Project) 2015,1750000.0,1104827.0,Retail shopping center,Direct,True,2021
2021,"Industrial Development Board of the City of Morristown, Tennessee",Tax Increment Revenue Note (Masengill Springs Development Project) 2013,2500000.0,1615221.0,Retail shopping center,Direct,True,2021
2021,"Industrial Development Board of the City of Morristown, Tennessee",Tax Increment Revenue Note (Merchants Greene Development Project) 2015,4660000.0,1632694.0,Retail shopping center,Direct,True,2021
2021,"Industrial Development Board of the City of Morristown, Tennessee",Tax Increment Revenue Note (Popkin Town Center Development Project) 2014,1725000.0,1322477.0,Retail shopping Center,Direct,True,2021
2021,"Industrial Development Board of the City of Morristown, Tennessee",Tax Increment Revenue Note (The Downs at Wallace Farms Development Project) 2014,3500000.0,2031534.0,Retail shopping center,Direct,True,2021
2021,Industrial Development Board of the City of Mount Pleasant,,,,,No Debt,False,2021
2021,"Industrial Development Board of the City of Newport and Cocke County, Tennessee",Industrial Revenue Bond (Industrial Park Project); 2020,1050000.0,1050000.0,Industrial Park Project,Direct,True,2021
2021,"Industrial Development Board of the City of Newport and Cocke County, Tennessee",Tax Increment Revenue Note (Sugar Cove Wastewater Project); 2017,223822.0,204396.0,Sugar Cove Wastewater Project,Direct,True,2021
2021,Industrial Development Board of the City of Oak Ridge,Demand Bonds,27700000.0,20035000.0,Oak Ridge Associated Universities Project,Conduit,True,2021
2021,Industrial Development Board of the City of Oak Ridge,Lease Revenue Bonds,154360000.0,97234999.93,Y-12 National Security Complex,Conduit,True,2021
2021,Industrial Development Board of the City of Oak Ridge,Multifamily Housing Revenue Bond,11000000.0,11000000.0,Frank Callaghan Towers,Conduit,True,2021
2021,Industrial Development Board of the City of Oak Ridge,Tax Increment Revenue Note,13000000.0,13000000.0,Oak Ridge Mall Development,Direct,True,2021
2021,"Industrial Development Board of the City of Paris, Tennessee",,,,,No Debt,False,2021
2021,"Industrial Development Board of the City of Parsons, Tennessee",,,,,No Debt,False,2021
2021,Industrial Development Board of the City of Pikeville,,,,,No Debt,False,2021
2021,"Industrial Development Board of the City of Portland, Tennessee",Bennett Properties 2012,3450000.0,,Capital Investment Funds,Conduit,True,2021
2021,"Industrial Development Board of the City of Portland, Tennessee",Kyowa America Corporation 201101012025,26500000.0,,Capital Investment Funds,Conduit,True,2021
2021,"Industrial Development Board of the City of Portland, Tennessee",North American Stamping Group 2014,28000000.0,,Capital Investment Funds,Conduit,True,2021
2021,"Industrial Development Board of the City of Portland, Tennessee",Portland Capital Property LLC 2012,11750000.0,,Capital Investment Funds,Conduit,True,2021
2021,"Industrial Development Board of the City of Portland, Tennessee",SIF Portland TN RB Distribution 2018,50000000.0,,Capital Investment,Conduit,True,2021
2021,"Industrial Development Board of the City of Portland, Tennessee",Solon LLC Shoals Technologies 2012,25500000.0,,Capital Investment Funds,Conduit,True,2021
2021,"Industrial Development Board of the City of Portland, Tennessee",Stevison Ham Company 2016,7000000.0,,Capital Investment Funds,Conduit,True,2021
2021,"Industrial Development Board of the City of Portland, Tennessee",Tractor Supply 2018 TIF,327000.0,,Capital Investment Funds,Conduit,True,2021
2021,"Industrial Development Board of the City of Portland, Tennessee",U S Tsubaki 2020,35000000.0,,Capital Investment Funds,Non-Debt,True,2021
2021,Industrial Development Board of the City of Pulaski and Giles County,Integrity Mold (2019,3080000.0,2838454.0,Integrity Mold - Construction,Conduit,True,2021
2021,Industrial Development Board of the City of Pulaski and Giles County,Integrity Mold (2021),3000000.0,2716208.0,Integrity Mold -Expansion,Conduit,True,2021
2021,Industrial Development Board of the City of Pulaski and Giles County,PGI Investments (2016),962343.0,704051.0,PGI Purchase,Conduit,True,2021
2021,Industrial Development Board of the City of Pulaski and Giles County,PGI Investments (2017),1469418.0,933827.0,PGI Expansion (Bank portion),Conduit,True,2021
2021,Industrial Development Board of the City of Pulaski and Giles County,PGI Investments (2017),500000.0,300000.0,PGI Expansion - TVA Portion),Conduit,True,2021
2021,Industrial Development Board of the City of Pulaski and Giles County,PGI Investments (Lease/Purchase) 2015,3021000.0,1532074.0,PGI Lease/Purchase,Conduit,True,2021
2021,Industrial Development Board of the City of Pulaski and Giles County,Saargummi (2011),600000.0,277313.0,Saargummi Lease/Purchase,Conduit,True,2021
2021,Industrial Development Board of the City of Pulaski and Giles County,Twin City Fan (2015),5225000.0,3983316.0,TCF Purchase-Refinance,Conduit,True,2021
2021,Industrial Development Board of the City of Ripley,"GO Lease Rental Rev Bonds, Series 2009",4830000.0,1335000.0,Courthouse Square Revitalization,Conduit,True,2021
2021,Industrial Development Board of the City of Ripley,"Ind Development Rev Note, Series 2011",700000.0,0.0,Quaprotek USA LP Project,Conduit,True,2021
2021,Industrial Development Board of the City of Ripley,"Loan Agreement, Series 2012",1500000.0,0.0,Quaprotek USA LP Project,Conduit,True,2021
2021,Industrial Development Board of the City of Ripley,"Loan Agreement, Series 2012",1600000.0,1144177.0,Quaprotek USA LP Project,Conduit,True,2021
2021,Industrial Development Board of the City of Rockwood,,,,,No Debt,False,2021
2021,"Industrial Development Board of the City of Rutherford, Tennessee",,,,,No Debt,False,2021
2021,"Industrial Development Board of the City of Sevierville, Tennessee","Revenue Bonds, Series 2015",2025000.0,1365619.0,Retail Development,Direct,True,2021
2021,Industrial Development Board of the City of Shelbyville,,,,,No Debt,False,2021
2021,"Industrial Development Board of the City of Smithville, Tennessee",,,,,No Debt,False,2021
2021,"Industrial Development Board of the City of South Fulton, Tennessee, Inc.",,,,,No Debt,False,2021
2021,"Industrial Development Board of the City of Spencer, Tennessee",,,,,No Debt,False,2021
2021,"Industrial Development Board of the City of Springfield, Tennessee",,,,,No Debt,False,2021
2021,Industrial Development Board of the City of Sweetwater,,,,,No Debt,False,2021
2021,Industrial Development Board of the City of Tiptonville,,,,,No Debt,False,2021
2021,"Industrial Development Board of the City of Union City, Tennessee",Gopal 2018,1600000.0,1600000.0,Hampton INN,Conduit,True,2021
2021,"Industrial Development Board of the City of Union City, Tennessee",MIA -operating,400000.0,80000.0,Operation,Direct,True,2021
2021,"Industrial Development Board of the City of Union City, Tennessee",MIA-Note 1 Building,3250000.0,650000.0,Building,Conduit,True,2021
2021,"Industrial Development Board of the City of Union City, Tennessee",TIF-GAM,3500000.0,3263825.0,2 hotels and pavillion,Conduit,True,2021
2021,"Industrial Development Board of the City of Waynesboro, Tennessee",,,,,No Debt,False,2021
2021,Industrial Development Board of the City of Westmoreland,Building Loan,550000.0,299818.0,Purchase Building,Direct,True,2021
2021,Industrial Development Board of the City of Westmoreland,Improvements Loan-2017,97930.0,27086.0,Improvements to Building,Direct,True,2021
2021,Industrial Development Board of the City of Westmoreland,Project Stitch Loan,119933.0,52491.0,Improvements to Building,Direct,True,2021
2021,"Industrial Development Board of the City of White House, Tennessee",,,,,No Debt,False,2021
2021,"Industrial Development Board of the Counties of Cumberland, Morgan & Roane, TN",,,,,No Debt,False,2021
2021,Industrial Development Board of the County of Benton,,,,,No Debt,False,2021
2021,Industrial Development Board of the County of Bradley,,,,,No Debt,False,2021
2021,"Industrial Development Board of the County of Bradley and the City of Cleveland, Tennessee",Recovery Zone Facility Revenue Bonds Series 2010,41000000.0,41000000.0,Manufacturing Facility Upgrades,Conduit,True,2021
2021,"Industrial Development Board of the County of Bradley and the City of Cleveland, Tennessee",Revenue Bond (Maytag Project) Series 2010,225000000.0,225000000.0,Manufacturing Facilities,Conduit,True,2021
2021,"Industrial Development Board of the County of Bradley and the City of Cleveland, Tennessee","Revenue Bond, Series A (Bayer Healthcare LLC 2018 Project)",20000000.0,20000000.0,Admin Building-Manufacturing,Conduit,True,2021
2021,"Industrial Development Board of the County of Bradley and the City of Cleveland, Tennessee","Revenue Bond, Series B (Bayer Healthcare LLC 2018 Project)",5000000.0,5000000.0,Admin Building-Manufacturing,Conduit,True,2021
2021,Industrial Development Board of the County of Carroll,,,,,No Debt,False,2021
2021,"Industrial Development Board of the County of Decatur, Tennessee",,,,,No Debt,False,2021
2021,Industrial Development Board of the County of Dickson,,,,,No Debt,False,2021
2021,"Industrial Development Board of the County of Hardeman, Tennessee",,,,,No Debt,False,2021
2021,Industrial Development Board of the County of Hickman,,,,,No Debt,False,2021
2021,Industrial Development Board of the County of Jackson,"Loan #72-01-01 / January 15, 2014",100000.0,72988.0,Building Purchase,Direct,True,2021
2021,Industrial Development Board of the County of Jackson,"Loan #72-02-01 / October 14, 2016",60000.0,48103.0,Roof Repair,Direct,True,2021
2021,"Industrial Development Board of the County of Johnson County, Tennessee",,,,,No Debt,False,2021
2021,Industrial Development Board of the County of Sequatchie,,,,,No Debt,False,2021
2021,"Industrial Development Board of the County of Sevier, Tennessee",,,,,No Debt,False,2021
2021,Industrial Development Board of the County of Sullivan,,,,,No Debt,False,2021
2021,Industrial Development Board of the County of Sumner,,,,,No Debt,False,2021
2021,Industrial Development Board of the County of Tipton,,,,,No Debt,False,2021
2021,"Industrial Development Board of the County of Union, Tennessee",,,,,No Debt,False,2021
2021,"Industrial Development Board of the County of Washington, Tennessee",,,,,No Debt,False,2021
2021,"Industrial Development Board of the Town of Ardmore, Tennessee",Line Of Credit Issued 2016,350000.0,0.0,Open Line of Credit,Direct,True,2021
2021,Industrial Development Board of the Town of Centerville,,,,,No Debt,False,2021
2021,"Industrial Development Board of the Town of Collierville, Tennessee",,,,,No Debt,False,2021
2021,"Industrial Development Board of the Town of Cornersville, Tennessee",,,,,No Debt,False,2021
2021,"Industrial Development Board of the Town of Covington, Tennessee",Charms 1992 Bonds - 1992,7500000.0,7500000.0,Industrial expansion,Conduit,True,2021
2021,"Industrial Development Board of the Town of Covington, Tennessee","Conopco, Inc/Unilever Series 2010-2",87803619.0,9857467.0,Industrial expansion,Conduit,True,2021
2021,"Industrial Development Board of the Town of Covington, Tennessee",Evocation Series 2011-1,4419514.0,496167.0,Industrial expansion,Conduit,True,2021
2021,"Industrial Development Board of the Town of Covington, Tennessee",US Cold Storage - Series 2014,49500000.0,16541825.0,Industrial expansion,Conduit,True,2021
2021,"Industrial Development Board of the Town of Covington, Tennessee","Unilever, Series 2014-1",30342242.0,13189572.0,Industrial expansion,Conduit,True,2021
2021,"Industrial Development Board of the Town of Decherd, Tennessee",,,,,No Debt,False,2021
2021,"Industrial Development Board of the Town of Dover, Tennessee",,,,,No Debt,False,2021
2021,"Industrial Development Board of the Town of Greeneville and Greene County, Tennessee",Tax Increment Revenue Note (Series 2019),200000.0,174970.0,Town Crossing Development Area,Direct,True,2021
2021,"Industrial Development Board of the Town of Greeneville and Greene County, Tennessee",Tax Increment Revenue Note (Series 2020),200000.0,194907.0,2645 E. Andrew Johnson Highway,Direct,True,2021
2021,"Industrial Development Board of the Town of Greeneville and Greene County, Tennessee",Tax Increment Revenue Note (Series 2021),300000.0,300000.0,1055 W. Andrew Johnson Highway,Direct,True,2021
2021,Industrial Development Board of the Town of Halls,,,,,No Debt,False,2021
2021,Industrial Development Board of the Town of Huntingdon,"Capital Outlay Notes, Series 2011",679742.0,413703.0,"Spec Building, CB&T",Direct,True,2021
2021,Industrial Development Board of the Town of Huntingdon,"Capital Outlay Notes, Series 2011",643765.0,338304.0,"Spec Building, TVA",Direct,True,2021
2021,Industrial Development Board of the Town of Huntingdon,"Capital Outlay Notes, Series 2013",590000.0,443592.0,Hockey Rink,Direct,True,2021
2021,Industrial Development Board of the Town of Huntingdon,"Capital Outlay Notes, Series 2020",2005547.0,1971889.0,Dynamix Facility,Direct,True,2021
2021,Industrial Development Board of the Town of New Tazewell,,,,,No Debt,False,2021
2021,"Industrial Development Board of the Town of Newbern, Tennessee",,,,,No Debt,False,2021
2021,Industrial Development Board of the Town of Obion,,,,,No Debt,False,2021
2021,"Industrial Development Board of the Town of Oneida, Tennessee",,,,,No Debt,False,2021
2021,"Industrial Development Board of the Town of Scotts Hill, Tennessee",,,,,No Debt,False,2021
2021,Industrial Development Board of the Town of Smyrna,,,,,No Debt,False,2021
2021,"Industrial Development Board of the Town of Sparta, Tennessee",,,,,No Debt,False,2021
2021,"Industrial Development Board of the Town of Trezevant, Tennessee",,,,,No Debt,False,2021
2021,Industrial Development Board of the Town of White Pine,,,,,No Debt,False,2021
2021,"Industrial Development Corporation of the Town of Troy, Tennessee",Construction Loan -- Draw Account,200150.0,52419.0,Petainer Project,Direct,True,2021
2021,"Industrial Development Corporation of the Town of Troy, Tennessee","Fixed Loan, 12/17/2018",383375.0,226597.0,Air-Evac Facility,Direct,True,2021
2021,Joint Industrial Development Board of Celina and Clay County,JIDB of Celina & Clay County 2016,215000.0,197986.52,Purchase 1200 Mitchell St Property,Non-Debt,True,2021
2021,Kingsport Industrial Development Board,2009 - Multifamily Housing Revenue Bond,11050000.0,11050000.0,Model City Apartment Project,Conduit,True,2021
2021,Kingsport Industrial Development Board,2013 - General Shale Loan,3289320.21,3289320.21,General Shale Loan,Direct,True,2021
2021,Kingsport Industrial Development Board,2019 - Miracle Field Loan,1800000.0,1372000.0,Miracle Field Loan,Direct,True,2021
2021,Kingsport Industrial Development Board,2020 - Anita's Foods Loan,6640000.0,6640000.0,Anita's Foods Loan,Direct,True,2021
2021,Kingsport Industrial Development Board,2020 - Multifamily Housing Revenue Bond,8500000.0,8500000.0,Kingsport West,Conduit,True,2021
2021,Lewisburg Industrial Development Board,Collateralized Multifamily Housing Bonds Series 2019,11000000.0,11000000.0,Lewisburg Summit Apartments,Conduit,True,2021
2021,Lewisburg Industrial Development Board,Revenue Bonds Series 2003,25000000.0,25000000.0,Solid Waste Disposal,Conduit,True,2021
2021,Lewisburg Industrial Development Board,Revenue Bonds Series 2006,22000000.0,22000000.0,Solid Waste Disposal,Conduit,True,2021
2021,Lexington Industrial Development Board,"Promissory Note First Bank, 2010",950000.0,647879.0,"Industrial Bldg, Industrial Dr.",Direct,True,2021
2021,Memphis Center City Revenue Finance Corporation,"Qualified Energy Conservation Bonds, 2015A",8316000.0,3326400.0,Crosstown Concourse,Conduit,True,2021
2021,Memphis Center City Revenue Finance Corporation,"Qualified Energy Conservation Bonds, 2015B",2015300.0,604590.0,Self Tucker Headquarters,Conduit,True,2021
2021,Memphis Center City Revenue Finance Corporation,"Qualified Energy Conservation Bonds, 2015C",340700.0,102210.0,Knowledge Quest Headquarters,Conduit,True,2021
2021,Memphis Center City Revenue Finance Corporation,Sports Facility Revenue Bonds (Stadium Project) 2014A,17925000.0,12200000.0,AutoZone Park,Direct,True,2021
2021,Memphis Center City Revenue Finance Corporation,Sports Facility Revenue Bonds (Stadium Project) 2014B,5720000.0,3090000.0,AutoZone Park,Direct,True,2021
2021,Memphis Center City Revenue Finance Corporation,Tax-Exempt Revenue Bonds,11000000.0,9629276.0,Crosstown Arts Theatre Project Series (2016),Conduit,True,2021
2021,Memphis Center City Revenue Finance Corporation,Taxable Revenue Bonds (Peabody Place Garage) 2004,10465000.0,3060000.0,Peabody Place Parking Garage,Direct,True,2021
2021,Monroe County Industrial Development Bond Board,,,,,No Debt,False,2021
2021,"Morgan County Economic Development Board, Inc.",Commercial Promissory Note 2019,3608710.0,3210706.0,Industrial Building,Direct,True,2021
2021,"Morgan County Economic Development Board, Inc.",Commercial Promissory Note 2021,1000000.0,958505.0,Industrial Building,Direct,True,2021
2021,"Morgan County Economic Development Board, Inc.",Sales Tax Increment Revenue Note,300000.0,40043.0,Brushy Mountain Project,Direct,True,2021
2021,Obion County Industrial Development Corp,,,,,No Debt,False,2021
2021,Phipps Bend Joint Venture,,,,,No Debt,False,2021
2021,Piperton Industrial Development Board,,,,,No Debt,False,2021
2021,Savannah Industrial Development Corporation,,,,,No Debt,False,2021
2021,Selmer-McNairy County Industrial Development Board,CENTRAL BANK NOTE PAYABLE 2020,1148312.45,1035090.0,MONOGRAM EXPANSION,Direct,True,2021
2021,Selmer-McNairy County Industrial Development Board,HOME BANKING CO,1756242.0,548783.0,UNITED STAINLESS EXPANSION,Direct,True,2021
2021,Selmer-McNairy County Industrial Development Board,LEASE PAYABLE,749674.0,0.0,CAPITAL LEASE,Direct,True,2021
2021,Selmer-McNairy County Industrial Development Board,MONOGRAM REFRIGERATION LLC,20000000.0,18481094.0,INDUSTRIAL DEVELOPMENT,Conduit,True,2021
2021,Selmer-McNairy County Industrial Development Board,MULBERRY FARM LLC,1000000.0,1000000.0,INDUSTRIAL DEVELOPMENT,Conduit,True,2021
2021,Selmer-McNairy County Industrial Development Board,PICKWICK ELECTRIC COOP NOTE PAYABLE,1000000.0,216604.0,MONOGRAM EXPANSION,Direct,True,2021
2021,Selmer-McNairy County Industrial Development Board,SELMER FARMS LLC,500000.0,500000.0,INDUSTRIAL DEVELOPMENT,Conduit,True,2021
2021,Selmer-McNairy County Industrial Development Board,SELMER NORTH I LLC,1330000.0,1330000.0,INDUSTRIAL DEVELOPMENT,Conduit,True,2021
2021,Selmer-McNairy County Industrial Development Board,SELMER NORTH II LLC,400000.0,400000.0,INDUSTRIAL DEVELOPMENT,Conduit,True,2021
2021,Selmer-McNairy County Industrial Development Board,TVA NOTE PAYABLE,2000000.0,1989502.0,MONOGRAM EXPANSION,Direct,True,2021
2021,Stewart - Houston County Industrial Park Board,,,,,No Debt,False,2021
2021,"The Fayette County Industrial Development Board of Fayette County, Tennessee",,,,,No Debt,False,2021
2021,"The Industrial Development Board of Maury County, Tennessee",Industrial Revenue Bond Series 2018,4000000.0,3065000.0,Innovation Park Project,Direct,True,2021
2021,"The Industrial Development Board of Maury County, Tennessee",Loan # 16854571 TIFF UST Inc 2015,5800000.0,2524900.0,UST Inc TIFF Landmark Tile Mt. Pleasant TN at First Farmers,Conduit,True,2021
2021,"The Industrial Development Board of Maury County, Tennessee",Mt. Pleasant Power USDA 2019,360000.0,345000.0,Cherry Glen Spec Building #2,Direct,True,2021
2021,The Industrial Development Board of the County of Montgomery,"AtlasBX America Corp., Series A-2018",150000000.0,,AtlasBX Manufacturing Facilities,Conduit,True,2021
2021,The Industrial Development Board of the County of Montgomery,"Bridgestone Metalpha, Series A-2012",30000000.0,,Bridgestone Metalpha Manufacturing Expansion,Conduit,True,2021
2021,The Industrial Development Board of the County of Montgomery,"Bridgestone Metalpha, Series B-2012",55000000.0,,Bridgestone Metalpha Manufacturing Expansion,Conduit,True,2021
2021,The Industrial Development Board of the County of Montgomery,"Hankook Tire, Series A-2014",30000000.0,,Hankook Tire Manufacturing Plant Development,Conduit,True,2021
2021,The Industrial Development Board of the County of Montgomery,"Hankook Tire, Series A-2015",150000000.0,,Hankook Tire Manufacturing Plant Development,Conduit,True,2021
2021,The Industrial Development Board of the County of Montgomery,"Hankook Tire, Series A-2016",80000000.0,,Hankook Tire Manufacturing Plant Development,Conduit,True,2021
2021,The Industrial Development Board of the County of Montgomery,Office Complex Note Payable - 2020,3675596.0,3675596.0,Office Complex Development at Dunlop Lane,Direct,True,2021
2021,The Industrial Development Board of the County of Montgomery,"Shiloh Project, Series A-2014",5000000.0,,Shiloh Project Expansion,Conduit,True,2021
2021,Tullahoma Industrial Development Board,,,,,No Debt,False,2021
2021,Van Buren Industrial Development Board,,,,,No Debt,False,2021
2021,Winfield Industrial Development Board,,,,,No Debt,False,2021
2022,Adamsville-McNairy County Industrial Development Board,,,,,No Debt,False,2022
2022,Bledsoe County Industrial Development Corporation,,,,,No Debt,False,2022
2022,Cannon County Industrial Development Board,,,,,No Debt,False,2022
2022,Carter County Industrial Development Board,,,,,No Debt,False,2022
2022,City of Hendersonville Industrial Development Board,"$13,300,000 Multifamily Note (Governmental Waterview Apartments Project)",13300000.0,12453434.55,Waterview Apartments,Conduit,True,2022
2022,City of Hendersonville Industrial Development Board,"13,000,000 Educational Facility Revenue Refunding Bonds",13000000.0,2000000.0,Pope John Paul II High School,Conduit,True,2022
2022,City of Hendersonville Industrial Development Board,"5,925,000 Multifamily Bond (Hickory Pointe Apartments)",5925000.0,5030000.0,Hickory Pointe Apartments,Conduit,True,2022
2022,City of Trenton Economic and Industrial Development Board,General 2017,149489.59,12257.97,Consolidation,Direct,True,2022
2022,City of Trenton Economic and Industrial Development Board,Van Can 2017,221164.29,110637.28,Renewal of sale of building Pilot,Conduit,True,2022
2022,Claiborne County Economic and Community Development Board,,,,,No Debt,False,2022
2022,Decaturville Industrial Development Board,,,,,No Debt,False,2022
2022,Depot Redevelopment Corporation of Memphis and Shelby County,,,,,No Debt,False,2022
2022,"Economic Development Growth Engine Industrial Development Board of the City of Memphis and County of Shelby, TN",EDGE Direct Note Obligation (EPPF Project) Series 2016A,25000000.0,23623300.0,"Finance capital improvements and capital expenditures for the constructing and equipping of an approximately 220,000 sq. ft. retail, entertainment and commercial facility known as Elvis Past Present and Future and pay costs of issuance.",Conduit,True,2022
2022,"Economic Development Growth Engine Industrial Development Board of the City of Memphis and County of Shelby, TN",EDGE Direct Note Obligation (EPPF Project) Series 2016B,25000000.0,14173980.0,"Finance capital improvements and capital expenditures for the constructing and equipping of an approximately 220,000 sq. ft. retail, entertainment and commercial facility known as Elvis Past Present and Future and pay costs of issuance.",Conduit,True,2022
2022,"Economic Development Growth Engine Industrial Development Board of the City of Memphis and County of Shelby, TN",EDGE Economic Development Bonds (City of Memphis Project) Series 2021A,19140000.0,19140000.0,"Provide funds for a loan to the City of Memphis which will be used by the city to (i) finance certain capital improvement projects within the city consisting of improvements to AutoZone Park stadium, the FedEx Forum arena, the Historic Melrose development and multifamily housing facilities to be occupied by persons of low or moderate income, elderly or handicapped persons; and (ii) pay certain costs of issuance.",Conduit,True,2022
2022,"Economic Development Growth Engine Industrial Development Board of the City of Memphis and County of Shelby, TN","EDGE Qualified Energy Conservation Bond, Series 2017",2142850.0,,"Finance energy conservation installations and improvements to Southbrook Towne Center, including roofing demolition and replacement with energy efficient materials, HVAC systems, lighting, building envelope, electricity plug load, renewable energy technology, and costs of issuance.",Conduit,True,2022
2022,"Economic Development Growth Engine Industrial Development Board of the City of Memphis and County of Shelby, TN","EDGE Revenue Bonds, Series 2021",69635000.0,69635000.0,Proceeds loaned to the City of Memphis to pay together with other money (i) the cost of capital improvements to the public area of the city known as “Liberty Land” (ii) costs of issuance; (iii) fund the temporary Series 2021 Bonds Debt Service Reserve Fund; and (iv) pay or provide for the payment of the Series 2021 Bonds or any portion thereof.,Conduit,True,2022
2022,"Economic Development Growth Engine Industrial Development Board of the City of Memphis and County of Shelby, TN","EDGE Revenue Refunding Bond, Series 2022",28935000.0,,Refund Port Commission Bond series 2011,Conduit,True,2022
2022,"Economic Development Growth Engine Industrial Development Board of the City of Memphis and County of Shelby, TN","EDGE Senior Tax Increment Revenue Bonds, Series 2017B",24430000.0,39165000.0,"Refinance the EDGE $84,000,000 Direct Note Obligation (Graceland) Series 2015A, fund additional Graceland development costs, fund the Series 2017 Debt Service Reserve and pay certain costs of issuance.",Conduit,True,2022
2022,"Economic Development Growth Engine Industrial Development Board of the City of Memphis and County of Shelby, TN","EDGE Senior Tax Increment Revenue Bonds, Series 2017B",24375000.0,24375000.0,"Refinance the EDGE $84,000,000 Direct Note Obligation (Graceland) Series 2015A, fund additional Graceland development costs, fund the Series 2017 Debt Service Reserve and pay certain costs of issuance.",Conduit,True,2022
2022,"Economic Development Growth Engine Industrial Development Board of the City of Memphis and County of Shelby, TN","EDGE Special Project Revenue Obligation, Series 2014",4000000.0,1743391.16,"(Serenity Recovery Centers, Inc. Project) Refinancing of taxable indebtedness, owed to a bank and a limited family partnership, previously incurred to finance the acquisition, construction and equipping of capital improvements to the facilities of Serenity Recovery Centers, Inc.’s facilities in Memphis, Tennessee and the acquisition, construction, renovation and equipping of $400,000 of improvements to a women’s dormitory facility in Memphis, Tennessee.",Conduit,True,2022
2022,"Economic Development Growth Engine Industrial Development Board of the City of Memphis and County of Shelby, TN","EDGE Subordinate Tax Increment Revenue Bonds, Series 2017E",10000000.0,10000000.0,"Refinance the EDGE $84,000,000 Direct Note Obligation (Graceland) Series 2015A, fund additional Graceland development costs, fund the Series 2017 Debt Service Reserve and pay certain costs of issuance.",Conduit,True,2022
2022,"Economic Development Growth Engine Industrial Development Board of the City of Memphis and County of Shelby, TN","EDGE TDZ Revenue Refunding Bonds, Series 2017B",87725000.0,87725000.0,"Proceeds loaned to City of Memphis, and together with other available funds, will be used to refund and defease the Memphis Center City Revenue Finance Corporation Federally Taxable Senior Revenue Bonds, Series 2011A, Exempt Subordinate Revenue Bonds, Series 2011B and Federally Taxable Subordinate Revenue Bonds, Series 2011C (Pyramid and Pinch District Redevelopment Project) and pay certain costs of issuance.",Conduit,True,2022
2022,"Economic Development Growth Engine Industrial Development Board of the City of Memphis and County of Shelby, TN","EDGE TDZ Revenue Refunding Bonds, Series 2017C",34300000.0,25735000.0,"Proceeds loaned to City of Memphis, and together with other available funds, will be used to refund and defease the Memphis Center City Revenue Finance Corporation Federally Taxable Senior Revenue Bonds, Series 2011A, Exempt Subordinate Revenue Bonds, Series 2011B and Federally Taxable Subordinate Revenue Bonds, Series 2011C (Pyramid and Pinch District Redevelopment Project) and pay certain costs of issuance.",Conduit,True,2022
2022,"Economic Development Growth Engine Industrial Development Board of the City of Memphis and County of Shelby, TN",Economic Development Bonds (City of Memphis Project) Series 2021B,5115000.0,5115000.0,"Provide funds for a loan to the City of Memphis which will be used by the city to (i) finance certain capital improvement projects within the city consisting of improvements to AutoZone Park stadium, the FedEx Forum arena, the Historic Melrose development and multifamily housing facilities to be occupied by persons of low or moderate income, elderly or handicapped persons; and (ii) pay certain costs of issuance.",Conduit,True,2022
2022,"Economic Development Growth Engine Industrial Development Board of the City of Memphis and County of Shelby, TN","Revenue Refunding Bond, Series 2019",7375000.0,,"Refund the $6,410,000 the Industrial Development Board of the City of Memphis and County of Shelby, Tennessee Variable Rate Refunding Revenue Bonds (YMCA Projects) Series 2010 and $3,150,000 The Industrial Development Board of the City of Memphis and County of Shelby, Tennessee Special Project Revenue Obligation (YMCA of Memphis and the Mid-South Project).",Conduit,True,2022
2022,"Economic Development Growth Engine Industrial Development Board of the City of Memphis and County of Shelby, TN","Senior Tax Increment Revenue Bonds, Series 2017A",40490000.0,39165000.0,"Refinance the EDGE $84,000,000 Direct Note Obligation (Graceland) Series 2015A, fund additional Graceland development costs, fund the Series 2017 Debt Service Reserve and pay certain costs of issuance.",Conduit,True,2022
2022,"Economic Development Growth Engine Industrial Development Board of the City of Memphis and County of Shelby, TN","Subordinate Tax Increment Revenue Bonds, Series 2017D",5005000.0,4975000.0,"Refinance the EDGE $84,000,000 Direct Note Obligation (Graceland) Series 2015A, fund additional Graceland development costs, fund the Series 2017 Debt Service Reserve and pay certain costs of issuance.",Conduit,True,2022
2022,"Economic Development Growth Engine Industrial Development Board of the City of Memphis and County of Shelby, TN","TDZ Revenue Refunding Bonds, Series 2017A",36215000.0,,"Proceeds loaned to City of Memphis, and together with other available funds, will be used to refund and defease the Memphis Center City Revenue Finance Corporation Federally Taxable Senior Revenue Bonds, Series 2011A, Exempt Subordinate Revenue Bonds, Series 2011B and Federally Taxable Subordinate Revenue Bonds, Series 2011C (Pyramid and Pinch District Redevelopment Project) and pay certain costs of issuance.",Conduit,True,2022
2022,"Economic Development Growth Engine Industrial Development Board of the City of Memphis and County of Shelby, TN","The Industrial Development Board of the City of Memphis and County of Shelby, Tennessee Variable Rate Demand Revenue Bonds Series 2007A and Series 2007B",5600000.0,,"Finance or refinance the acquisition, renovation, construction and equipping of certain Boys and Girls Club facilities in the City of Memphis.",Conduit,True,2022
2022,Fayetteville-Lincoln County Industrial Development Board,Industrial Revenue Bond (Industrial Park Project) Series 2021,2590000.0,,Horizon Industrial Park,Direct,True,2022
2022,Fayetteville-Lincoln County Industrial Development Board,Lease Revenue & Tax Refunding Bonds (Series 2007),4960000.0,4795000.0,Hospital Facility Project,Conduit,True,2022
2022,Fayetteville-Lincoln County Industrial Development Board,Lease Revenue & Tax Refunding Bonds (Series 2013),6735000.0,730000.0,Hospital Facility Project,Conduit,True,2022
2022,Fayetteville-Lincoln County Industrial Development Board,Tax Increment Revenue Note (Series 2015 A & Series 2015 B),850000.0,221589.53,The Avenue at Lincoln Center,Direct,True,2022
2022,Gallatin Industrial Development Board,,,,,No Debt,False,2022
2022,Hancock County Industrial Development Board,,,,,No Debt,False,2022
2022,Hartsville/Trousdale County Industrial Development Board,,,,,No Debt,False,2022
2022,Hawkins County Industrial Development Board,,,,,No Debt,False,2022
2022,"Industrial Board of Coffee County, Tennessee, Inc.",,,,,No Debt,False,2022
2022,"Industrial Board of the Town of Bruceton, Tennessee",,,,,No Debt,False,2022
2022,Industrial Development Authority of Overton County,,,,,No Debt,False,2022
2022,"Industrial Development Board of Anderson County, Tennessee","Tax Increment Revenue Note (David Jones Business Park Development), Series 2017",450000.0,314130.39,David Jones Business Park Development Phase 1,Direct,True,2022
2022,"Industrial Development Board of Anderson County, Tennessee","Tax Increment Revenue Note (David Jones Business Park Development), Series 2022",350000.0,350000.0,David Jones Business Park Development Phase 2,Direct,True,2022
2022,"Industrial Development Board of Anderson County, Tennessee","Tax Increment Revenue Note (STNL Development Area), Series 2019",550000.0,522499.9,STNL Development Area,Direct,True,2022
2022,"Industrial Development Board of Anderson County, Tennessee","Tax Increment Revenue Note (The Glen Alpine Economic Development Area), Series 2020",1250000.0,1203910.53,The Glen Alpine Economic Development Area,Direct,True,2022
2022,"Industrial Development Board of Anderson County, Tennessee","Tax Increment Revenue Note (VRL Hotels 5 LLC Project), Series 2019",1000000.0,923497.12,VRL Hotels 5 LLC Project,Direct,True,2022
2022,Industrial Development Board of Blount County and the Cities of Alcoa and Maryville,INDUSTRIAL REVENUE NOTES (PROJECT PEARL) SERIES 2020A & 2020B ISSUED 2021,12000000.0,11000000.0,INFRASTRUCTURE FOR PROJECT PEARL FACILITY,Direct,True,2022
2022,Industrial Development Board of Blount County and the Cities of Alcoa and Maryville,Maryville Civic Arts Center Project,32300000.0,6190000.0,Clayton Center for the Arts Construction Note,Conduit,True,2022
2022,Industrial Development Board of Blount County and the Cities of Alcoa and Maryville,R&D Park Note,5000000.0,4661071.0,Construction of R&D Park,Direct,True,2022
2022,Industrial Development Board of Blount County and the Cities of Alcoa and Maryville,R&D Park Note,5000000.0,4969769.0,Construction of R&D Park,Direct,True,2022
2022,Industrial Development Board of Blount County and the Cities of Alcoa and Maryville,R&D Park Note,5000000.0,4992143.0,Construction of R&D Park,Direct,True,2022
2022,Industrial Development Board of Blount County and the Cities of Alcoa and Maryville,R&D Park Note,5000000.0,4840320.0,Construction of R&D Park,Direct,True,2022
2022,"Industrial Development Board of Brownsville, Tennessee",,,,,No Debt,False,2022
2022,"Industrial Development Board of Campbell County, Tennessee",,,,,No Debt,False,2022
2022,Industrial Development Board of Cheatham County,,,,,No Debt,False,2022
2022,"Industrial Development Board of Crockett County, Tennessee",,,,,No Debt,False,2022
2022,"Industrial Development Board of Cumberland County, Tennessee",,,,,No Debt,False,2022
2022,"Industrial Development Board of DeKalb County, Tennessee",,,,,No Debt,False,2022
2022,Industrial Development Board of Dyer County,Tax Increment Revenue Note,3000000.0,2756413.77,The Commons Retail Development Project,Conduit,True,2022
2022,Industrial Development Board of Erin,,,,,No Debt,False,2022
2022,"Industrial Development Board of Fentress County, Inc.",,,,,No Debt,False,2022
2022,Industrial Development Board of Franklin County,Industrial Development Board - Land,822666.0,0.0,Purchase Property for Industrial Use,Direct,True,2022
2022,"Industrial Development Board of Gibson County, Tennessee",,,,,No Debt,False,2022
2022,"Industrial Development Board of Grainger County, Tennessee",,,,,No Debt,False,2022
2022,Industrial Development Board of Grundy County,,,,,No Debt,False,2022
2022,Industrial Development Board of Hamilton County,Tennessee Aquarium - Series 2020A & Series 2020B,16000000.0,,Tennessee Aquarium,Conduit,True,2022
2022,"Industrial Development Board of Humphreys County, TN",,,,,No Debt,False,2022
2022,"Industrial Development Board of Jefferson County, Tennessee",,,,,No Debt,False,2022
2022,Industrial Development Board of Knox County,"Boys & Girls Club of the TN Valley, Series 2020, 1/31/2020",8792873.58,1475000.0,Boys & Girls Club,Conduit,True,2022
2022,Industrial Development Board of Knox County,"Knoxville Zoological Gardens, Inc., Series 2019, 8/23/2019",15000000.0,2457537.84,Zoo Knoxville,Conduit,True,2022
2022,Industrial Development Board of Knox County,"Tax Increment Revenue Note, Series 2011A, 9/30/2011",6000000.0,0.0,Northshore Town Center,Direct,True,2022
2022,Industrial Development Board of Knox County,"Tax Increment Revenue Note, Series 2011B, 9/30/2011",3000000.0,0.0,Northshore Town Center,Direct,True,2022
2022,Industrial Development Board of Knox County,"Tax Increment Revenue Note, Series 2019A, 11/12/2019",2000000.0,2000000.0,Grassy Creek,Direct,True,2022
2022,Industrial Development Board of Knox County,"Tax Increment Revenue Note, Series 2019B, 11/12/2019",500000.0,500000.0,Grassy Creek,Direct,True,2022
2022,Industrial Development Board of Knox County,"Tax Increment Revenue Note, Series 2020, 12/22/2020",2507841.21,1878642.15,Northshore Town Center,Direct,True,2022
2022,Industrial Development Board of Knox County,"The Change Center, Series 2017, 7/31/2017",2300000.0,964778.36,The Change Center,Conduit,True,2022
2022,Industrial Development Board of Knox County,"Young Men's Christian Assoc. of ETN, Series 2019, 8/16/2019",5500000.0,3652611.98,YMCA of East TN,Conduit,True,2022
2022,"Industrial Development Board of Lake County, Tennessee",,,,,No Debt,False,2022
2022,"Industrial Development Board of Lauderdale County, Tennessee",,,,,No Debt,False,2022
2022,Industrial Development Board of Loudon County,,,,,No Debt,False,2022
2022,Industrial Development Board of Marion County,,,,,No Debt,False,2022
2022,Industrial Development Board of McMinn County,Armstrong Promissory Note - 2017,1695900.0,1222216.0,Land acquisition for expansion of North Etowah Industrial Park,Direct,True,2022
2022,Industrial Development Board of McMinn County,Revenue Bond - 2012,5000000.0,1375000.0,Creative Foam Corporation Project Limited Obligation Revenue Bond,Conduit,True,2022
2022,Industrial Development Board of McMinn County,Revenue Refunding Bond - 2012,9383150.0,7334864.0,Tennessee Wesleyan College Educational Facilities Revenue Refunding Bonds,Conduit,True,2022
2022,Industrial Development Board of McMinn County,Tax Increment Financing Note - 2016,800000.0,800000.0,Madison Park Redevelopment,Conduit,True,2022
2022,Industrial Development Board of McMinnville-Warren County,Caney Fork Electric 2019,1670763.0,1314952.31,Building - Spec Bldg #4,Direct,True,2022
2022,Industrial Development Board of McMinnville-Warren County,Caney Fork Electric Coop 2012,740000.0,13702.82,Building / Sansin,Direct,True,2022
2022,Industrial Development Board of McMinnville-Warren County,Caney Fork Electric Coop 2012,300000.0,8333.14,Building- Sansin,Direct,True,2022
2022,Industrial Development Board of McMinnville-Warren County,Caney Fork Electric Coop 2013,205000.0,,Building- Magness Dr.,Direct,True,2022
2022,Industrial Development Board of McMinnville-Warren County,Caney Fork Electric Coop 2014,2000000.0,396655.8,Building - DN Plastics,Direct,True,2022
2022,Industrial Development Board of McMinnville-Warren County,Caney Fork Electric Coop 2014,300000.0,57500.0,Building- DN Plastics,Direct,True,2022
2022,Industrial Development Board of McMinnville-Warren County,Housing Urban Bond 2009,3205000.0,2825000.0,Beersheba Tower Housing,Conduit,True,2022
2022,Industrial Development Board of McMinnville-Warren County,TVA 2014,1000000.0,224390.88,Building- MPC,Direct,True,2022
2022,Industrial Development Board of McMinnville-Warren County,TVA 2014,1870000.0,1113720.99,Building- Sansin,Direct,True,2022
2022,Industrial Development Board of McMinnville-Warren County,TVA 2014,1200000.0,629756.27,Building - DN Plastics,Direct,True,2022
2022,Industrial Development Board of Meigs County and the City of Decatur,,,,,No Debt,False,2022
2022,Industrial Development Board of Metropolitan Nashville and Davidson County,Adjustable Rate Industrial Development Revenue Bonds Series 1999,5000000.0,400000.0,"Steel Coils, Inc. Project",Conduit,True,2022
2022,Industrial Development Board of Metropolitan Nashville and Davidson County,Adjustable Rate Revenue Refunding Bonds Series 2005,4850000.0,2.0,Nashville Public Radio Project,Conduit,True,2022
2022,Industrial Development Board of Metropolitan Nashville and Davidson County,Bellevue Tax Increment Revenue Bonds,21935000.0,15598222.0,Bellevue Mall Project,Direct,True,2022
2022,Industrial Development Board of Metropolitan Nashville and Davidson County,Country Music Foundation 2010,23200000.0,13920004.0,Country Music Hall of Fame,Conduit,True,2022
2022,Industrial Development Board of Metropolitan Nashville and Davidson County,Country Music Foundation Project Series 2015B,9535000.0,2860500.0,Country Music Foundation,Conduit,True,2022
2022,Industrial Development Board of Metropolitan Nashville and Davidson County,Educational Facilities Revenue Bond Series 2010,6716460.0,4029876.0,Saint Paul Christian Academy,Conduit,True,2022
2022,Industrial Development Board of Metropolitan Nashville and Davidson County,Educational Facilities Revenue Bonds Series 2003B,7500000.0,375000.0,David Lipscomb University Project,Conduit,True,2022
2022,Industrial Development Board of Metropolitan Nashville and Davidson County,Educational Facilities Revenue Bonds Series 2004,2900000.0,290000.0,St. Bernard Academy Project,Conduit,True,2022
2022,Industrial Development Board of Metropolitan Nashville and Davidson County,Educational Facilities Revenue Bonds Series 2007,1400000.0,350000.0,Watkins Institute Project,Conduit,True,2022
2022,Industrial Development Board of Metropolitan Nashville and Davidson County,Educational Facilities Revenue Bonds Series 2010,30000000.0,16800000.0,Montgomery Bell Academy Project,Conduit,True,2022
2022,Industrial Development Board of Metropolitan Nashville and Davidson County,Educational Facilities Revenue Refunding Bonds Series 2003,6500000.0,325000.0,Trevecca Nazarene University Project,Conduit,True,2022
2022,Industrial Development Board of Metropolitan Nashville and Davidson County,Educational Facilities Revenue Refunding and Improvement Bonds Series 2002,8000000.0,,University School of Nashville Project,Conduit,True,2022
2022,Industrial Development Board of Metropolitan Nashville and Davidson County,HCA Series 2012,100000000.0,66666670.0,HCA Personal Property,Conduit,True,2022
2022,Industrial Development Board of Metropolitan Nashville and Davidson County,HCA Series 2012,100000000.0,66666670.0,HCA Real Property,Conduit,True,2022
2022,Industrial Development Board of Metropolitan Nashville and Davidson County,Industrial Development Bond 2012,260000000.0,147333329.0,HCA West End Summit Project,Conduit,True,2022
2022,Industrial Development Board of Metropolitan Nashville and Davidson County,Industrial Development Revenue Bonds Series 2001,4000000.0,640000.0,"L & S, LLC Project",Conduit,True,2022
2022,Industrial Development Board of Metropolitan Nashville and Davidson County,Industrial Development Revenue Bonds Series 2014,225000000.0,156521739.0,Bridgestone Americas Project,Conduit,True,2022
2022,Industrial Development Board of Metropolitan Nashville and Davidson County,Industrial Development Revenue Note Series 2010A,280000000.0,126000000.0,Omni Nashville LLC Project,Conduit,True,2022
2022,Industrial Development Board of Metropolitan Nashville and Davidson County,Industrial Develpment Revenue Note Series 2010B,40000000.0,18000000.0,Omni Nashville LLC Project,Conduit,True,2022
2022,Industrial Development Board of Metropolitan Nashville and Davidson County,Life Point Series 2012,50000000.0,33333330.0,Life Point Project- Real Property,Conduit,True,2022
2022,Industrial Development Board of Metropolitan Nashville and Davidson County,Life Point Series 2012,30000000.0,20000000.0,Life Point Project-Personal Property,Conduit,True,2022
2022,Industrial Development Board of Metropolitan Nashville and Davidson County,Mortgage Revenue Bonds Series 1982,3303353.0,,FHA Insured Mortgage Loan - Margaret Robertson Garden Apartments Section 8 Assisted Project,Conduit,True,2022
2022,Industrial Development Board of Metropolitan Nashville and Davidson County,Mortgage Revenue Bonds Series 1983,9060000.0,226500.0,FHA Insured Mortgage Loan - Beechwood Terrace Apartments Project,Conduit,True,2022
2022,Industrial Development Board of Metropolitan Nashville and Davidson County,Mortgage Revenue Bonds Series 1983,6838879.0,170971.0,FHA Insured Mortgage Loan Graybrook Apartments Project,Conduit,True,2022
2022,Industrial Development Board of Metropolitan Nashville and Davidson County,Mortgage Revenue Bonds Series 1984,9995000.0,499750.0,FHA Insured Mortgage Loan - Belle Valley Apartments Project,Conduit,True,2022
2022,Industrial Development Board of Metropolitan Nashville and Davidson County,Mortgage Revenue Bonds Series 1985,7151214.0,536354.0,FHA Insured Mortgage Loan - Western Hills Apartment Project,Conduit,True,2022
2022,Industrial Development Board of Metropolitan Nashville and Davidson County,Mortgage Revenue Bonds Series 1985,8500000.0,637500.0,"FHA Insures Mortgage Loan - Picadilly Apartments, II Project",Conduit,True,2022
2022,Industrial Development Board of Metropolitan Nashville and Davidson County,Mortgage Revenue Bonds Series 1985,6375194.0,478134.0,FHA Insured Mortgage Loan - Brookridge Apartments Project,Conduit,True,2022
2022,Industrial Development Board of Metropolitan Nashville and Davidson County,Mortgage Revenue Bonds Series 1985,3761899.0,282160.0,FHA Insured Mortgage Loan - Pebble Creek Apts. Project,Conduit,True,2022
2022,Industrial Development Board of Metropolitan Nashville and Davidson County,Multi-Family Housing Revenue Bonds Series 1997,3425000.0,570825.0,"Nashville-Maplecrest, Inc. Project",Conduit,True,2022
2022,Industrial Development Board of Metropolitan Nashville and Davidson County,Multi-Family Housing Revenue Refunding Bonds Series 1998,6620000.0,1323992.0,St. Paul Retirement Center,Conduit,True,2022
2022,Industrial Development Board of Metropolitan Nashville and Davidson County,Multi-family Housing Revenue Bonds Series 1998,2270000.0,151324.0,"Nashville-Thompson Place, Inc. Project",Conduit,True,2022
2022,Industrial Development Board of Metropolitan Nashville and Davidson County,Multifamily Housing Revenue Bonds 1983,10129163.0,723494.0,"FHA Insured Mortgage Loan - The Hermitage ""A"" Apartments Project",Conduit,True,2022
2022,Industrial Development Board of Metropolitan Nashville and Davidson County,Multifamily Housing Revenue Bonds Series 1985,13250000.0,993750.0,Arbor Crest Project,Conduit,True,2022
2022,Industrial Development Board of Metropolitan Nashville and Davidson County,Multifamily Housing Revenue Bonds Series 1985,13400000.0,1005000.0,Arbor Knoll Project,Conduit,True,2022
2022,Industrial Development Board of Metropolitan Nashville and Davidson County,Multifamily Housing Revenue Bonds Series 2008,9105000.0,5918250.0,Hickory Hollow Apartments Project,Conduit,True,2022
2022,Industrial Development Board of Metropolitan Nashville and Davidson County,Multifamily Housing Revenue Note Taxable Series 2018A,23275000.0,19600000.0,Preserve at Highland Ridge Project,Conduit,True,2022
2022,Industrial Development Board of Metropolitan Nashville and Davidson County,Multifamily Housing Revenue Refunding Bonds 1993 Series A,15500000.0,516657.0,Arbors Projects,Conduit,True,2022
2022,Industrial Development Board of Metropolitan Nashville and Davidson County,Multifamily Housing Revenue Refunding Bonds Series 1994,21000000.0,1400000.0,Stewarts Ferry Apartments Project,Conduit,True,2022
2022,Industrial Development Board of Metropolitan Nashville and Davidson County,Multifamily Housing Revenue Refunding Bonds Series 1994,23750000.0,1583324.0,Ridgelake Apartments Project,Conduit,True,2022
2022,Industrial Development Board of Metropolitan Nashville and Davidson County,Multifamily Housing Revenue Refunding Bonds Series 1996A,2915000.0,388658.0,"River Retreat II, Ltd. Project",Conduit,True,2022
2022,Industrial Development Board of Metropolitan Nashville and Davidson County,Multifamily Housing Revenue Refunding Bonds Series 1996A,2205000.0,294000.0,Glastonbury Woods Ltd. Project,Conduit,True,2022
2022,Industrial Development Board of Metropolitan Nashville and Davidson County,Multifamily Housing Revenue Refunding Bonds Series 2000A,3300000.0,958056.0,GNMA Collateralized - Valley Forge Apartments Project,Conduit,True,2022
2022,Industrial Development Board of Metropolitan Nashville and Davidson County,Multifamily Housing Revenue Refunding Bonds Series 2002,14205000.0,4735000.0,Spinnaker Cove Apartments Project,Conduit,True,2022
2022,Industrial Development Board of Metropolitan Nashville and Davidson County,Multifamily Housing Revenue Refunding Bonds Series 2004,6645000.0,2658000.0,The Park at Hermitage Project,Conduit,True,2022
2022,Industrial Development Board of Metropolitan Nashville and Davidson County,Multifamily Housing Revenue Refunding Bonds Series 2006,8075000.0,3768328.0,Summit Apartments Project,Conduit,True,2022
2022,Industrial Development Board of Metropolitan Nashville and Davidson County,Multifamily Housing Revenue Refunding Note Series 2019A,6000000.0,5333333.0,Preserve at Highland Ridge Project,Conduit,True,2022
2022,Industrial Development Board of Metropolitan Nashville and Davidson County,Multifamily Housing Revenue Refunding Note Series 2021A,1750000.0,1750000.0,Preserve at Highland Ridge Project,Conduit,True,2022
2022,Industrial Development Board of Metropolitan Nashville and Davidson County,Multifamily Mortgage Revenue Refunding Bonds Series 2001A,8195000.0,2458493.0,GNMA Collateralized - Beechwood Terrace Apartments Project,Conduit,True,2022
2022,Industrial Development Board of Metropolitan Nashville and Davidson County,Multifamily Note 2021,43000000.0,40611111.0,Unknown,Conduit,True,2022
2022,Industrial Development Board of Metropolitan Nashville and Davidson County,Mutlifamily Housing Revenue Note Taxable Series 2018B,22149749.0,18652420.0,Preserve at Highland Ridge Project,Conduit,True,2022
2022,Industrial Development Board of Metropolitan Nashville and Davidson County,Operation Stand Down Series 2014,2375000.0,1425000.0,Operation Stand Down Project,Conduit,True,2022
2022,Industrial Development Board of Metropolitan Nashville and Davidson County,Revenue Bond 2010,3500000.0,2099996.0,"Derby Fabricating, LLC",Conduit,True,2022
2022,Industrial Development Board of Metropolitan Nashville and Davidson County,Revenue Bond Series 2010,2900000.0,1836663.0,"Goodwill Industries of Middle Tennesse, Inc. Project",Conduit,True,2022
2022,Industrial Development Board of Metropolitan Nashville and Davidson County,Revenue Bonds Series 1999,27000000.0,1.0,Country Music Hall of Fame and Museum Project,Conduit,True,2022
2022,Industrial Development Board of Metropolitan Nashville and Davidson County,Revenue Bonds Series 2002,6500000.0,,Second Harvest Food Bank Project,Conduit,True,2022
2022,Industrial Development Board of Metropolitan Nashville and Davidson County,Revenue Bonds Series 2008,3000000.0,1320000.0,STARS Nashville Project,Conduit,True,2022
2022,Industrial Development Board of Metropolitan Nashville and Davidson County,Revenue Bonds Series 2008,4000000.0,1760000.0,Oasis Center Project,Conduit,True,2022
2022,Industrial Development Board of Metropolitan Nashville and Davidson County,"Revenue Bonds, Series A 1984",6075000.0,911250.0,"Dixie Electrotype Company, Inc. Project",Conduit,True,2022
2022,Industrial Development Board of Metropolitan Nashville and Davidson County,Revenue Refunding Bond 2012,3400000.0,2266670.0,Nashville Public Radio,Conduit,True,2022
2022,Industrial Development Board of Metropolitan Nashville and Davidson County,Revenue Refunding Bond 2012,57000000.0,38000000.0,YMCA Projects,Conduit,True,2022
2022,Industrial Development Board of Metropolitan Nashville and Davidson County,Revenue Refunding Bond 2014 Series A,5000000.0,,Montgomery Bell Academy,Conduit,True,2022
2022,Industrial Development Board of Metropolitan Nashville and Davidson County,Revenue Refunding Bond 2014 Series B,10000000.0,,Montgomery Bell Academy,Conduit,True,2022
2022,Industrial Development Board of Metropolitan Nashville and Davidson County,Revenue Refunding Bond 2014 Series C,8328266.0,,Montgomery Bell Academy,Conduit,True,2022
2022,Industrial Development Board of Metropolitan Nashville and Davidson County,Revenue Refunding Bonds,30000000.0,15600000.0,Montgomery Bell Academy,Conduit,True,2022
2022,Industrial Development Board of Metropolitan Nashville and Davidson County,Revenue Refunding Bonds Series 2003,42340000.0,2117000.0,David Lipscomb University Project,Conduit,True,2022
2022,Industrial Development Board of Metropolitan Nashville and Davidson County,Revenue Refunding Bonds Series 2003,13265000.0,7959000.0,Unknown,Conduit,True,2022
2022,Industrial Development Board of Metropolitan Nashville and Davidson County,Senior Special Assessment Revenue Bonds Series 2021A,18845000.0,18216833.0,South Nashville Central Business Improvement District,Direct,True,2022
2022,Industrial Development Board of Metropolitan Nashville and Davidson County,Senior Special Assessment Revenue Capital Appreciation Revenue Bonds Series 2021B,12688561.0,12111808.0,South Nashville Central Business Improvement District,Direct,True,2022
2022,Industrial Development Board of Metropolitan Nashville and Davidson County,Subordinate Multifamily Housing Revenue Bonds (Preserve at Highland Ridge Project) 2018,1725000.0,1221875.0,Preserve at Highland Ridge Project,Conduit,True,2022
2022,Industrial Development Board of Metropolitan Nashville and Davidson County,Subordinated Special Assessment Capital Appreciation Revenue Bonds Series 2021C,11349400.0,10971087.0,South Nashville Central Business Improvement District,Direct,True,2022
2022,Industrial Development Board of Metropolitan Nashville and Davidson County,Tax-Exempt Adjustable Mode Exempt Facilities Revenue Bonds Series 2001,10000000.0,3000007.0,"Waste Management, Inc. of Tennessee Project",Conduit,True,2022
2022,Industrial Development Board of Metropolitan Nashville and Davidson County,Variable Rate Demand Multifamily Housing Revenue Bonds Series 2003,19985000.0,7327827.0,Stewarts Ferry Apartments Project,Conduit,True,2022
2022,Industrial Development Board of Metropolitan Nashville and Davidson County,Variable Rate Demand Multifamily Housing Revenue Refunding Bonds Series 2003,4750000.0,1741673.0,Hickory Trace Apartments,Conduit,True,2022
2022,Industrial Development Board of Metropolitan Nashville and Davidson County,Variable Rate Demand Multifamily Housing Revenue Refunding Bonds Series 2004,22554000.0,9021600.0,Ridgelake Apartments Project,Conduit,True,2022
2022,Industrial Development Board of Metropolitan Nashville and Davidson County,"Variable Rate Demand Multifamily Housing Revenue Refunding Bonds, Series A 1997",8540000.0,1423325.0,Crossings of Bellevue Apartments Project,Conduit,True,2022
2022,Industrial Development Board of Metropolitan Nashville and Davidson County,Variable Rate Demand Revenue Bonds Series 2005,14000000.0,4480000.0,Franklin Road Academy Project,Conduit,True,2022
2022,Industrial Development Board of Metropolitan Nashville and Davidson County,Variable Rate Demand Revenue Bonds Series 2006,4600000.0,1254544.0,Trevecca Nazarene University Project,Conduit,True,2022
2022,Industrial Development Board of Metropolitan Nashville and Davidson County,Variable Rate Demand Revenue Bonds Series 2006,23000000.0,6272720.0,Unknown,Conduit,True,2022
2022,Industrial Development Board of Metropolitan Nashville and Davidson County,Variable Rate Demand Revenue Bonds Series 2008,11160000.0,7254000.0,Lipscomb University Project,Conduit,True,2022
2022,Industrial Development Board of Metropolitan Nashville and Davidson County,Variable Rate Revenue Bonds Series 2003,5200000.0,260000.0,Donelson Christian Academy Project,Conduit,True,2022
2022,Industrial Development Board of Metropolitan Nashville and Davidson County,Variable Rate Revenue Bonds Series 2004,102000000.0,30222218.0,Nashville Symphony Hall Project,Conduit,True,2022
2022,Industrial Development Board of Metropolitan Nashville and Davidson County,Variable Rate Revenue Bonds Series 2007,31440000.0,7860000.0,YMCA Projects,Conduit,True,2022
2022,Industrial Development Board of Metropolitan Nashville and Davidson County,Variable Rate Revenue Bonds Series A 2003,16500000.0,5303566.0,Nashville Symphony Hall Project,Conduit,True,2022
2022,Industrial Development Board of Metropolitan Nashville and Davidson County,Wonton Food Revenue Bonds,10000000.0,7666669.0,Wonton Food,Conduit,True,2022
2022,"Industrial Development Board of Perry County, Tennessee","Roof for Fisher Building (NYX, Inc.) 2012",1200000.0,395000.0,New roof for factory building owned by IDB,Direct,True,2022
2022,Industrial Development Board of Pickett County,,,,,No Debt,False,2022
2022,Industrial Development Board of Pigeon Forge,"Revenue Bonds, Series 2015",2000000.0,,PFWV Project - Retail Center,Conduit,True,2022
2022,"Industrial Development Board of Rhea County, Tennessee",,,,,No Debt,False,2022
2022,Industrial Development Board of Roane County,,,,,No Debt,False,2022
2022,Industrial Development Board of Robertson County,Multifamily Housing Revenue Bonds 2012,4850000.0,,Ridgewood Apartments,Conduit,True,2022
2022,Industrial Development Board of Rutherford County,,,,,No Debt,False,2022
2022,"Industrial Development Board of Scott County, Tennessee",Industrial Development Board of Scott County,571842.03,571842.03,Airport Buildings,Direct,True,2022
2022,"Industrial Development Board of Scott County, Tennessee",Industrial Development Board of Scott County 2020,443084.28,447535.49,Airport Buildings,Direct,True,2022
2022,"Industrial Development Board of Scott County, Tennessee","J&M Grading Division , LLC 2015",1400000.0,1039682.4,J& M Grading,Conduit,True,2022
2022,"Industrial Development Board of Scott County, Tennessee",Thompson Medical Clinic 2020,1010000.0,985693.59,Medical Clinic,Conduit,True,2022
2022,Industrial Development Board of Smith County,,,,,No Debt,False,2022
2022,Industrial Development Board of Stewart County,,,,,No Debt,False,2022
2022,Industrial Development Board of Stewart-Houston Counties,2014 spec building,800000.0,443562.0,2014 Spec Building,Direct,True,2022
2022,Industrial Development Board of Stewart-Houston Counties,Interloan with Stewart Houston Industrial Park Board,1334821.0,1334821.0,Building loan,Direct,True,2022
2022,"Industrial Development Board of Unicoi County, Tennessee",Tax Increment Revenue Note (Series 2019),600000.0,600000.0,Erwin Gateway Development,Direct,True,2022
2022,"Industrial Development Board of Wayne County, Tennessee",,,,,No Debt,False,2022
2022,Industrial Development Board of Weakley County,TVA Loan-2007,738338.0,328502.56,Spec building-Martin TN,Direct,True,2022
2022,"Industrial Development Board of White County, Tennessee","IDB Revenue Bonds, Series 2009",3700000.0,,Project Taco Metals,Conduit,True,2022
2022,"Industrial Development Board of White County, Tennessee","Promissory Note, Series 2007",1400000.0,509424.09,Project HMMI,Conduit,True,2022
2022,Industrial Development Board of Williamson County,"$7,000,000 Educational Facilities Revenue Bond (Currey Ingram Academy Project), Seriies 2019",7000000.0,0.0,Provide funding to construct a 32-student dormitory to begin a residential program,Conduit,True,2022
2022,Industrial Development Board of Williamson County,Ed Facilities Revenue Bond (Grace Christian Academy of Leipers Fork Project) Series 2021,15000000.0,7786687.98,Construction of new high school,Conduit,True,2022
2022,Industrial Development Board of Williamson County,"Industrial Development Board of Williamson County, Tennessee Educational Facilities Revenue Refunding Bond (Currey Ingram Academy Project) Series 2022A",985000.0,985000.0,Currey Ingram Academy Project – refinancing of prior debt the proceeds of which were used to finance acquisition and construction of facilities on the Conduit Borrower’s campus.,Conduit,True,2022
2022,Industrial Development Board of Williamson County,"Industrial Development Board of Williamson County, Tennessee Educational Facilities Revenue Refunding Bond (Currey Ingram Academy Project) Series 2022B",2285716.0,2285716.0,"Refinancing of prior debt, the proceeds of which were used to construct a 32-student dormitory to begin a residential program",Conduit,True,2022
2022,Industrial Development Board of Williamson County,"Industrial Development Board of Williamson County, Tennessee Educational Facilities Revenue Refunding Bond (Currey Ingram Academy Project) Series 2022C",1751524.0,1751524.0,"Refinancing of prior debt, the proceeds of which were used to construct a 32-student dormitory to begin a residential program",Conduit,True,2022
2022,Industrial Development Board of Williamson County,"Industrial Development Revenue Note, Series A (Lampo Project); Issued on October 31, 2017",98000000.0,58877884.0,Construction of central business office,Conduit,True,2022
2022,Industrial Development Board of Williamson County,"The Industrial Development Board of Williamson County, Tennessee Educational Facilities Revenue Note (St. Michael Academy Project) Series 2022B",40000000.0,40000000.0,St. Michael Academy - K-8 School,Conduit,True,2022
2022,Industrial Development Board of Williamson County,"The Industrial Development Board of Williamson County, Tennessee Educational Facilities Revenue Refunding Bonds (Brentwood Academy Project) Series 2009",7925000.0,1935000.0,"The Industrial Development Board of Williamson County, Tennessee Educational Facilities Revenue Refunding Bonds (Brentwood Academy Project) Series 2009 – Purpose: Refinance Series 2005 Bonds",Conduit,True,2022
2022,Industrial Development Board of Williamson County,"The Industrial Development Board of Williamson County, Tennessee, Educational Facilities Revenue Refunding Bonds (Currey Ingram Academy Project) Series 2009",6105000.0,0.0,Currey Ingram Academy Project – refinancing of prior debt the proceeds of which were used to finance acquisition and construction of facilities on the Conduit Borrower’s campus.,Conduit,True,2022
2022,Industrial Development Board of Williamson County,"The Industrial Development Board of Williamson County, Tennessee, Educational Facilities Revenue Refunding Bonds (St. Matthew School Project) Series 2009",2050000.0,450000.0,St. Matthews School Project. Refinanced prior debt the proceeds of which were used to acquisition and construction on the Conduit Borrower’s campus,Conduit,True,2022
2022,Industrial Development Board of Wilson County,Kenwal 2007,10000000.0,,"Kenwal Steel Tennessee, LLC",Conduit,True,2022
2022,"Industrial Development Board of the City of Alamo, Tennessee",,,,,No Debt,False,2022
2022,"Industrial Development Board of the City of Alcoa, Tennessee",,,,,No Debt,False,2022
2022,Industrial Development Board of the City of Arlington,,,,,No Debt,False,2022
2022,"Industrial Development Board of the City of Bartlett, Tennessee",,,,,No Debt,False,2022
2022,"Industrial Development Board of the City of Berry Hill, Tennessee",,,,,No Debt,False,2022
2022,"Industrial Development Board of the City of Bolivar, Tennessee",,,,,No Debt,False,2022
2022,"Industrial Development Board of the City of Bradford, TN",,,,,No Debt,False,2022
2022,"Industrial Development Board of the City of Bristol, Tennessee",Revenue Bond (Johnson Pinnacle Project) Series 2013,1700000.0,1231969.0,Johnson Pinnacle Project (Revenue Supported Bonds),Conduit,True,2022
2022,"Industrial Development Board of the City of Bristol, Tennessee","State Sales Tax Revenue Bonds (The Pinnacle Project), Series 2016A, dated November 22, 2016",91085000.0,91085000.0,Pinnacle Project (State Sales Tax Revenue Supported Bonds),Direct,True,2022
2022,"Industrial Development Board of the City of Bristol, Tennessee","State Sales Tax Revenue Capital Appreciation Bonds (The Pinnacle Project), Series 2016B, dated November 22, 2016",29515400.2,21555642.0,Pinnacle Project (State Sales Tax Revenue Supported Bonds),Direct,True,2022
2022,"Industrial Development Board of the City of Bristol, Tennessee","Subordinate Tax Increment Revenue Bonds (Pinnacle Project), Series 2016B, dated November 30, 2016",3680000.0,2825000.0,Pinnacle Project (Property Tax Supported Bonds),Direct,True,2022
2022,"Industrial Development Board of the City of Bristol, Tennessee","Tax Increment Revenue Bonds (Pinnacle Project), Series 2016, dated November 30, 2016",30020000.0,27320000.0,Pinnacle Project (Property Tax Supported Bonds),Direct,True,2022
2022,"Industrial Development Board of the City of Brownsville and Haywood County, Tennessee",,,,,No Debt,False,2022
2022,"Industrial Development Board of the City of Chattanooga, Tennessee",139 Partners d/b/a Evergreen Real Estate - MLK Blvd Extension - Riverwalk - Pinnacle Bank 2018,3500000.0,2649307.0,Riverwalk,Conduit,True,2022
2022,"Industrial Development Board of the City of Chattanooga, Tennessee",2018A IDB Revenue Refunding 2007 Bonds,32235000.0,29575000.0,Refunding,Direct,True,2022
2022,"Industrial Development Board of the City of Chattanooga, Tennessee",2018C IDB Revenue Refunding 2010 Bonds Taxable,28200000.0,14885000.0,Refunding,Direct,True,2022
2022,"Industrial Development Board of the City of Chattanooga, Tennessee",Black Creek Mountain 2013,9089045.0,8793620.0,Black Creek,Conduit,True,2022
2022,"Industrial Development Board of the City of Chattanooga, Tennessee",Blue Cross Blue Shield 2021,200000000.0,200000000.0,Blue Cross Blue Shield,Conduit,True,2022
2022,"Industrial Development Board of the City of Chattanooga, Tennessee",East Chattanooga Rising (Nippon Paint Automotive Company) - Tubman Site 2020,4000000.0,3985232.0,Nippon Paint Auto Comp,Conduit,True,2022
2022,"Industrial Development Board of the City of Chattanooga, Tennessee",YMCA 2020,6900000.0,1494651.0,YMCA,Conduit,True,2022
2022,Industrial Development Board of the City of Cleveland,,,,,No Debt,False,2022
2022,Industrial Development Board of the City of Collinwood,,,,,No Debt,False,2022
2022,"Industrial Development Board of the City of Columbia, Tennessee","2016 Industrial Development Revenue Note, Series A (Project Summer)",3620000.0,1572584.3,Project Summer,Conduit,True,2022
2022,Industrial Development Board of the City of Cookeville,,,,,No Debt,False,2022
2022,Industrial Development Board of the City of Dayton,Industrial Property 2011,1100000.0,,Purchase of Industrial Property,Direct,True,2022
2022,Industrial Development Board of the City of Dresden,,,,,No Debt,False,2022
2022,Industrial Development Board of the City of Dunlap,Mountain Valley Bank 2020,160000.0,125429.37,5936 SR 28 Industrial Building,Direct,True,2022
2022,Industrial Development Board of the City of Dyer,,,,,No Debt,False,2022
2022,Industrial Development Board of the City of East Ridge,,,,,No Debt,False,2022
2022,"Industrial Development Board of the City of Elizabethton, Tennessee",,,,,No Debt,False,2022
2022,"Industrial Development Board of the City of Fairview, Tennessee",,,,,No Debt,False,2022
2022,Industrial Development Board of the City of Franklin,,,,,No Debt,False,2022
2022,Industrial Development Board of the City of Friendship,,,,,No Debt,False,2022
2022,"Industrial Development Board of the City of Germantown, Tennessee",,,,,No Debt,False,2022
2022,Industrial Development Board of the City of Goodlettsville,,,,,No Debt,False,2022
2022,Industrial Development Board of the City of Greenfield,Loan for Industry - Hwy 45,292500.0,194139.87,Financing of New Facility - Hwy 45,Conduit,True,2022
2022,"Industrial Development Board of the City of Harriman, Tennessee",,,,,No Debt,False,2022
2022,Industrial Development Board of the City of Henderson,Arvin Sango Bonds,10000000.0,,Arvin Sango Building and Equipment,Conduit,True,2022
2022,Industrial Development Board of the City of Henderson,FHU Educational Facilities Bond 2016,7500000.0,5637219.0,Construction of Hope Barber Shull Academic Resource Center,Conduit,True,2022
2022,Industrial Development Board of the City of Henderson,Southwest Human Resource Agency Series 2016,1300000.0,,Acquisition of Building and Kitchen Equipment,Conduit,True,2022
2022,Industrial Development Board of the City of Hohenwald,BRS Offroad 2021,905000.0,,BRS Offroad,Direct,True,2022
2022,Industrial Development Board of the City of Hohenwald,"Real Estate - Forrest Ave, 2012",358915.0,254359.14,239 Forrest Ave. - Kanson Electronic,Direct,True,2022
2022,"Industrial Development Board of the City of Humboldt, Tennessee",,,,,No Debt,False,2022
2022,Industrial Development Board of the City of Jackson,BICC Capital Project 1991 (Issued 2001),9000000.0,1000000.0,Conduit Debt offering,Conduit,True,2022
2022,Industrial Development Board of the City of Jackson,Bobrick Washroom Equipment 2020,4500000.0,4500000.0,Bobrick Building Construction,Conduit,True,2022
2022,Industrial Development Board of the City of Jefferson City,APPLACHIAN ELECTRIC 2019,1140000.0,886666.56,JEFFERSON CITY INDUSTRIAL COMPLEX,Direct,True,2022
2022,Industrial Development Board of the City of Jefferson City,APPLACHIAN ELECTRIC-2 2019,285000.0,224410.54,JEFFESON CITY INDUSTRIAL COMPLEX,Direct,True,2022
2022,"Industrial Development Board of the City of Johnson City, Tennessee",PILOT 2021,4000000.0,,"LabConnect Holdings, Inc.",Conduit,True,2022
2022,"Industrial Development Board of the City of Johnson City, Tennessee","Revenue Note, Series A 2017",2200000.0,,"LPI, Inc.",Conduit,True,2022
2022,Industrial Development Board of the City of Knoxville,,,,,No Debt,False,2022
2022,"Industrial Development Board of the City of Knoxville for the Downtown Cinema, Inc.",,,,,No Debt,False,2022
2022,Industrial Development Board of the City of La Vergne,,,,,No Debt,False,2022
2022,"Industrial Development Board of the City of Lafayette, Tennessee",,,,,No Debt,False,2022
2022,"Industrial Development Board of the City of Lakeland, Tennessee",Lakeland Commons Amended and Restated TIF,9750000.0,9750000.0,"Loan for infrastructure costs related to a mixed use development at 4895 Seed Tick Road, Lakeland, TN and 9678 Highway 70, Lakeland, TN 38002.",Conduit,True,2022
2022,Industrial Development Board of the City of Lawrenceburg,"$3,000,000 Industrial Development Revenue Board (Booker Assets TN, Inc) Series 2019",3000000.0,2622393.0,Manufacturing/Distribution Facilities,Conduit,True,2022
2022,Industrial Development Board of the City of Lawrenceburg,TIF Note (Best Western Hotel Plus Project) Series 2021,1032300.0,986531.05,Construction Best Western Hotel Plus,Direct,True,2022
2022,"Industrial Development Board of the City of Lenoir City, Tennessee","Collateralized Mulifamily Housing Bond, Series 2018",5500000.0,,Springplace Apartments,Conduit,True,2022
2022,"Industrial Development Board of the City of Loretto, Tennessee","The Industrial Development Board of the City of Loretto, TN 2019",140000.0,56000.0,Purchase Industrial Property,Direct,True,2022
2022,"Industrial Development Board of the City of Loudon, Tennessee","Tate & Lyle Ingredients Americas, LLC 1/1/2017",250000000.0,,T&L PILOT,Conduit,True,2022
2022,Industrial Development Board of the City of Martin,,,,,No Debt,False,2022
2022,Industrial Development Board of the City of McKenzie,,,,,No Debt,False,2022
2022,"Industrial Development Board of the City of Memphis and County of Shelby, TN",,,,,No Debt,False,2022
2022,Industrial Development Board of the City of Middleton,,,,,No Debt,False,2022
2022,"Industrial Development Board of the City of Milan, Tennessee",,,,,No Debt,False,2022
2022,Industrial Development Board of the City of Millington,Shoppes of Millington Farms 2017,3800000.0,3192248.53,TIF Loan for the Shoppes of Millington Farms,Conduit,True,2022
2022,"Industrial Development Board of the City of Morristown, Tennessee",Tax Increment Revenue Note 2010,1100000.0,550000.0,Barton Springs Development Project,Direct,True,2022
2022,"Industrial Development Board of the City of Morristown, Tennessee",Tax Increment Revenue Note 2013,2500000.0,1615.22,Masengill Springs Development Project,Direct,True,2022
2022,"Industrial Development Board of the City of Morristown, Tennessee",Tax Increment Revenue Note 2014,1725000.0,1237910.0,Popkin Town Center Development Project,Direct,True,2022
2022,"Industrial Development Board of the City of Morristown, Tennessee",Tax Increment Revenue Note 2014,3500000.0,1961745.0,The Downs at Wallace Farms Development Project,Direct,True,2022
2022,"Industrial Development Board of the City of Morristown, Tennessee",Tax Increment Revenue Note 2015,4660000.0,816056.0,Merchants Greene Development Project,Direct,True,2022
2022,"Industrial Development Board of the City of Morristown, Tennessee",Tax Increment Revenue Note 2015,1750000.0,765472.0,Cherokee Crossings Development Project,Direct,True,2022
2022,"Industrial Development Board of the City of Morristown, Tennessee",Tax Increment Revenue Note 2022,2803000.0,2803000.0,Merchants Greene Development Project,Direct,True,2022
2022,"Industrial Development Board of the City of Morristown, Tennessee",Tax Increment Revenue Note 2022,1000000.0,1000000.0,Bellwood Farms Development Project,Direct,True,2022
2022,Industrial Development Board of the City of Mount Pleasant,,,,,No Debt,False,2022
2022,"Industrial Development Board of the City of Newport and Cocke County, Tennessee",Industrial Revenue Bond (Industrial Park Project); 2020,1050000.0,1050000.0,Industrial Park Project,Direct,True,2022
2022,"Industrial Development Board of the City of Newport and Cocke County, Tennessee",Tax Increment Revenue Note (Sugar Cove Wastewater Project); 2017,223822.0,204396.0,Sugar Cove Wastewater Project,Direct,True,2022
2022,Industrial Development Board of the City of Oak Ridge,Demand Bonds,27700000.0,16988000.0,Oak Ridge Associated Universities Project,Conduit,True,2022
2022,Industrial Development Board of the City of Oak Ridge,Lease Revenue Bonds,154360000.0,91044999.93,Y-12 National Security Complex,Conduit,True,2022
2022,Industrial Development Board of the City of Oak Ridge,Multifamily Housing Revenue Bond,11000000.0,11000000.0,Frank Callaghan Towers,Conduit,True,2022
2022,Industrial Development Board of the City of Oak Ridge,Social Multifamily Tax-Exempt Mortgage Backed Bonds,10165000.0,10165000.0,McKenzie Acres Apartments,Conduit,True,2022
2022,Industrial Development Board of the City of Oak Ridge,Tax Increment Revenue Note,13000000.0,13000000.0,Oak Ridge Mall Development,Direct,True,2022
2022,"Industrial Development Board of the City of Paris, Tennessee",Eurotranciatura East 2022-1,754000.0,706132.87,Acquisition of facility for lease to Euro,Conduit,True,2022
2022,"Industrial Development Board of the City of Paris, Tennessee",Eurotranciatura East Equipment 2022-2,146000.0,136844.0,Acquisition of equipment for lease to Euro,Conduit,True,2022
2022,"Industrial Development Board of the City of Parsons, Tennessee",,,,,No Debt,False,2022
2022,Industrial Development Board of the City of Pikeville,,,,,No Debt,False,2022
2022,"Industrial Development Board of the City of Portland, Tennessee",Bennett Properties ATA Retail Jacent 2012,3450000.0,,Capital Investment,Conduit,True,2022
2022,"Industrial Development Board of the City of Portland, Tennessee",Kyowa America 2012,26500000.0,,Capital Investment,Conduit,True,2022
2022,"Industrial Development Board of the City of Portland, Tennessee",North American Stamping Group 2013,28000000.0,,Capital Investment,Conduit,True,2022
2022,"Industrial Development Board of the City of Portland, Tennessee",Portland Capital Partners 2012,11750000.0,,Capital Investment,Conduit,True,2022
2022,"Industrial Development Board of the City of Portland, Tennessee",SIF Portland LLC & RB Distribution 2018,50000000.0,,Capital Investment,Conduit,True,2022
2022,"Industrial Development Board of the City of Portland, Tennessee",Shoals LLC & Shoals Technologies 2011,25500000.0,,Capital Investment,Conduit,True,2022
2022,"Industrial Development Board of the City of Portland, Tennessee",Stevison Ham Company 2017,7000000.0,,Capital Investment,Conduit,True,2022
2022,"Industrial Development Board of the City of Portland, Tennessee",Tractor Supply 2018,327000.0,,Capital Investment,Conduit,True,2022
2022,Industrial Development Board of the City of Pulaski and Giles County,Avenue at Giles (2015),775000.0,,Avenue at Giles Project 1,Conduit,True,2022
2022,Industrial Development Board of the City of Pulaski and Giles County,Avenue at Giles (2018),580000.0,,Avenue at Giles Project 2,Conduit,True,2022
2022,Industrial Development Board of the City of Pulaski and Giles County,Integrity Injection Mold (2022),1000000.0,958570.83,Integrity Injection Mold - TVA,Conduit,True,2022
2022,Industrial Development Board of the City of Pulaski and Giles County,Integrity Mold (2021),4800000.0,4730693.14,Integrity Mold -Expansion,Conduit,True,2022
2022,Industrial Development Board of the City of Pulaski and Giles County,PGI Investments (2016),962343.0,645727.1,PGI Purchase,Conduit,True,2022
2022,Industrial Development Board of the City of Pulaski and Giles County,PGI Investments (2017),500000.0,242561.99,PGI Expansion - TVA Portion),Conduit,True,2022
2022,Industrial Development Board of the City of Pulaski and Giles County,PGI Investments (2017),1469418.0,779004.91,PGI Expansion (Bank portion),Conduit,True,2022
2022,Industrial Development Board of the City of Pulaski and Giles County,PGI Investments (Lease/Purchase) 2015,3021000.0,1435242.17,PGI Lease/Purchase,Conduit,True,2022
2022,Industrial Development Board of the City of Pulaski and Giles County,Saargummi (2011),600000.0,220063.98,Saargummi Lease/Purchase,Conduit,True,2022
2022,Industrial Development Board of the City of Pulaski and Giles County,Twin City Fan (2015),5225000.0,3720547.4,TCF Purchase-Refinance,Conduit,True,2022
2022,Industrial Development Board of the City of Ridgely,City of Ridgely 2018,112593.0,,Refinance building,Direct,True,2022
2022,Industrial Development Board of the City of Ripley,"GO Lease Rental Rev Bonds, Series 2009",4830000.0,1335000.0,Courthouse Square Revitalization,Conduit,True,2022
2022,Industrial Development Board of the City of Ripley,"Loan Agreement, Series 2012",1600000.0,1042081.0,Quaprotek USA LP project,Conduit,True,2022
2022,Industrial Development Board of the City of Rockwood,,,,,No Debt,False,2022
2022,"Industrial Development Board of the City of Rutherford, Tennessee",,,,,No Debt,False,2022
2022,"Industrial Development Board of the City of Sevierville, Tennessee","Revenue Bonds, Series 2015",2025000.0,1235589.0,River Landing Infrastructure,Conduit,True,2022
2022,Industrial Development Board of the City of Shelbyville,,,,,No Debt,False,2022
2022,"Industrial Development Board of the City of Smithville, Tennessee",,,,,No Debt,False,2022
2022,"Industrial Development Board of the City of South Fulton, Tennessee, Inc.",WARREN SEED PROPERTY 12/19/2013,580000.0,,WARREN SEED,Conduit,True,2022
2022,"Industrial Development Board of the City of Spencer, Tennessee",,,,,No Debt,False,2022
2022,"Industrial Development Board of the City of Springfield, Tennessee",,,,,No Debt,False,2022
2022,Industrial Development Board of the City of Sweetwater,,,,,No Debt,False,2022
2022,Industrial Development Board of the City of Tiptonville,,,,,No Debt,False,2022
2022,"Industrial Development Board of the City of Union City, Tennessee",Gopal 2018,1600000.0,1600000.0,Hampton INN,Conduit,True,2022
2022,"Industrial Development Board of the City of Union City, Tennessee",MIA -operating,400000.0,80000.0,Operation,Direct,True,2022
2022,"Industrial Development Board of the City of Union City, Tennessee",MIA-Note 1 Building,3250000.0,650000.0,Building,Conduit,True,2022
2022,"Industrial Development Board of the City of Union City, Tennessee",TIF-GAM,3500000.0,3138325.0,2 hotels and pavillion,Conduit,True,2022
2022,"Industrial Development Board of the City of Waynesboro, Tennessee",,,,,No Debt,False,2022
2022,Industrial Development Board of the City of Westmoreland,Building Loan,550000.0,299818.0,Purchase Building,Direct,True,2022
2022,Industrial Development Board of the City of Westmoreland,Improvements Loan-2017,97930.0,27086.0,Improvements to Building,Direct,True,2022
2022,Industrial Development Board of the City of Westmoreland,Project Stitch Loan,119933.0,52491.0,Improvements to Building,Direct,True,2022
2022,"Industrial Development Board of the City of White House, Tennessee",,,,,No Debt,False,2022
2022,"Industrial Development Board of the Counties of Cumberland, Morgan & Roane, TN",,,,,No Debt,False,2022
2022,Industrial Development Board of the County of Benton,,,,,No Debt,False,2022
2022,"Industrial Development Board of the County of Bradley and the City of Cleveland, Tennessee",Recovery Zone Facility Revenue Bonds Series 2010,41000000.0,41000000.0,Manufacturing Facility Upgrades,Conduit,True,2022
2022,"Industrial Development Board of the County of Bradley and the City of Cleveland, Tennessee",Revenue Bond (Maytag Project) Series 2010,225000000.0,225000000.0,Manufacturing Facilities,Conduit,True,2022
2022,"Industrial Development Board of the County of Bradley and the City of Cleveland, Tennessee","Revenue Bond, Series A (Bayer Healthcare LLC 2018 Project)",20000000.0,20000000.0,Admin Building-Manufacturing,Conduit,True,2022
2022,"Industrial Development Board of the County of Bradley and the City of Cleveland, Tennessee","Revenue Bond, Series B (Bayer Healthcare LLC 2018 Project)",5000000.0,5000000.0,Admin Building-Manufacturing,Conduit,True,2022
2022,Industrial Development Board of the County of Carroll,,,,,No Debt,False,2022
2022,"Industrial Development Board of the County of Decatur, Tennessee",,,,,No Debt,False,2022
2022,Industrial Development Board of the County of Dickson,,,,,No Debt,False,2022
2022,"Industrial Development Board of the County of Hardeman, Tennessee",,,,,No Debt,False,2022
2022,Industrial Development Board of the County of Hickman,,,,,No Debt,False,2022
2022,Industrial Development Board of the County of Jackson,,,,,No Debt,False,2022
2022,"Industrial Development Board of the County of Johnson County, Tennessee",,,,,No Debt,False,2022
2022,Industrial Development Board of the County of Sequatchie,,,,,No Debt,False,2022
2022,"Industrial Development Board of the County of Sevier, Tennessee",,,,,No Debt,False,2022
2022,Industrial Development Board of the County of Sullivan,,,,,No Debt,False,2022
2022,Industrial Development Board of the County of Sumner,,,,,No Debt,False,2022
2022,Industrial Development Board of the County of Tipton,,,,,No Debt,False,2022
2022,"Industrial Development Board of the County of Union, Tennessee",,,,,No Debt,False,2022
2022,"Industrial Development Board of the County of Washington, Tennessee",,,,,No Debt,False,2022
2022,"Industrial Development Board of the Town of Ardmore, Tennessee",Line Of Credit Issued 2016,350000.0,0.0,Open Line of Credit,Direct,True,2022
2022,Industrial Development Board of the Town of Centerville,,,,,No Debt,False,2022
2022,"Industrial Development Board of the Town of Collierville, Tennessee",,,,,No Debt,False,2022
2022,"Industrial Development Board of the Town of Cornersville, Tennessee",,,,,No Debt,False,2022
2022,"Industrial Development Board of the Town of Covington, Tennessee",Charms 1992 Bonds - 1992,7500000.0,7500000.0,Industrial expansion,Conduit,True,2022
2022,"Industrial Development Board of the Town of Covington, Tennessee",US Cold Storage - Series 2014,49500000.0,11206961.0,Industrial expansion,Conduit,True,2022
2022,"Industrial Development Board of the Town of Covington, Tennessee","Unilever, Series 2014-1",30342242.0,10032670.0,Industrial expansion,Conduit,True,2022
2022,"Industrial Development Board of the Town of Decherd, Tennessee",,,,,No Debt,False,2022
2022,"Industrial Development Board of the Town of Dover, Tennessee",,,,,No Debt,False,2022
2022,"Industrial Development Board of the Town of Greeneville and Greene County, Tennessee",Tax Increment Revenue Note (Series 2019),200000.0,150941.0,Town Crossing Development Area,Direct,True,2022
2022,"Industrial Development Board of the Town of Greeneville and Greene County, Tennessee",Tax Increment Revenue Note (Series 2020),200000.0,178322.0,2645 E. Andrew Johnson Highway,Direct,True,2022
2022,"Industrial Development Board of the Town of Greeneville and Greene County, Tennessee",Tax Increment Revenue Note (Series 2021),300000.0,285633.0,1055 W. Andrew Johnson Highway,Direct,True,2022
2022,Industrial Development Board of the Town of Halls,,,,,No Debt,False,2022
2022,Industrial Development Board of the Town of Huntingdon,"Capital Outlay Notes, Series 2013",522633.0,423705.46,Hockey Rink,Direct,True,2022
2022,Industrial Development Board of the Town of Huntingdon,"Capital Outlay Notes, Series 2020",2005547.0,1904101.96,Dynamix Facility,Direct,True,2022
2022,Industrial Development Board of the Town of New Tazewell,,,,,No Debt,False,2022
2022,"Industrial Development Board of the Town of Newbern, Tennessee",,,,,No Debt,False,2022
2022,Industrial Development Board of the Town of Obion,,,,,No Debt,False,2022
2022,"Industrial Development Board of the Town of Oneida, Tennessee",,,,,No Debt,False,2022
2022,Industrial Development Board of the Town of Smyrna,,,,,No Debt,False,2022
2022,"Industrial Development Board of the Town of Sparta, Tennessee",,,,,No Debt,False,2022
2022,"Industrial Development Board of the Town of Trezevant, Tennessee",,,,,No Debt,False,2022
2022,Industrial Development Board of the Town of White Pine,,,,,No Debt,False,2022
2022,"Industrial Development Corporation of the Town of Troy, Tennessee",Construction Loan -- Draw Account,200150.0,52419.0,Petainer Project,Direct,True,2022
2022,"Industrial Development Corporation of the Town of Troy, Tennessee","Fixed Loan, 12/17/2018",383375.0,226597.0,Air-Evac Facility,Direct,True,2022
2022,Joint Industrial Development Board of Celina and Clay County,JIDB of Celina & Clay County 2016,215000.0,194515.58,Purchase 1200 Mitchell St Property,Direct,True,2022
2022,Kingsport Industrial Development Board,2009 - Multifamily Housing Revenue Bond,11050000.0,11050000.0,Model City Apartment Project,Conduit,True,2022
2022,Kingsport Industrial Development Board,2013 - General Shale Loan,3289320.21,3289320.21,General Shale Loan,Direct,True,2022
2022,Kingsport Industrial Development Board,2019 - Miracle Field Loan,1800000.0,1127500.0,Miracle Field Loan,Direct,True,2022
2022,Kingsport Industrial Development Board,2020 - Anita's Foods Loan,6640000.0,6383915.67,Anita's Foods Loan,Direct,True,2022
2022,Kingsport Industrial Development Board,2020 - Multifamily Housing Revenue Bond,8500000.0,8500000.0,Kingsport West,Conduit,True,2022
2022,Lewisburg Industrial Development Board,Revenue Bonds Series 2003,25000000.0,25000000.0,Solid Waste Disposal,Conduit,True,2022
2022,Lewisburg Industrial Development Board,Revenue Bonds Series 2006,22000000.0,22000000.0,Solid Waste Disposal,Conduit,True,2022
2022,Lexington Industrial Development Board,"Promissory Note First Bank, 2010",950000.0,621822.5,"Industrial Bldg, Industrial Dr.",Direct,True,2022
2022,Memphis Center City Revenue Finance Corporation,"Qualified Energy Conservation Bonds, 2015A",8316000.0,3326400.0,Crosstown Concourse,Conduit,True,2022
2022,Memphis Center City Revenue Finance Corporation,"Qualified Energy Conservation Bonds, 2015B",2015300.0,604590.0,Self Tucker Headquarters,Conduit,True,2022
2022,Memphis Center City Revenue Finance Corporation,"Qualified Energy Conservation Bonds, 2015C",340700.0,102210.0,Knowledge Quest Headquarters,Conduit,True,2022
2022,Memphis Center City Revenue Finance Corporation,Series 2021 Direct Note Obligation DMA Projects,40000000.0,28297500.0,Mobility Projects,Direct,True,2022
2022,Memphis Center City Revenue Finance Corporation,Sports Facility Revenue Bonds (Stadium Project) 2014A,17925000.0,12200000.0,AutoZone Park,Direct,True,2022
2022,Memphis Center City Revenue Finance Corporation,Sports Facility Revenue Bonds (Stadium Project) 2014B,5720000.0,3090000.0,AutoZone Park,Direct,True,2022
2022,Memphis Center City Revenue Finance Corporation,Tax-Exempt Revenue Bonds,11000000.0,9629276.0,Crosstown Arts Theatre Project Series (2016),Conduit,True,2022
2022,Monroe County Industrial Development Bond Board,,,,,No Debt,False,2022
2022,"Morgan County Economic Development Board, Inc.",Commercial Promissory Note 2019,3608710.0,0.0,Industrial Building,Direct,True,2022
2022,"Morgan County Economic Development Board, Inc.",Commercial Promissory Note 2021,1000000.0,874387.68,Industrial Building,Direct,True,2022
2022,"Morgan County Economic Development Board, Inc.",Sales Tax Increment Revenue Note 2017,300000.0,0.0,Brushy Mountain Project,Direct,True,2022
2022,"Morgan County Economic Development Board, Inc.",Sales Tax Increment Revenue Note 2021,850000.0,692576.2,Brushy Mountain Project,Direct,True,2022
2022,Phipps Bend Joint Venture,,,,,No Debt,False,2022
2022,Piperton Industrial Development Board,,,,,No Debt,False,2022
2022,Savannah Industrial Development Corporation,,,,,No Debt,False,2022
2022,Selmer-McNairy County Industrial Development Board,CENTRAL BANK NOTE PAYABLE 2020,1148312.45,970024.0,MONOGRAM EXPANSION,Direct,True,2022
2022,Selmer-McNairy County Industrial Development Board,HOME BANKING CO 2014,1756242.0,548783.0,UNITED STAINLESS EXPANSION,Direct,True,2022
2022,Selmer-McNairy County Industrial Development Board,MONOGRAM REFRIGERATION LLC,20000000.0,18481094.0,INDUSTRIAL DEVELOPMENT,Conduit,True,2022
2022,Selmer-McNairy County Industrial Development Board,MULBERRY FARM LLC,1000000.0,1000000.0,INDUSTRIAL DEVELOPMENT,Conduit,True,2022
2022,Selmer-McNairy County Industrial Development Board,PICKWICK ELECTRIC COOP NOTE PAYABLE 2014,1000000.0,116596.0,MONOGRAM EXPANSION,Direct,True,2022
2022,Selmer-McNairy County Industrial Development Board,SELMER FARMS LLC,500000.0,500000.0,INDUSTRIAL DEVELOPMENT,Conduit,True,2022
2022,Selmer-McNairy County Industrial Development Board,SELMER NORTH I LLC,1330000.0,1330000.0,INDUSTRIAL DEVELOPMENT,Conduit,True,2022
2022,Selmer-McNairy County Industrial Development Board,SELMER NORTH II LLC,400000.0,400000.0,INDUSTRIAL DEVELOPMENT,Conduit,True,2022
2022,Selmer-McNairy County Industrial Development Board,"TVA NOTE PAYABLE, SERIES 2019",2000000.0,1863521.0,MONOGRAM EXPANSION,Direct,True,2022
2022,Stewart - Houston County Industrial Park Board,,,,,No Debt,False,2022
2022,"The Fayette County Industrial Development Board of Fayette County, Tennessee","Revenue Bond, Series 2014 (Fayette Academy Project)",3350000.0,1899851.61,Fayette Academy Project - 501(c)(3) conduit issuance,Conduit,True,2022
2022,"The Industrial Development Board of Maury County, Tennessee",Industrial Revenue Bond Series 2018,4000000.0,2730000.0,Innovation Park Project,Direct,True,2022
2022,"The Industrial Development Board of Maury County, Tennessee",Mt. Pleasant Power USDA 2019,360000.0,300000.0,Cherry Glen Spec Building #2,Direct,True,2022
2022,"The Industrial Development Board of Maury County, Tennessee",UST TIF Note 2/26/15,5800000.0,1883105.07,UST Inc TIFF Landmark Tile Mt. Pleasant TN at First Farmers,Conduit,True,2022
2022,The Industrial Development Board of the County of Montgomery,"AtlasBX America Corp., Series A-2018",150000000.0,,AtlasBX Manufacturing Facilities,Conduit,True,2022
2022,The Industrial Development Board of the County of Montgomery,"Bridgestone Metalpha, Series A-2012",30000000.0,,Bridgestone Metalpha Manufacturing Expansion,Conduit,True,2022
2022,The Industrial Development Board of the County of Montgomery,"Bridgestone Metalpha, Series B-2012",55000000.0,,Bridgestone Metalpha Manufacturing Expansion,Conduit,True,2022
2022,The Industrial Development Board of the County of Montgomery,"Hankook Tire, Series A-2014",30000000.0,,Hankook Tire Manufacturing Plant Development,Conduit,True,2022
2022,The Industrial Development Board of the County of Montgomery,"Hankook Tire, Series A-2015",150000000.0,,Hankook Tire Manufacturing Plant Development,Conduit,True,2022
2022,The Industrial Development Board of the County of Montgomery,"Hankook Tire, Series A-2016",80000000.0,,Hankook Tire Manufacturing Plant Development,Conduit,True,2022
2022,The Industrial Development Board of the County of Montgomery,"Industrial Revenue Note (Industrial Park Project), Series 2021",18500000.0,18500000.0,420 Acre East Industrial Park,Direct,True,2022
2022,The Industrial Development Board of the County of Montgomery,Office Complex Note Payable - 2020,3675596.0,3727755.0,Office Complex Development at Dunlop Lane,Direct,True,2022
2022,The Industrial Development Board of the County of Montgomery,"Shiloh Project, Series A-2014",5000000.0,,Shiloh Project Expansion,Conduit,True,2022
2022,Tullahoma Industrial Development Board,,,,,No Debt,False,2022
2022,Van Buren Industrial Development Board,,,,,No Debt,False,2022
2022,Winfield Industrial Development Board,,,,,No Debt,False,2022
2023,Adamsville-McNairy County Industrial Development Board,,,,,No Debt,False,2023
2023,Bledsoe County Industrial Development Corporation,,,,,No Debt,False,2023
2023,Cannon County Industrial Development Board,,,,,No Debt,False,2023
2023,Carter County Industrial Development Board,"Revenue Bond, Series 2012 (Millington College Project)",7500000.0,,Millington College,Conduit,True,2023
2023,City of Hendersonville Industrial Development Board,"$13,300,000 Multifamily Note (Governmental Waterview Apartments Project)",13300000.0,12453434.55,Waterview Apartments,Conduit,True,2023
2023,City of Hendersonville Industrial Development Board,"5,925,000 Multifamily Bond (Hickory Pointe Apartments)",5925000.0,4925000.0,Hickory Pointe Apartments,Conduit,True,2023
2023,City of Trenton Economic and Industrial Development Board,General 2017,149489.59,0.0,Consolidation,Direct,True,2023
2023,City of Trenton Economic and Industrial Development Board,Van Can 2011,1750000.0,84295.0,Van Can,Direct,True,2023
2023,City of Trenton Economic and Industrial Development Board,Van Can 2017,221164.29,82855.56,Renewal of sale of building Pilot,Conduit,True,2023
2023,Claiborne County Economic and Community Development Board,,,,,No Debt,False,2023
2023,Decaturville Industrial Development Board,,,,,No Debt,False,2023
2023,"Economic Development Growth Engine Industrial Development Board of the City of Memphis and County of Shelby, TN",EDGE Direct Note Obligation (EPPF Project) Series 2016A,25000000.0,23623300.0,"Finance capital improvements and capital expenditures for the constructing and equipping of an approximately 220,000 sq. ft. retail, entertainment and commercial facility known as Elvis Past Present and Future and pay costs of issuance.",Conduit,True,2023
2023,"Economic Development Growth Engine Industrial Development Board of the City of Memphis and County of Shelby, TN",EDGE Direct Note Obligation (EPPF Project) Series 2016B,25000000.0,14173980.0,"Finance capital improvements and capital expenditures for the constructing and equipping of an approximately 220,000 sq. ft. retail, entertainment and commercial facility known as Elvis Past Present and Future and pay costs of issuance.",Conduit,True,2023
2023,"Economic Development Growth Engine Industrial Development Board of the City of Memphis and County of Shelby, TN",EDGE Economic Development Bonds (City of Memphis Project) Series 2021A,19140000.0,19140000.0,"Provide funds for a loan to the City of Memphis which will be used by the city to (i) finance certain capital improvement projects within the city consisting of improvements to AutoZone Park stadium, the FedEx Forum arena, the Historic Melrose development and multifamily housing facilities to be occupied by persons of low or moderate income, elderly or handicapped persons; and (ii) pay certain costs of issuance.",Conduit,True,2023
2023,"Economic Development Growth Engine Industrial Development Board of the City of Memphis and County of Shelby, TN","EDGE Qualified Energy Conservation Bond, Series 2017",2142850.0,,"Finance energy conservation installations and improvements to Southbrook Towne Center, including roofing demolition and replacement with energy efficient materials, HVAC systems, lighting, building envelope, electricity plug load, renewable energy technology, and costs of issuance.",Conduit,True,2023
2023,"Economic Development Growth Engine Industrial Development Board of the City of Memphis and County of Shelby, TN","EDGE Revenue Bonds, Series 2021",69635000.0,69635000.0,Proceeds loaned to the City of Memphis to pay together with other money (i) the cost of capital improvements to the public area of the city known as “Liberty Land” (ii) costs of issuance; (iii) fund the temporary Series 2021 Bonds Debt Service Reserve Fund; and (iv) pay or provide for the payment of the Series 2021 Bonds or any portion thereof.,Conduit,True,2023
2023,"Economic Development Growth Engine Industrial Development Board of the City of Memphis and County of Shelby, TN","EDGE Revenue Refunding Bond, Series 2022",28935000.0,,Refund Port Commission Bond series 2011,Conduit,True,2023
2023,"Economic Development Growth Engine Industrial Development Board of the City of Memphis and County of Shelby, TN","EDGE Senior Tax Increment Revenue Bonds, Series 2017B",24430000.0,39165000.0,"Refinance the EDGE $84,000,000 Direct Note Obligation (Graceland) Series 2015A, fund additional Graceland development costs, fund the Series 2017 Debt Service Reserve and pay certain costs of issuance.",Conduit,True,2023
2023,"Economic Development Growth Engine Industrial Development Board of the City of Memphis and County of Shelby, TN","EDGE Senior Tax Increment Revenue Bonds, Series 2017B",24375000.0,24375000.0,"Refinance the EDGE $84,000,000 Direct Note Obligation (Graceland) Series 2015A, fund additional Graceland development costs, fund the Series 2017 Debt Service Reserve and pay certain costs of issuance.",Conduit,True,2023
2023,"Economic Development Growth Engine Industrial Development Board of the City of Memphis and County of Shelby, TN","EDGE Special Project Revenue Obligation, Series 2014",4000000.0,1743391.16,"(Serenity Recovery Centers, Inc. Project) Refinancing of taxable indebtedness, owed to a bank and a limited family partnership, previously incurred to finance the acquisition, construction and equipping of capital improvements to the facilities of Serenity Recovery Centers, Inc.’s facilities in Memphis, Tennessee and the acquisition, construction, renovation and equipping of $400,000 of improvements to a women’s dormitory facility in Memphis, Tennessee.",Conduit,True,2023
2023,"Economic Development Growth Engine Industrial Development Board of the City of Memphis and County of Shelby, TN","EDGE Subordinate Tax Increment Revenue Bonds, Series 2017E",10000000.0,10000000.0,"Refinance the EDGE $84,000,000 Direct Note Obligation (Graceland) Series 2015A, fund additional Graceland development costs, fund the Series 2017 Debt Service Reserve and pay certain costs of issuance.",Conduit,True,2023
2023,"Economic Development Growth Engine Industrial Development Board of the City of Memphis and County of Shelby, TN","EDGE TDZ Revenue Refunding Bonds, Series 2017B",87725000.0,87725000.0,"Proceeds loaned to City of Memphis, and together with other available funds, will be used to refund and defease the Memphis Center City Revenue Finance Corporation Federally Taxable Senior Revenue Bonds, Series 2011A, Exempt Subordinate Revenue Bonds, Series 2011B and Federally Taxable Subordinate Revenue Bonds, Series 2011C (Pyramid and Pinch District Redevelopment Project) and pay certain costs of issuance.",Conduit,True,2023
2023,"Economic Development Growth Engine Industrial Development Board of the City of Memphis and County of Shelby, TN","EDGE TDZ Revenue Refunding Bonds, Series 2017C",34300000.0,25735000.0,"Proceeds loaned to City of Memphis, and together with other available funds, will be used to refund and defease the Memphis Center City Revenue Finance Corporation Federally Taxable Senior Revenue Bonds, Series 2011A, Exempt Subordinate Revenue Bonds, Series 2011B and Federally Taxable Subordinate Revenue Bonds, Series 2011C (Pyramid and Pinch District Redevelopment Project) and pay certain costs of issuance.",Conduit,True,2023
2023,"Economic Development Growth Engine Industrial Development Board of the City of Memphis and County of Shelby, TN",Economic Development Bonds (City of Memphis Project) Series 2021B,5115000.0,5115000.0,"Provide funds for a loan to the City of Memphis which will be used by the city to (i) finance certain capital improvement projects within the city consisting of improvements to AutoZone Park stadium, the FedEx Forum arena, the Historic Melrose development and multifamily housing facilities to be occupied by persons of low or moderate income, elderly or handicapped persons; and (ii) pay certain costs of issuance.",Conduit,True,2023
2023,"Economic Development Growth Engine Industrial Development Board of the City of Memphis and County of Shelby, TN","Revenue Refunding Bond, Series 2019",7375000.0,,"Refund the $6,410,000 the Industrial Development Board of the City of Memphis and County of Shelby, Tennessee Variable Rate Refunding Revenue Bonds (YMCA Projects) Series 2010 and $3,150,000 The Industrial Development Board of the City of Memphis and County of Shelby, Tennessee Special Project Revenue Obligation (YMCA of Memphis and the Mid-South Project).",Conduit,True,2023
2023,"Economic Development Growth Engine Industrial Development Board of the City of Memphis and County of Shelby, TN","Senior Tax Increment Revenue Bonds, Series 2017A",40490000.0,39165000.0,"Refinance the EDGE $84,000,000 Direct Note Obligation (Graceland) Series 2015A, fund additional Graceland development costs, fund the Series 2017 Debt Service Reserve and pay certain costs of issuance.",Conduit,True,2023
2023,"Economic Development Growth Engine Industrial Development Board of the City of Memphis and County of Shelby, TN","Subordinate Tax Increment Revenue Bonds, Series 2017D",5005000.0,4975000.0,"Refinance the EDGE $84,000,000 Direct Note Obligation (Graceland) Series 2015A, fund additional Graceland development costs, fund the Series 2017 Debt Service Reserve and pay certain costs of issuance.",Conduit,True,2023
2023,"Economic Development Growth Engine Industrial Development Board of the City of Memphis and County of Shelby, TN","TDZ Revenue Refunding Bonds, Series 2017A",36215000.0,,"Proceeds loaned to City of Memphis, and together with other available funds, will be used to refund and defease the Memphis Center City Revenue Finance Corporation Federally Taxable Senior Revenue Bonds, Series 2011A, Exempt Subordinate Revenue Bonds, Series 2011B and Federally Taxable Subordinate Revenue Bonds, Series 2011C (Pyramid and Pinch District Redevelopment Project) and pay certain costs of issuance.",Conduit,True,2023
2023,"Economic Development Growth Engine Industrial Development Board of the City of Memphis and County of Shelby, TN","The Industrial Development Board of the City of Memphis and County of Shelby, Tennessee Variable Rate Demand Revenue Bonds Series 2007A and Series 2007B",5600000.0,,"Finance or refinance the acquisition, renovation, construction and equipping of certain Boys and Girls Club facilities in the City of Memphis.",Conduit,True,2023
2023,Fayetteville-Lincoln County Industrial Development Board,Industrial Revenue Bond (Industrial Park Project) Series 2021,2590000.0,2365000.01,Horizon Industrial Park,Direct,True,2023
2023,Fayetteville-Lincoln County Industrial Development Board,Tax Increment Revenue Note (Series 2015 A & Series 2015 B),850000.0,157941.29,The Avenue at Lincoln Center,Direct,True,2023
2023,Gallatin Industrial Development Board,,,,,No Debt,False,2023
2023,Hancock County Industrial Development Board,,,,,No Debt,False,2023
2023,Hartsville/Trousdale County Industrial Development Board,,,,,No Debt,False,2023
2023,Hawkins County Industrial Development Board,,,,,No Debt,False,2023
2023,"Industrial Board of Coffee County, Tennessee, Inc.",,,,,No Debt,False,2023
2023,"Industrial Board of the Town of Bruceton, Tennessee",,,,,No Debt,False,2023
2023,"Industrial Development Board of Anderson County, Tennessee","Tax Increment Revenue Note (David Jones Business Park Development), Series 2017",450000.0,267972.09,David Jones Business Park Development Phase 1,Direct,True,2023
2023,"Industrial Development Board of Anderson County, Tennessee","Tax Increment Revenue Note (David Jones Business Park Development), Series 2022",350000.0,350000.0,David Jones Business Park Development Phase 2,Direct,True,2023
2023,"Industrial Development Board of Anderson County, Tennessee","Tax Increment Revenue Note (STNL Development Area), Series 2019",550000.0,494999.9,STNL Development Area,Direct,True,2023
2023,"Industrial Development Board of Anderson County, Tennessee","Tax Increment Revenue Note (The Glen Alpine Economic Development Area), Series 2020",1250000.0,1174083.1,The Glen Alpine Economic Development Area,Direct,True,2023
2023,"Industrial Development Board of Anderson County, Tennessee","Tax Increment Revenue Note (VRL Hotels 5 LLC Project), Series 2019",1000000.0,882491.55,VRL Hotels 5 LLC Project,Direct,True,2023
2023,Industrial Development Board of Blount County and the Cities of Alcoa and Maryville,INDUSTRIAL REVENUE NOTES (PROJECT PEARL) SERIES 2020A & 2020B ISSUED 2021,12000000.0,12000000.0,INFRASTRUCTURE FOR PROJECT PEARL FACILITY,Conduit,True,2023
2023,Industrial Development Board of Blount County and the Cities of Alcoa and Maryville,Maryville Civic Arts Center Project,32300000.0,5685000.0,Clayton Center for the Arts Construction Note,Conduit,True,2023
2023,Industrial Development Board of Blount County and the Cities of Alcoa and Maryville,R&D Park Note,5000000.0,4969769.0,Construction of R&D Park,Direct,True,2023
2023,Industrial Development Board of Blount County and the Cities of Alcoa and Maryville,R&D Park Note,5000000.0,4840320.0,Construction of R&D Park,Direct,True,2023
2023,Industrial Development Board of Blount County and the Cities of Alcoa and Maryville,R&D Park Note,5000000.0,4992143.0,Construction of R&D Park,Direct,True,2023
2023,Industrial Development Board of Blount County and the Cities of Alcoa and Maryville,R&D Park Note,5000000.0,4661071.0,Construction of R&D Park,Direct,True,2023
2023,Industrial Development Board of Blount County and the Cities of Alcoa and Maryville,Revenue Bond (Foothills Publix Project) Series 2022,650000.0,0.0,Publix Construction,Conduit,True,2023
2023,"Industrial Development Board of Brownsville, Tennessee",,,,,No Debt,False,2023
2023,"Industrial Development Board of Campbell County, Tennessee",,,,,No Debt,False,2023
2023,Industrial Development Board of Cheatham County,,,,,No Debt,False,2023
2023,"Industrial Development Board of Crockett County, Tennessee",,,,,No Debt,False,2023
2023,"Industrial Development Board of Cumberland County, Tennessee",,,,,No Debt,False,2023
2023,"Industrial Development Board of DeKalb County, Tennessee",,,,,No Debt,False,2023
2023,Industrial Development Board of Dyer County,Tax Increment Revenue Note,3000000.0,2673071.38,The Commons Retail Development Project,Conduit,True,2023
2023,Industrial Development Board of Erin,,,,,No Debt,False,2023
2023,"Industrial Development Board of Fentress County, Inc.",,,,,No Debt,False,2023
2023,Industrial Development Board of Franklin County,,,,,No Debt,False,2023
2023,"Industrial Development Board of Gibson County, Tennessee",,,,,No Debt,False,2023
2023,"Industrial Development Board of Grainger County, Tennessee",,,,,No Debt,False,2023
2023,Industrial Development Board of Grundy County,,,,,No Debt,False,2023
2023,Industrial Development Board of Hamilton County,Tennessee Aquarium - Series 2020A & Series 2020B,16000000.0,,Tennessee Aquarium,Conduit,True,2023
2023,"Industrial Development Board of Humphreys County, TN",,,,,No Debt,False,2023
2023,"Industrial Development Board of Jefferson County, Tennessee",,,,,No Debt,False,2023
2023,Industrial Development Board of Knox County,"Boys & Girls Club of the TN Valley, Series 2020, 1/31/2020",8792873.58,1475000.0,Boys & Girls Club,Conduit,True,2023
2023,Industrial Development Board of Knox County,"Knoxville Zoological Gardens, Inc., Series 2019, 8/23/2019",15000000.0,2457537.84,Zoo Knoxville,Conduit,True,2023
2023,Industrial Development Board of Knox County,"Tax Increment Revenue Note, Series 2011A, 9/30/2011",6000000.0,0.0,Northshore Town Center,Direct,True,2023
2023,Industrial Development Board of Knox County,"Tax Increment Revenue Note, Series 2011B, 9/30/2011",3000000.0,0.0,Northshore Town Center,Direct,True,2023
2023,Industrial Development Board of Knox County,"Tax Increment Revenue Note, Series 2019A, 11/12/2019",2000000.0,2000000.0,Grassy Creek,Direct,True,2023
2023,Industrial Development Board of Knox County,"Tax Increment Revenue Note, Series 2019B, 11/12/2019",500000.0,5500000.0,Grassy Creek,Direct,True,2023
2023,Industrial Development Board of Knox County,"Tax Increment Revenue Note, Series 2020, 12/22/2020",2507841.21,1878642.15,Northshore Town Center,Direct,True,2023
2023,Industrial Development Board of Knox County,"The Change Center, Series 2017, 7/31/2017",2300000.0,964778.36,The Change Center,Conduit,True,2023
2023,Industrial Development Board of Knox County,"Young Men's Christian Assoc. of ETN, Series 2019, 8/16/2019",5500000.0,3652611.98,YMCA of East TN,Conduit,True,2023
2023,"Industrial Development Board of Lake County, Tennessee",,,,,No Debt,False,2023
2023,"Industrial Development Board of Lauderdale County, Tennessee",,,,,No Debt,False,2023
2023,Industrial Development Board of Loudon County,,,,,No Debt,False,2023
2023,Industrial Development Board of Marion County,,,,,No Debt,False,2023
2023,Industrial Development Board of McMinn County,Armstrong Promissory Note - 2017,1695900.0,737100.0,Land acquisition for expansion of North Etowah Industrial Park,Direct,True,2023
2023,Industrial Development Board of McMinn County,Revenue Bond - 2012,5000000.0,1375000.0,Creative Foam Corporation Project Limited Obligation Revenue Bond,Conduit,True,2023
2023,Industrial Development Board of McMinn County,Revenue Refunding Bond - 2012,9383150.0,7334864.0,Tennessee Wesleyan College Educational Facilities Revenue Refunding Bonds,Conduit,True,2023
2023,Industrial Development Board of McMinn County,Tax Increment Financing Note - 2016,800000.0,800000.0,Madison Park Redevelopment,Conduit,True,2023
2023,Industrial Development Board of McMinnville-Warren County,Caney Fork Electric 2019,1670763.0,1129311.95,Building - Spec Bldg #4,Direct,True,2023
2023,Industrial Development Board of McMinnville-Warren County,Caney Fork Electric Coop 2014,2000000.0,196661.4,Building - DN Plastics,Direct,True,2023
2023,Industrial Development Board of McMinnville-Warren County,Caney Fork Electric Coop 2014,300000.0,27500.0,Building- DN Plastics,Direct,True,2023
2023,Industrial Development Board of McMinnville-Warren County,Housing Urban Bond 2009,3205000.0,2785000.0,Beersheba Tower Housing,Conduit,True,2023
2023,Industrial Development Board of McMinnville-Warren County,Nonrecourse Hunt Properties,875000.0,875000.0,Hotel Project,Conduit,True,2023
2023,Industrial Development Board of McMinnville-Warren County,TVA 2014,1200000.0,551800.18,Building - DN Plastics,Direct,True,2023
2023,Industrial Development Board of McMinnville-Warren County,TVA 2014,1870000.0,1026640.1,Building- Sansin,Direct,True,2023
2023,Industrial Development Board of Meigs County and the City of Decatur,,,,,No Debt,False,2023
2023,Industrial Development Board of Metropolitan Nashville and Davidson County,Adjustable Rate Industrial Development Revenue Bonds Series 1999,5000000.0,200000.0,"Steel Coils, Inc. Project",Conduit,True,2023
2023,Industrial Development Board of Metropolitan Nashville and Davidson County,Adjustable Rate Revenue Refunding Bonds Series 2005,4850000.0,0.0,Nashville Public Radio Project,Conduit,True,2023
2023,Industrial Development Board of Metropolitan Nashville and Davidson County,Bellevue Tax Increment Revenue Bonds,21935000.0,14644526.0,Bellevue Mall Project,Direct,True,2023
2023,Industrial Development Board of Metropolitan Nashville and Davidson County,Country Music Foundation 2010,23200000.0,13146671.0,Country Music Hall of Fame,Conduit,True,2023
2023,Industrial Development Board of Metropolitan Nashville and Davidson County,Country Music Foundation Project Series 2015B,9535000.0,1907000.0,Country Music Foundation,Conduit,True,2023
2023,Industrial Development Board of Metropolitan Nashville and Davidson County,Educational Facilities Revenue Bond Series 2010,6716460.0,3805994.0,Saint Paul Christian Academy,Conduit,True,2023
2023,Industrial Development Board of Metropolitan Nashville and Davidson County,Educational Facilities Revenue Bonds Series 2003B,7500000.0,0.0,David Lipscomb University Project,Conduit,True,2023
2023,Industrial Development Board of Metropolitan Nashville and Davidson County,Educational Facilities Revenue Bonds Series 2004,2900000.0,145000.0,St. Bernard Academy Project,Conduit,True,2023
2023,Industrial Development Board of Metropolitan Nashville and Davidson County,Educational Facilities Revenue Bonds Series 2007,1400000.0,280000.0,Watkins Institute Project,Conduit,True,2023
2023,Industrial Development Board of Metropolitan Nashville and Davidson County,Educational Facilities Revenue Bonds Series 2010,30000000.0,15600000.0,Montgomery Bell Academy Project,Conduit,True,2023
2023,Industrial Development Board of Metropolitan Nashville and Davidson County,Educational Facilities Revenue Refunding Bonds Series 2003,6500000.0,0.0,Trevecca Nazarene University Project,Conduit,True,2023
2023,Industrial Development Board of Metropolitan Nashville and Davidson County,Educational Facilities Revenue Refunding and Improvement Bonds Series 2002,8000000.0,0.0,University School of Nashville Project,Conduit,True,2023
2023,Industrial Development Board of Metropolitan Nashville and Davidson County,HCA Series 2012,100000000.0,63333337.0,HCA Personal Property,Conduit,True,2023
2023,Industrial Development Board of Metropolitan Nashville and Davidson County,HCA Series 2012,100000000.0,63333337.0,HCA Real Property,Conduit,True,2023
2023,Industrial Development Board of Metropolitan Nashville and Davidson County,Industrial Development Bond 2012,260000000.0,138666662.0,HCA West End Summit Project,Conduit,True,2023
2023,Industrial Development Board of Metropolitan Nashville and Davidson County,Industrial Development Revenue Bonds Series 2001,4000000.0,480000.0,"L & S, LLC Project",Conduit,True,2023
2023,Industrial Development Board of Metropolitan Nashville and Davidson County,Industrial Development Revenue Bonds Series 2014,225000000.0,146739130.0,Bridgestone Americas Project,Conduit,True,2023
2023,Industrial Development Board of Metropolitan Nashville and Davidson County,Industrial Development Revenue Note Series 2010A,280000000.0,112000000.0,Omni Nashville LLC Project,Conduit,True,2023
2023,Industrial Development Board of Metropolitan Nashville and Davidson County,Industrial Develpment Revenue Note Series 2010B,40000000.0,16000000.0,Omni Nashville LLC Project,Conduit,True,2023
2023,Industrial Development Board of Metropolitan Nashville and Davidson County,Life Point Series 2012,50000000.0,31666663.0,Life Point Project- Real Property,Conduit,True,2023
2023,Industrial Development Board of Metropolitan Nashville and Davidson County,Life Point Series 2012,30000000.0,19000000.0,Life Point Project-Personal Property,Conduit,True,2023
2023,Industrial Development Board of Metropolitan Nashville and Davidson County,Mortgage Revenue Bonds Series 1982,3303353.0,,FHA Insured Mortgage Loan - Margaret Robertson Garden Apartments Section 8 Assisted Project,Conduit,True,2023
2023,Industrial Development Board of Metropolitan Nashville and Davidson County,Mortgage Revenue Bonds Series 1983,9060000.0,0.0,FHA Insured Mortgage Loan - Beechwood Terrace Apartments Project,Conduit,True,2023
2023,Industrial Development Board of Metropolitan Nashville and Davidson County,Mortgage Revenue Bonds Series 1983,6838879.0,0.0,FHA Insured Mortgage Loan Graybrook Apartments Project,Conduit,True,2023
2023,Industrial Development Board of Metropolitan Nashville and Davidson County,Mortgage Revenue Bonds Series 1984,9995000.0,249875.0,FHA Insured Mortgage Loan - Belle Valley Apartments Project,Conduit,True,2023
2023,Industrial Development Board of Metropolitan Nashville and Davidson County,Mortgage Revenue Bonds Series 1985,6375194.0,318754.0,FHA Insured Mortgage Loan - Brookridge Apartments Project,Conduit,True,2023
2023,Industrial Development Board of Metropolitan Nashville and Davidson County,Mortgage Revenue Bonds Series 1985,8500000.0,425000.0,"FHA Insures Mortgage Loan - Picadilly Apartments, II Project",Conduit,True,2023
2023,Industrial Development Board of Metropolitan Nashville and Davidson County,Mortgage Revenue Bonds Series 1985,3761899.0,188113.0,FHA Insured Mortgage Loan - Pebble Creek Apts. Project,Conduit,True,2023
2023,Industrial Development Board of Metropolitan Nashville and Davidson County,Mortgage Revenue Bonds Series 1985,7151214.0,357574.0,FHA Insured Mortgage Loan - Western Hills Apartment Project,Conduit,True,2023
2023,Industrial Development Board of Metropolitan Nashville and Davidson County,Multi-Family Housing Revenue Bonds Series 1997,3425000.0,456658.0,"Nashville-Maplecrest, Inc. Project",Conduit,True,2023
2023,Industrial Development Board of Metropolitan Nashville and Davidson County,Multi-Family Housing Revenue Refunding Bonds Series 1998,6620000.0,1103325.0,St. Paul Retirement Center,Conduit,True,2023
2023,Industrial Development Board of Metropolitan Nashville and Davidson County,Multi-family Housing Revenue Bonds Series 1998,2270000.0,73048.0,"Nashville-Thompson Place, Inc. Project",Conduit,True,2023
2023,Industrial Development Board of Metropolitan Nashville and Davidson County,Multifamily Housing Revenue Bonds 1983,10129163.0,482323.0,"FHA Insured Mortgage Loan - The Hermitage ""A"" Apartments Project",Conduit,True,2023
2023,Industrial Development Board of Metropolitan Nashville and Davidson County,Multifamily Housing Revenue Bonds Series 1985,13250000.0,662500.0,Arbor Crest Project,Conduit,True,2023
2023,Industrial Development Board of Metropolitan Nashville and Davidson County,Multifamily Housing Revenue Bonds Series 1985,13400000.0,670000.0,Arbor Knoll Project,Conduit,True,2023
2023,Industrial Development Board of Metropolitan Nashville and Davidson County,Multifamily Housing Revenue Bonds Series 2008,9105000.0,5690625.0,Hickory Hollow Apartments Project,Conduit,True,2023
2023,Industrial Development Board of Metropolitan Nashville and Davidson County,Multifamily Housing Revenue Note Taxable Series 2018A,23275000.0,18375000.0,Preserve at Highland Ridge Project,Conduit,True,2023
2023,Industrial Development Board of Metropolitan Nashville and Davidson County,Multifamily Housing Revenue Refunding Bonds 1993 Series A,15500000.0,0.0,Arbors Projects,Conduit,True,2023
2023,Industrial Development Board of Metropolitan Nashville and Davidson County,Multifamily Housing Revenue Refunding Bonds Series 1994,23750000.0,791657.0,Ridgelake Apartments Project,Conduit,True,2023
2023,Industrial Development Board of Metropolitan Nashville and Davidson County,Multifamily Housing Revenue Refunding Bonds Series 1994,21000000.0,700000.0,Stewarts Ferry Apartments Project,Conduit,True,2023
2023,Industrial Development Board of Metropolitan Nashville and Davidson County,Multifamily Housing Revenue Refunding Bonds Series 1996A,2915000.0,291491.0,"River Retreat II, Ltd. Project",Conduit,True,2023
2023,Industrial Development Board of Metropolitan Nashville and Davidson County,Multifamily Housing Revenue Refunding Bonds Series 1996A,2205000.0,220500.0,Glastonbury Woods Ltd. Project,Conduit,True,2023
2023,Industrial Development Board of Metropolitan Nashville and Davidson County,Multifamily Housing Revenue Refunding Bonds Series 2000A,3300000.0,851604.0,GNMA Collateralized - Valley Forge Apartments Project,Conduit,True,2023
2023,Industrial Development Board of Metropolitan Nashville and Davidson County,Multifamily Housing Revenue Refunding Bonds Series 2002,14205000.0,4261500.0,Spinnaker Cove Apartments Project,Conduit,True,2023
2023,Industrial Development Board of Metropolitan Nashville and Davidson County,Multifamily Housing Revenue Refunding Bonds Series 2004,6645000.0,2436500.0,The Park at Hermitage Project,Conduit,True,2023
2023,Industrial Development Board of Metropolitan Nashville and Davidson County,Multifamily Housing Revenue Refunding Bonds Series 2006,8075000.0,3499161.0,Summit Apartments Project,Conduit,True,2023
2023,Industrial Development Board of Metropolitan Nashville and Davidson County,Multifamily Housing Revenue Refunding Note Series 2019A,6000000.0,5000000.0,Preserve at Highland Ridge Project,Conduit,True,2023
2023,Industrial Development Board of Metropolitan Nashville and Davidson County,Multifamily Housing Revenue Refunding Note Series 2021A,1750000.0,1640625.0,Preserve at Highland Ridge Project,Conduit,True,2023
2023,Industrial Development Board of Metropolitan Nashville and Davidson County,Multifamily Mortgage Revenue Refunding Bonds Series 2001A,8195000.0,2185326.0,GNMA Collateralized - Beechwood Terrace Apartments Project,Conduit,True,2023
2023,Industrial Development Board of Metropolitan Nashville and Davidson County,Multifamily Note 2021,43000000.0,38222222.0,Unknown,Conduit,True,2023
2023,Industrial Development Board of Metropolitan Nashville and Davidson County,Mutlifamily Housing Revenue Note Taxable Series 2018B,22149749.0,17486644.0,Preserve at Highland Ridge Project,Conduit,True,2023
2023,Industrial Development Board of Metropolitan Nashville and Davidson County,Operation Stand Down Series 2014,2375000.0,1306250.0,Operation Stand Down Project,Conduit,True,2023
2023,Industrial Development Board of Metropolitan Nashville and Davidson County,Revenue Bond 2010,3500000.0,1983329.0,"Derby Fabricating, LLC",Conduit,True,2023
2023,Industrial Development Board of Metropolitan Nashville and Davidson County,Revenue Bond Series 2010,2900000.0,1743115.0,"Goodwill Industries of Middle Tennesse, Inc. Project",Conduit,True,2023
2023,Industrial Development Board of Metropolitan Nashville and Davidson County,Revenue Bonds Series 1999,27000000.0,0.0,Country Music Hall of Fame and Museum Project,Conduit,True,2023
2023,Industrial Development Board of Metropolitan Nashville and Davidson County,Revenue Bonds Series 2002,6500000.0,,Second Harvest Food Bank Project,Conduit,True,2023
2023,Industrial Development Board of Metropolitan Nashville and Davidson County,Revenue Bonds Series 2008,3000000.0,1200000.0,STARS Nashville Project,Conduit,True,2023
2023,Industrial Development Board of Metropolitan Nashville and Davidson County,Revenue Bonds Series 2008,4000000.0,1600000.0,Oasis Center Project,Conduit,True,2023
2023,Industrial Development Board of Metropolitan Nashville and Davidson County,"Revenue Bonds, Series A 1984",6075000.0,759375.0,"Dixie Electrotype Company, Inc. Project",Conduit,True,2023
2023,Industrial Development Board of Metropolitan Nashville and Davidson County,Revenue Refunding Bond 2012,3400000.0,2153337.0,Nashville Public Radio,Conduit,True,2023
2023,Industrial Development Board of Metropolitan Nashville and Davidson County,Revenue Refunding Bond 2012,57000000.0,36100000.0,YMCA Projects,Conduit,True,2023
2023,Industrial Development Board of Metropolitan Nashville and Davidson County,Revenue Refunding Bond 2014 Series A,5000000.0,,Montgomery Bell Academy,Conduit,True,2023
2023,Industrial Development Board of Metropolitan Nashville and Davidson County,Revenue Refunding Bond 2014 Series B,10000000.0,,Montgomery Bell Academy,Conduit,True,2023
2023,Industrial Development Board of Metropolitan Nashville and Davidson County,Revenue Refunding Bond 2014 Series C,8328266.0,,Montgomery Bell Academy,Conduit,True,2023
2023,Industrial Development Board of Metropolitan Nashville and Davidson County,Revenue Refunding Bonds,30000000.0,14400000.0,Montgomery Bell Academy,Conduit,True,2023
2023,Industrial Development Board of Metropolitan Nashville and Davidson County,Revenue Refunding Bonds Series 2003,13265000.0,7516833.0,Unknown,Conduit,True,2023
2023,Industrial Development Board of Metropolitan Nashville and Davidson County,Revenue Refunding Bonds Series 2003,42340000.0,0.0,David Lipscomb University Project,Conduit,True,2023
2023,Industrial Development Board of Metropolitan Nashville and Davidson County,Senior Special Assessment Revenue Bonds Series 2021A,18845000.0,17588666.0,South Nashville Central Business Improvement District,Direct,True,2023
2023,Industrial Development Board of Metropolitan Nashville and Davidson County,Senior Special Assessment Revenue Capital Appreciation Revenue Bonds Series 2021B,12688561.0,11535055.0,South Nashville Central Business Improvement District,Direct,True,2023
2023,Industrial Development Board of Metropolitan Nashville and Davidson County,Subordinate Multifamily Housing Revenue Bonds (Preserve at Highland Ridge Project) 2018,1725000.0,1078125.0,Preserve at Highland Ridge Project,Conduit,True,2023
2023,Industrial Development Board of Metropolitan Nashville and Davidson County,Subordinated Special Assessment Capital Appreciation Revenue Bonds Series 2021C,11349400.0,10592774.0,South Nashville Central Business Improvement District,Direct,True,2023
2023,Industrial Development Board of Metropolitan Nashville and Davidson County,Tax-Exempt Adjustable Mode Exempt Facilities Revenue Bonds Series 2001,10000000.0,2666674.0,"Waste Management, Inc. of Tennessee Project",Conduit,True,2023
2023,Industrial Development Board of Metropolitan Nashville and Davidson County,Variable Rate Demand Multifamily Housing Revenue Bonds Series 2003,19985000.0,6661660.0,Stewarts Ferry Apartments Project,Conduit,True,2023
2023,Industrial Development Board of Metropolitan Nashville and Davidson County,Variable Rate Demand Multifamily Housing Revenue Refunding Bonds Series 2003,4750000.0,1583340.0,Hickory Trace Apartments,Conduit,True,2023
2023,Industrial Development Board of Metropolitan Nashville and Davidson County,Variable Rate Demand Multifamily Housing Revenue Refunding Bonds Series 2004,22554000.0,8269800.0,Ridgelake Apartments Project,Conduit,True,2023
2023,Industrial Development Board of Metropolitan Nashville and Davidson County,"Variable Rate Demand Multifamily Housing Revenue Refunding Bonds, Series A 1997",8540000.0,1138658.0,Crossings of Bellevue Apartments Project,Conduit,True,2023
2023,Industrial Development Board of Metropolitan Nashville and Davidson County,Variable Rate Demand Revenue Bonds Series 2005,14000000.0,3920000.0,Franklin Road Academy Project,Conduit,True,2023
2023,Industrial Development Board of Metropolitan Nashville and Davidson County,Variable Rate Demand Revenue Bonds Series 2006,4600000.0,1045453.0,Trevecca Nazarene University Project,Conduit,True,2023
2023,Industrial Development Board of Metropolitan Nashville and Davidson County,Variable Rate Demand Revenue Bonds Series 2006,23000000.0,5227265.0,Unknown,Conduit,True,2023
2023,Industrial Development Board of Metropolitan Nashville and Davidson County,Variable Rate Demand Revenue Bonds Series 2008,11160000.0,6975000.0,Lipscomb University Project,Conduit,True,2023
2023,Industrial Development Board of Metropolitan Nashville and Davidson County,Variable Rate Revenue Bonds Series 2003,5200000.0,0.0,Donelson Christian Academy Project,Conduit,True,2023
2023,Industrial Development Board of Metropolitan Nashville and Davidson County,Variable Rate Revenue Bonds Series 2004,102000000.0,26444440.0,Nashville Symphony Hall Project,Conduit,True,2023
2023,Industrial Development Board of Metropolitan Nashville and Davidson County,Variable Rate Revenue Bonds Series 2007,31440000.0,6288000.0,YMCA Projects,Conduit,True,2023
2023,Industrial Development Board of Metropolitan Nashville and Davidson County,Variable Rate Revenue Bonds Series A 2003,16500000.0,4753566.0,Nashville Symphony Hall Project,Conduit,True,2023
2023,Industrial Development Board of Metropolitan Nashville and Davidson County,Wonton Food Revenue Bonds,10000000.0,7333336.0,Wonton Food,Conduit,True,2023
2023,Industrial Development Board of Pickett County,,,,,No Debt,False,2023
2023,Industrial Development Board of Pigeon Forge,"Revenue Bonds, Series 2015",2000000.0,,PFWV Project - Retail Center,Conduit,True,2023
2023,"Industrial Development Board of Rhea County, Tennessee",,,,,No Debt,False,2023
2023,Industrial Development Board of Roane County,,,,,No Debt,False,2023
2023,Industrial Development Board of Robertson County,"Multifamily Housing Revenue Bonds, Series 2021",4850000.0,,Ridgewood Apartments,Conduit,True,2023
2023,Industrial Development Board of Rutherford County,Revenue Bond Series 2013,10000000.0,110015.87,Goodwill,Conduit,True,2023
2023,"Industrial Development Board of Scott County, Tennessee",Industrial Development Board of Scott County,571842.03,0.0,Airport Buildings,Direct,True,2023
2023,"Industrial Development Board of Scott County, Tennessee",Industrial Development Board of Scott County 2020,443084.28,,Airport Buildings,Direct,True,2023
2023,"Industrial Development Board of Scott County, Tennessee","J&M Grading Division , LLC 2015",1400000.0,1036237.65,J& M Grading,Conduit,True,2023
2023,"Industrial Development Board of Scott County, Tennessee",Thompson Medical Clinic 2020,1010000.0,979860.93,Medical Clinic,Conduit,True,2023
2023,Industrial Development Board of Smith County,,,,,No Debt,False,2023
2023,Industrial Development Board of Stewart County,,,,,No Debt,False,2023
2023,Industrial Development Board of Stewart-Houston Counties,2014 spec building,800000.0,248415.0,2014 Spec Building,Direct,True,2023
2023,Industrial Development Board of Stewart-Houston Counties,Interloan with Stewart Houston Industrial Park Board,1334821.0,1385721.0,Building loan,Direct,True,2023
2023,"Industrial Development Board of Unicoi County, Tennessee",Tax Increment Revenue Note (Series 2019),600000.0,600000.0,Erwin Gateway Development,Direct,True,2023
2023,"Industrial Development Board of Wayne County, Tennessee",,,,,No Debt,False,2023
2023,Industrial Development Board of Weakley County,TVA Loan-2007,738338.0,224764.96,Spec building-Martin TN,Direct,True,2023
2023,"Industrial Development Board of White County, Tennessee","IDB Revenue Bonds, Series 2009",3700000.0,,Project Taco Metals,Conduit,True,2023
2023,"Industrial Development Board of White County, Tennessee","Promissory Note, Series 2007",1400000.0,,Project HMMI,Conduit,True,2023
2023,Industrial Development Board of Williamson County,Ed Facilities Revenue Bond (Grace Christian Academy of Leipers Fork Project) Series 2021,15000000.0,14718102.09,Construction of new high school,Conduit,True,2023
2023,Industrial Development Board of Williamson County,"Industrial Development Board of Williamson County, Tennessee Educational Facilities Revenue Refunding Bond (Currey Ingram Academy Project) Series 2022A",985000.0,0.0,Currey Ingram Academy Project – refinancing of prior debt the proceeds of which were used to finance acquisition and construction of facilities on the Conduit Borrower’s campus.,Conduit,True,2023
2023,Industrial Development Board of Williamson County,"Industrial Development Board of Williamson County, Tennessee Educational Facilities Revenue Refunding Bond (Currey Ingram Academy Project) Series 2022B",2285716.0,1857144.0,"Refinancing of prior debt, the proceeds of which were used to construct a 32-student dormitory to begin a residential program",Conduit,True,2023
2023,Industrial Development Board of Williamson County,"Industrial Development Board of Williamson County, Tennessee Educational Facilities Revenue Refunding Bond (Currey Ingram Academy Project) Series 2022C",1751524.0,1751524.0,"Refinancing of prior debt, the proceeds of which were used to construct a 32-student dormitory to begin a residential program",Conduit,True,2023
2023,Industrial Development Board of Williamson County,"Industrial Development Revenue Note, Series A (Lampo Project); Issued on October 31, 2017",98000000.0,58877884.0,Construction of central business office,Conduit,True,2023
2023,Industrial Development Board of Williamson County,"Tennessee Industrial Development Revenue Bonds (Tractor Supply Project), Series 2012",78000000.0,75260394.99,"To develop, construct, and equip a new facility to be used as the Company's new headquarters.",Non-Debt,True,2023
2023,Industrial Development Board of Williamson County,"The Industrial Development Board of Williamson County, Tennessee Educational Facilities Revenue Note (St. Michael Academy Project) Series 2022B",40000000.0,40000000.0,St. Michael Academy - K-8 School,Conduit,True,2023
2023,Industrial Development Board of Williamson County,"The Industrial Development Board of Williamson County, Tennessee Educational Facilities Revenue Refunding Bonds (Brentwood Academy Project) Series 2009",7925000.0,1335000.0,"The Industrial Development Board of Williamson County, Tennessee Educational Facilities Revenue Refunding Bonds (Brentwood Academy Project) Series 2009 – Purpose: Refinance Series 2005 Bonds",Conduit,True,2023
2023,Industrial Development Board of Williamson County,"The Industrial Development Board of Williamson County, Tennessee, Educational Facilities Revenue Refunding Bonds (St. Matthew School Project) Series 2009",2050000.0,0.0,St. Matthews School Project. Refinanced prior debt the proceeds of which were used to acquisition and construction on the Conduit Borrower’s campus,Conduit,True,2023
2023,Industrial Development Board of Wilson County,Kenwal 2007,10000000.0,,"Kenwal Steel Tennessee, LLC",Conduit,True,2023
2023,Industrial Development Board of Wilson County,"Revenue Bond (Goodwill Industries of Middle TN, Inc. Project), Series 2023",5534000.0,,Goodwill Industries Store and Donation Center,Conduit,True,2023
2023,Industrial Development Board of Wilson County,,,,,No Debt,False,2023
2023,"Industrial Development Board of the City of Alamo, Tennessee",,,,,No Debt,False,2023
2023,"Industrial Development Board of the City of Alcoa, Tennessee",,,,,No Debt,False,2023
2023,Industrial Development Board of the City of Arlington,,,,,No Debt,False,2023
2023,"Industrial Development Board of the City of Bartlett, Tennessee",,,,,No Debt,False,2023
2023,"Industrial Development Board of the City of Berry Hill, Tennessee",,,,,No Debt,False,2023
2023,"Industrial Development Board of the City of Bolivar, Tennessee",,,,,No Debt,False,2023
2023,"Industrial Development Board of the City of Bradford, TN",,,,,No Debt,False,2023
2023,"Industrial Development Board of the City of Bristol, Tennessee",Revenue Bond (Johnson Pinnacle Project) Series 2013,1700000.0,1231969.0,Johnson Pinnacle Project (Revenue Supported Bonds),Conduit,True,2023
2023,"Industrial Development Board of the City of Bristol, Tennessee","State Sales Tax Revenue Bonds (The Pinnacle Project), Series 2016A, dated November 22, 2016",91085000.0,91085000.0,Pinnacle Project (State Sales Tax Revenue Supported Bonds),Direct,True,2023
2023,"Industrial Development Board of the City of Bristol, Tennessee","State Sales Tax Revenue Capital Appreciation Bonds (The Pinnacle Project), Series 2016B, dated November 22, 2016",29515400.2,21555642.0,Pinnacle Project (State Sales Tax Revenue Supported Bonds),Direct,True,2023
2023,"Industrial Development Board of the City of Bristol, Tennessee","Subordinate Tax Increment Revenue Bonds (Pinnacle Project), Series 2016B, dated November 30, 2016",3680000.0,2825000.0,Pinnacle Project (Property Tax Supported Bonds),Direct,True,2023
2023,"Industrial Development Board of the City of Bristol, Tennessee","Tax Increment Revenue Bonds (Pinnacle Project), Series 2016, dated November 30, 2016",30020000.0,27320000.0,Pinnacle Project (Property Tax Supported Bonds),Direct,True,2023
2023,"Industrial Development Board of the City of Brownsville and Haywood County, Tennessee",,,,,No Debt,False,2023
2023,"Industrial Development Board of the City of Chattanooga, Tennessee",139 Partners d/b/a Evergreen Real Estate - MLK Blvd Extension - Riverwalk - Pinnacle Bank 2018,3500000.0,2649307.0,Riverwalk,Conduit,True,2023
2023,"Industrial Development Board of the City of Chattanooga, Tennessee",2018A IDB Revenue Refunding 2007 Bonds,32235000.0,25524000.0,Refunding,Direct,True,2023
2023,"Industrial Development Board of the City of Chattanooga, Tennessee",2018C IDB Revenue Refunding 2010 Bonds Taxable,28200000.0,7110000.0,Refunding,Direct,True,2023
2023,"Industrial Development Board of the City of Chattanooga, Tennessee",Black Creek Mountain 2013,9089045.0,8782355.0,Black Creek,Conduit,True,2023
2023,"Industrial Development Board of the City of Chattanooga, Tennessee",Blue Cross Blue Shield 2023,200000000.0,200000000.0,Blue Cross Blue Shield,Conduit,True,2023
2023,"Industrial Development Board of the City of Chattanooga, Tennessee",East Chattanooga Rising (Nippon Paint Automotive Company) - Tubman Site 2020,4000000.0,3985232.0,Nippon Paint Auto Comp,Conduit,True,2023
2023,"Industrial Development Board of the City of Chattanooga, Tennessee",North Access Road Plan Area Tax Increment Revenue Note,9900000.0,9900000.0,North Commerce Center on North Access Road - public infrastructure costs including road improvements,Direct,True,2023
2023,"Industrial Development Board of the City of Chattanooga, Tennessee",YMCA 2020,6900000.0,1494651.0,YMCA,Conduit,True,2023
2023,Industrial Development Board of the City of Cleveland,,,,,No Debt,False,2023
2023,Industrial Development Board of the City of Collinwood,,,,,No Debt,False,2023
2023,"Industrial Development Board of the City of Columbia, Tennessee",,,,,No Debt,False,2023
2023,Industrial Development Board of the City of Cookeville,,,,,No Debt,False,2023
2023,Industrial Development Board of the City of Dayton,,,,,No Debt,False,2023
2023,Industrial Development Board of the City of Dresden,,,,,No Debt,False,2023
2023,Industrial Development Board of the City of Dunlap,Mountain Valley Bank 2020,160000.0,110510.6,5936 SR 28 Industrial Building,Direct,True,2023
2023,Industrial Development Board of the City of Dyer,,,,,No Debt,False,2023
2023,Industrial Development Board of the City of East Ridge,,,,,No Debt,False,2023
2023,"Industrial Development Board of the City of Elizabethton, Tennessee",,,,,No Debt,False,2023
2023,Industrial Development Board of the City of Franklin,,,,,No Debt,False,2023
2023,Industrial Development Board of the City of Friendship,,,,,No Debt,False,2023
2023,"Industrial Development Board of the City of Germantown, Tennessee",,,,,No Debt,False,2023
2023,Industrial Development Board of the City of Goodlettsville,,,,,No Debt,False,2023
2023,Industrial Development Board of the City of Greenfield,Loan for Industry - Hwy 45,292500.0,164303.72,Financing of New Facility - Hwy 45,Conduit,True,2023
2023,"Industrial Development Board of the City of Harriman, Tennessee",,,,,No Debt,False,2023
2023,Industrial Development Board of the City of Henderson,Arvin Sango Bonds,10000000.0,,Arvin Sango Building and Equipment,Conduit,True,2023
2023,Industrial Development Board of the City of Henderson,FHU Educational Facilities Bond 2016,7500000.0,5637219.0,Construction of Hope Barber Shull Academic Resource Center,Conduit,True,2023
2023,Industrial Development Board of the City of Hohenwald,BRS Offroad 2021,905000.0,804111.25,BRS Offroad,Direct,True,2023
2023,Industrial Development Board of the City of Hohenwald,"Real Estate - Forrest Ave, 2012",358915.0,207747.33,239 Forrest Ave. - Kanson Electronic,Direct,True,2023
2023,"Industrial Development Board of the City of Humboldt, Tennessee",,,,,No Debt,False,2023
2023,Industrial Development Board of the City of Jackson,BICC Capital Project 1991 (Issued 2001),9000000.0,1000000.0,Conduit Debt offering,Conduit,True,2023
2023,Industrial Development Board of the City of Jackson,Bobrick Washroom Equipment 2020,4500000.0,4500000.0,Bobrick Building Construction,Conduit,True,2023
2023,Industrial Development Board of the City of Jefferson City,APPLACHIAN ELECTRIC 2019,1140000.0,759999.84,JEFFERSON CITY INDUSTRIAL COMPLEX,Direct,True,2023
2023,Industrial Development Board of the City of Jefferson City,APPLACHIAN ELECTRIC-2 2019,285000.0,196773.15,JEFFESON CITY INDUSTRIAL COMPLEX,Direct,True,2023
2023,"Industrial Development Board of the City of Johnson City, Tennessee",Promissory Note 2022,5943525.0,,Roan Hill (affordable housing),Conduit,True,2023
2023,"Industrial Development Board of the City of Johnson City, Tennessee","Revenue Note, Series A 2017",2200000.0,,"LPI, Inc.",Conduit,True,2023
2023,Industrial Development Board of the City of Knoxville,The Industrial Development Board of the City of Knoxville,4250000.0,,Downtown Cinema,Conduit,True,2023
2023,"Industrial Development Board of the City of Knoxville for the Downtown Cinema, Inc.","The IDB of the City of Knoxville for the Downtown Cinema, Inc.",4250000.0,,Downtown Cinema,Direct,True,2023
2023,Industrial Development Board of the City of La Vergne,,,,,No Debt,False,2023
2023,"Industrial Development Board of the City of Lafayette, Tennessee",,,,,No Debt,False,2023
2023,"Industrial Development Board of the City of Lakeland, Tennessee",Lakeland Commons Amended and Restated TIF,9750000.0,9750000.0,"Loan for infrastructure costs related to a mixed use development at 4895 Seed Tick Road, Lakeland, TN and 9678 Highway 70, Lakeland, TN 38002.",Conduit,True,2023
2023,Industrial Development Board of the City of Lawrenceburg,"$3,000,000 Industrial Development Revenue Board (Booker Assets TN, Inc) Series 2019",3000000.0,2290210.29,Manufacturing/Distribution Facilities,Conduit,True,2023
2023,Industrial Development Board of the City of Lawrenceburg,TIF Note (Best Western Hotel Plus Project) Series 2021,1032300.0,948520.19,Construction Best Western Hotel Plus,Direct,True,2023
2023,"Industrial Development Board of the City of Lenoir City, Tennessee",,,,,No Debt,False,2023
2023,"Industrial Development Board of the City of Loretto, Tennessee","The Industrial Development Board of the City of Loretto, TN 2019",140000.0,56000.0,Purchase Industrial Property,Direct,True,2023
2023,"Industrial Development Board of the City of Loudon, Tennessee","Loudon Garden Multifamily Housing Bonds, 8/22/2022",5000000.0,,(Loudon Gardens Apartments Project),Conduit,True,2023
2023,"Industrial Development Board of the City of Loudon, Tennessee","Loudon Garden Multifamily Housing Bonds, Series 2022B",805000.0,,(Loudon Gardens Apartments Project),Conduit,True,2023
2023,Industrial Development Board of the City of Martin,,,,,No Debt,False,2023
2023,Industrial Development Board of the City of McKenzie,Building Purchase 2023,600000.0,591036.26,Purchase of 483 Airport Drive Building,Direct,True,2023
2023,Industrial Development Board of the City of McKenzie,Building Purchase 2023 #2,355585.16,355610.16,Downpayment of 483 Airport Drive Building,Direct,True,2023
2023,"Industrial Development Board of the City of Memphis and County of Shelby, TN",,,,,No Debt,False,2023
2023,Industrial Development Board of the City of Middleton,,,,,No Debt,False,2023
2023,"Industrial Development Board of the City of Milan, Tennessee",,,,,No Debt,False,2023
2023,Industrial Development Board of the City of Millington,FRC TIF Note 1 2022,3516320.0,3516320.0,TIF Loan for the Forked River Commons Project,Conduit,True,2023
2023,Industrial Development Board of the City of Millington,FRC TIF Note 2 2023,2404985.0,2404985.0,TIF Loan for the Forked River Commons Project,Conduit,True,2023
2023,Industrial Development Board of the City of Millington,Shoppes of Millington Farms 2017,3800000.0,3007125.53,TIF Loan for the Shoppes of Millington Farms Project,Conduit,True,2023
2023,"Industrial Development Board of the City of Morristown, Tennessee",Tax Increment Revenue Note 2010,1100000.0,497828.46,Barton Springs Development Project,Direct,True,2023
2023,"Industrial Development Board of the City of Morristown, Tennessee",Tax Increment Revenue Note 2013,2500000.0,1490220.0,Masengill Springs Development Project,Direct,True,2023
2023,"Industrial Development Board of the City of Morristown, Tennessee",Tax Increment Revenue Note 2014,3500000.0,1383883.2,The Downs at Wallace Farms Development Project,Direct,True,2023
2023,"Industrial Development Board of the City of Morristown, Tennessee",Tax Increment Revenue Note 2014,1725000.0,1174640.0,Popkin Town Center Development Project,Direct,True,2023
2023,"Industrial Development Board of the City of Morristown, Tennessee",Tax Increment Revenue Note 2015,4660000.0,1027693.56,Merchants Greene Development Project,Direct,True,2023
2023,"Industrial Development Board of the City of Morristown, Tennessee",Tax Increment Revenue Note 2015,1750000.0,765472.0,Cherokee Crossings Development Project,Direct,True,2023
2023,"Industrial Development Board of the City of Morristown, Tennessee",Tax Increment Revenue Note 2022,1000000.0,1000000.0,Bellwood Farms Development Project,Direct,True,2023
2023,"Industrial Development Board of the City of Morristown, Tennessee",Tax Increment Revenue Note 2022,2803000.0,2803000.0,Merchants Greene Development Project,Direct,True,2023
2023,Industrial Development Board of the City of Mount Pleasant,,,,,No Debt,False,2023
2023,Industrial Development Board of the City of Mt. Juliet,,,,,No Debt,False,2023
2023,"Industrial Development Board of the City of Newport and Cocke County, Tennessee",Industrial Revenue Bond (Industrial Park Project); 2020,1050000.0,1050000.0,Industrial Park Project,Direct,True,2023
2023,"Industrial Development Board of the City of Newport and Cocke County, Tennessee",Tax Increment Revenue Note (Sugar Cove Wastewater Project); 2017,223822.0,204396.0,Sugar Cove Wastewater Project,Direct,True,2023
2023,Industrial Development Board of the City of Oak Ridge,"Demand Bonds, Series 2010",27700000.0,16158000.0,Oak Ridge Associated Universities Project,Conduit,True,2023
2023,Industrial Development Board of the City of Oak Ridge,"Lease Revenue Bonds, Series 2005",154360000.0,84491999.93,Y-12 National Security Complex,Conduit,True,2023
2023,Industrial Development Board of the City of Oak Ridge,"Multifamily Housing Revenue Bond, Series 2019",11000000.0,11000000.0,Frank Callaghan Towers,Conduit,True,2023
2023,Industrial Development Board of the City of Oak Ridge,"Social Multifamily Tax-Exempt Mortgage Backed Bonds, Series 2022",10165000.0,10165000.0,McKenzie Acres Apartments,Conduit,True,2023
2023,Industrial Development Board of the City of Oak Ridge,"Tax Increment Revenue Note, Series 2016",13000000.0,12038962.0,Oak Ridge Mall Development,Direct,True,2023
2023,"Industrial Development Board of the City of Paris, Tennessee",Eurotranciatura 2020,998420.0,485374.03,Acquisition of Equipment for lease to Euro,Conduit,True,2023
2023,"Industrial Development Board of the City of Paris, Tennessee",Eurotranciatura East 2022-1,754000.0,623702.6,Acquisition of facility for lease to Euro,Conduit,True,2023
2023,"Industrial Development Board of the City of Paris, Tennessee",Eurotranciatura East Equipment 2022-2,146000.0,90873.24,Acquisition of equipment for lease to Euro,Conduit,True,2023
2023,"Industrial Development Board of the City of Parsons, Tennessee",,,,,No Debt,False,2023
2023,Industrial Development Board of the City of Pikeville,,,,,No Debt,False,2023
2023,"Industrial Development Board of the City of Portland, Tennessee",Kyowa America 2012,26500000.0,,Capital Investment,Conduit,True,2023
2023,"Industrial Development Board of the City of Portland, Tennessee",North American Stamping Group 2013,28000000.0,,Capital Investment,Conduit,True,2023
2023,"Industrial Development Board of the City of Portland, Tennessee",SIF Portland LLC & RB Distribution 2018,50000000.0,,Capital Investment,Conduit,True,2023
2023,"Industrial Development Board of the City of Portland, Tennessee",Shoals LLC & Shoals Technologies 2011,25500000.0,,Capital Investment,Conduit,True,2023
2023,"Industrial Development Board of the City of Portland, Tennessee",Stevison Ham Company 2017,7000000.0,,Capital Investment,Conduit,True,2023
2023,"Industrial Development Board of the City of Portland, Tennessee",Tractor Supply 2018,327000.0,,Capital Investment,Conduit,True,2023
2023,Industrial Development Board of the City of Pulaski and Giles County,Avenue at Giles (2015),775000.0,423391.71,Avenue at Giles Project 1,Conduit,True,2023
2023,Industrial Development Board of the City of Pulaski and Giles County,Avenue at Giles (2018),580000.0,474117.79,Avenue at Giles Project 2,Conduit,True,2023
2023,Industrial Development Board of the City of Pulaski and Giles County,Integrity Injection Mold (2022),1000000.0,866133.85,Integrity Injection Mold - TVA,Conduit,True,2023
2023,Industrial Development Board of the City of Pulaski and Giles County,Integrity Mold (2021),4800000.0,4570097.0,Integrity Mold -Expansion,Conduit,True,2023
2023,Industrial Development Board of the City of Pulaski and Giles County,PGI Investments (2016),962343.0,604067.0,PGI Purchase,Conduit,True,2023
2023,Industrial Development Board of the City of Pulaski and Giles County,PGI Investments (2017),1469418.0,650667.54,PGI Expansion (Bank portion),Conduit,True,2023
2023,Industrial Development Board of the City of Pulaski and Giles County,PGI Investments (2017),500000.0,200000.48,PGI Expansion - TVA Portion),Conduit,True,2023
2023,Industrial Development Board of the City of Pulaski and Giles County,PGI Investments (Lease/Purchase) 2015,3021000.0,1350881.44,PGI Lease/Purchase,Conduit,True,2023
2023,Industrial Development Board of the City of Pulaski and Giles County,Saargummi (2011),600000.0,220063.98,Saargummi Lease/Purchase,Conduit,True,2023
2023,Industrial Development Board of the City of Pulaski and Giles County,Twin City Fan (2015),5225000.0,3524986.0,TCF Purchase-Refinance,Conduit,True,2023
2023,Industrial Development Board of the City of Ridgely,,,,,No Debt,False,2023
2023,Industrial Development Board of the City of Ripley,"GO Lease Rental Rev Bonds, Series 2009",4830000.0,890000.0,Courthouse Square Revitalization,Conduit,True,2023
2023,Industrial Development Board of the City of Ripley,"Loan Agreement, Series 2012",1600000.0,936658.53,Quaprotek USA LP project,Conduit,True,2023
2023,Industrial Development Board of the City of Rockwood,,,,,No Debt,False,2023
2023,"Industrial Development Board of the City of Rutherford, Tennessee",,,,,No Debt,False,2023
2023,"Industrial Development Board of the City of Sevierville, Tennessee","Revenue Bonds, Series 2015",2025000.0,1097705.28,River Landing Infrastructure,Conduit,True,2023
2023,Industrial Development Board of the City of Shelbyville,,,,,No Debt,False,2023
2023,"Industrial Development Board of the City of Smithville, Tennessee",,,,,No Debt,False,2023
2023,"Industrial Development Board of the City of South Fulton, Tennessee, Inc.",WARREN SEED PROPERTY 12/19/2013,580000.0,,WARREN SEED,Conduit,True,2023
2023,"Industrial Development Board of the City of Spencer, Tennessee",,,,,No Debt,False,2023
2023,"Industrial Development Board of the City of Spring Hill, Tennessee",,,,,No Debt,False,2023
2023,"Industrial Development Board of the City of Springfield, Tennessee",,,,,No Debt,False,2023
2023,Industrial Development Board of the City of Sweetwater,,,,,No Debt,False,2023
2023,Industrial Development Board of the City of Tiptonville,,,,,No Debt,False,2023
2023,"Industrial Development Board of the City of Union City, Tennessee",Gopal 2018,1600000.0,1600000.0,Hampton INN,Conduit,True,2023
2023,"Industrial Development Board of the City of Union City, Tennessee",MIA -operating,400000.0,40000.0,Operation,Direct,True,2023
2023,"Industrial Development Board of the City of Union City, Tennessee",MIA-Note 1 Building,3250000.0,325000.0,Building,Conduit,True,2023
2023,"Industrial Development Board of the City of Union City, Tennessee",TIF-GAM,3500000.0,3138325.0,2 hotels and pavillion,Conduit,True,2023
2023,"Industrial Development Board of the City of Waynesboro, Tennessee",,,,,No Debt,False,2023
2023,Industrial Development Board of the City of Westmoreland,Building Loan,550000.0,238818.0,Purchase Building,Direct,True,2023
2023,Industrial Development Board of the City of Westmoreland,Improvements Loan-2017,97930.0,0.0,Improvements to Building,Direct,True,2023
2023,Industrial Development Board of the City of Westmoreland,Project Stitch Loan,119933.0,0.0,Improvements to Building,Direct,True,2023
2023,"Industrial Development Board of the City of White House, Tennessee",,,,,No Debt,False,2023
2023,"Industrial Development Board of the Counties of Cumberland, Morgan & Roane, TN",,,,,No Debt,False,2023
2023,Industrial Development Board of the County of Benton,,,,,No Debt,False,2023
2023,"Industrial Development Board of the County of Bradley and the City of Cleveland, Tennessee",Recovery Zone Facility Revenue Bonds Series 2010,41000000.0,41000000.0,Manufacturing Facility Upgrades,Conduit,True,2023
2023,"Industrial Development Board of the County of Bradley and the City of Cleveland, Tennessee",Revenue Bond (Maytag Project) Series 2010,225000000.0,225000000.0,Manufacturing Facilities,Conduit,True,2023
2023,"Industrial Development Board of the County of Bradley and the City of Cleveland, Tennessee","Revenue Bond, Series A (Bayer Healthcare LLC 2018 Project)",20000000.0,20000000.0,Admin Building-Manufacturing,Conduit,True,2023
2023,"Industrial Development Board of the County of Bradley and the City of Cleveland, Tennessee","Revenue Bond, Series B (Bayer Healthcare LLC 2018 Project)",5000000.0,5000000.0,Admin Building-Manufacturing,Conduit,True,2023
2023,Industrial Development Board of the County of Carroll,,,,,No Debt,False,2023
2023,"Industrial Development Board of the County of Decatur, Tennessee",,,,,No Debt,False,2023
2023,Industrial Development Board of the County of Dickson,,,,,No Debt,False,2023
2023,"Industrial Development Board of the County of Hardeman, Tennessee",,,,,No Debt,False,2023
2023,Industrial Development Board of the County of Hickman,,,,,No Debt,False,2023
2023,Industrial Development Board of the County of Jackson,,,,,No Debt,False,2023
2023,"Industrial Development Board of the County of Johnson County, Tennessee",,,,,No Debt,False,2023
2023,Industrial Development Board of the County of Sequatchie,,,,,No Debt,False,2023
2023,"Industrial Development Board of the County of Sevier, Tennessee",,,,,No Debt,False,2023
2023,Industrial Development Board of the County of Sullivan,,,,,No Debt,False,2023
2023,Industrial Development Board of the County of Sumner,,,,,No Debt,False,2023
2023,Industrial Development Board of the County of Tipton,,,,,No Debt,False,2023
2023,"Industrial Development Board of the County of Union, Tennessee",,,,,No Debt,False,2023
2023,"Industrial Development Board of the County of Washington, Tennessee",,,,,No Debt,False,2023
2023,"Industrial Development Board of the Town of Ardmore, Tennessee",,,,,No Debt,False,2023
2023,Industrial Development Board of the Town of Centerville,,,,,No Debt,False,2023
2023,"Industrial Development Board of the Town of Collierville, Tennessee",,,,,No Debt,False,2023
2023,"Industrial Development Board of the Town of Cornersville, Tennessee",,,,,No Debt,False,2023
2023,"Industrial Development Board of the Town of Covington, Tennessee",Charms 1992 Bonds - 1992,7500000.0,7500000.0,Industrial expansion,Conduit,True,2023
2023,"Industrial Development Board of the Town of Covington, Tennessee",US Cold Storage - Series 2014,49500000.0,11206961.0,Industrial expansion,Conduit,True,2023
2023,"Industrial Development Board of the Town of Covington, Tennessee","Unilever, Series 2014-1",30342242.0,10032670.0,Industrial expansion,Conduit,True,2023
2023,"Industrial Development Board of the Town of Dover, Tennessee",,,,,No Debt,False,2023
2023,"Industrial Development Board of the Town of Greeneville and Greene County, Tennessee",Tax Increment Revenue Note (Series 2019),200000.0,135173.0,Town Crossing Development Area,Direct,True,2023
2023,"Industrial Development Board of the Town of Greeneville and Greene County, Tennessee",Tax Increment Revenue Note (Series 2020),200000.0,169610.0,2645 E. Andrew Johnson Highway,Direct,True,2023
2023,"Industrial Development Board of the Town of Greeneville and Greene County, Tennessee",Tax Increment Revenue Note (Series 2021),300000.0,285104.0,1055 W. Andrew Johnson Highway,Direct,True,2023
2023,Industrial Development Board of the Town of Halls,,,,,No Debt,False,2023
2023,Industrial Development Board of the Town of Huntingdon,"Capital Outlay Notes, Series 2013",522633.0,402839.03,Hockey Rink,Direct,True,2023
2023,Industrial Development Board of the Town of Huntingdon,"Capital Outlay Notes, Series 2020",2005547.0,1833511.36,Dynamix Facility,Direct,True,2023
2023,"Industrial Development Board of the Town of Newbern, Tennessee",,,,,No Debt,False,2023
2023,Industrial Development Board of the Town of Obion,,,,,No Debt,False,2023
2023,"Industrial Development Board of the Town of Oneida, Tennessee",,,,,No Debt,False,2023
2023,Industrial Development Board of the Town of Smyrna,,,,,No Debt,False,2023
2023,"Industrial Development Board of the Town of Sparta, Tennessee",,,,,No Debt,False,2023
2023,"Industrial Development Board of the Town of Trezevant, Tennessee",,,,,No Debt,False,2023
2023,Industrial Development Board of the Town of White Pine,,,,,No Debt,False,2023
2023,Joint Industrial Development Board of Celina and Clay County,JIDB of Celina & Clay County 2016,215000.0,192744.07,Purchase 1200 Mitchell St Property,Direct,True,2023
2023,Kingsport Industrial Development Board,2009 - Multifamily Housing Revenue Bond,11050000.0,11050000.0,Model City Apartment Project,Conduit,True,2023
2023,Kingsport Industrial Development Board,2013 - General Shale Loan,4000000.0,3288731.0,General Shale Loan,Direct,True,2023
2023,Kingsport Industrial Development Board,2019 - Miracle Field Loan,1800000.0,608000.0,Miracle Field Loan,Direct,True,2023
2023,Kingsport Industrial Development Board,2020 - Anita's Foods Loan,6640000.0,6118647.0,Anita's Foods Loan,Direct,True,2023
2023,Kingsport Industrial Development Board,2020 - Multifamily Housing Revenue Bond,8500000.0,8500000.0,Kingsport West,Conduit,True,2023
2023,Lewisburg Industrial Development Board,Revenue Bonds Series 2003,25000000.0,25000000.0,Solid Waste Disposal,Conduit,True,2023
2023,Lewisburg Industrial Development Board,Revenue Refunding Bonds Series 2012,18000000.0,18000000.0,Solid Waste Disposal,Conduit,True,2023
2023,Lexington Industrial Development Board,"Promissory Note First Bank, 2010",950000.0,589975.18,"Industrial Bldg, Industrial Dr.",Direct,True,2023
2023,Memphis Center City Revenue Finance Corporation,"Qualified Energy Conservation Bonds, 2015A",8316000.0,1663200.0,Crosstown Concourse,Conduit,True,2023
2023,Memphis Center City Revenue Finance Corporation,"Qualified Energy Conservation Bonds, 2015B",2015300.0,201530.0,Self Tucker Headquarters,Conduit,True,2023
2023,Memphis Center City Revenue Finance Corporation,"Qualified Energy Conservation Bonds, 2015C",340700.0,34070.0,Knowledge Quest Headquarters,Conduit,True,2023
2023,Memphis Center City Revenue Finance Corporation,Series 2021 Direct Note Obligation DMA Projects,19750000.0,19750000.0,Mobility Projects,Direct,True,2023
2023,Memphis Center City Revenue Finance Corporation,Series 2021 Direct Note Obligation DMA Projects,20250000.0,20250000.0,Mobility Projects,Direct,True,2023
2023,Memphis Center City Revenue Finance Corporation,Sports Facility Revenue Bonds (Stadium Project) 2014A,17925000.0,9920000.0,AutoZone Park,Direct,True,2023
2023,Memphis Center City Revenue Finance Corporation,Sports Facility Revenue Bonds (Stadium Project) 2014B,5720000.0,2355000.0,AutoZone Park,Direct,True,2023
2023,Memphis Center City Revenue Finance Corporation,Tax-Exempt Revenue Bonds,11000000.0,9629276.0,Crosstown Arts Theatre Project Series (2016),Conduit,True,2023
2023,Monroe County Industrial Development Bond Board,,,,,No Debt,False,2023
2023,"Morgan County Economic Development Board, Inc.",Commercial Promissory Note 2021,1000000.0,787602.0,Industrial Building,Direct,True,2023
2023,"Morgan County Economic Development Board, Inc.",Sales Tax Increment Revenue Note 2022,2700000.0,2700000.0,Brushy Mountain Project,Direct,True,2023
2023,Phipps Bend Joint Venture,,,,,No Debt,False,2023
2023,Piperton Industrial Development Board,,,,,No Debt,False,2023
2023,Savannah Industrial Development Corporation,,,,,No Debt,False,2023
2023,Selmer-McNairy County Industrial Development Board,CENTRAL BANK NOTE PAYABLE 2020,1148312.45,898856.0,MONOGRAM EXPANSION,Direct,True,2023
2023,Selmer-McNairy County Industrial Development Board,HOME BANKING CO 2014,1756242.0,0.0,UNITED STAINLESS EXPANSION,Direct,True,2023
2023,Selmer-McNairy County Industrial Development Board,PICKWICK ELECTRIC COOP NOTE PAYABLE 2014,1000000.0,16588.0,MONOGRAM EXPANSION,Direct,True,2023
2023,Selmer-McNairy County Industrial Development Board,"TVA NOTE PAYABLE, SERIES 2019",2000000.0,1728348.0,MONOGRAM EXPANSION,Direct,True,2023
2023,"The Fayette County Industrial Development Board of Fayette County, Tennessee","Revenue Bond, Series 2014 (Fayette Academy Project)",3350000.0,1677317.0,Fayette Academy Project - 501(c)(3) conduit issuance,Conduit,True,2023
2023,"The Industrial Development Board of Maury County, Tennessee",Industrial Revenue Bond Series 2018,4000000.0,2385000.0,Innovation Park Project,Direct,True,2023
2023,"The Industrial Development Board of Maury County, Tennessee",UST TIF Note 2/26/15,5800000.0,1225452.94,UST Inc TIFF Landmark Tile Mt. Pleasant TN at First Farmers,Conduit,True,2023
2023,The Industrial Development Board of the County of Montgomery,"AtlasBX America Corp., Series A-2018",150000000.0,,AtlasBX Manufacturing Facilities,Conduit,True,2023
2023,The Industrial Development Board of the County of Montgomery,"Bridgestone Metalpha, Series A-2012",30000000.0,0.0,Bridgestone Metalpha Manufacturing Expansion,Conduit,True,2023
2023,The Industrial Development Board of the County of Montgomery,"Bridgestone Metalpha, Series B-2012",55000000.0,,Bridgestone Metalpha Manufacturing Expansion,Conduit,True,2023
2023,The Industrial Development Board of the County of Montgomery,"Hankook Tire, Series A-2014",30000000.0,,Hankook Tire Manufacturing Plant Development,Conduit,True,2023
2023,The Industrial Development Board of the County of Montgomery,"Hankook Tire, Series A-2015",150000000.0,,Hankook Tire Manufacturing Plant Development,Conduit,True,2023
2023,The Industrial Development Board of the County of Montgomery,"Hankook Tire, Series A-2016",80000000.0,,Hankook Tire Manufacturing Plant Development,Conduit,True,2023
2023,The Industrial Development Board of the County of Montgomery,"Industrial Revenue Note (Industrial Park Project), Series 2021",18500000.0,18500000.0,420 Acre East Industrial Park,Direct,True,2023
2023,The Industrial Development Board of the County of Montgomery,"Multifamily Note (Ramblewood Apartments Project), Series 2022",12280000.0,,Ramblewood Apartments Project,Conduit,True,2023
2023,The Industrial Development Board of the County of Montgomery,Office Complex Note Payable - 2020,3675596.0,4028459.0,Office Complex Development at Dunlop Lane,Direct,True,2023
2023,The Industrial Development Board of the County of Montgomery,"Shiloh Project, Series A-2014",5000000.0,,Shiloh Project Expansion,Conduit,True,2023
2023,Tullahoma Industrial Development Board,,,,,No Debt,False,2023
2023,"Tusculum-Greeneville-Greene County, Tennessee Industrial Development Board",,,,,No Debt,False,2023
2023,Van Buren Industrial Development Board,,,,,No Debt,False,2023
2023,Winfield Industrial Development Board,,,,,No Debt,False,2023
